subject,usage,dosage,genotype,cdr3_usage
110040277,0,0,0,0
110040811,0,0,0,0
110040975,0,0,0,0
110042713,0.00107338017174083,0,0,0
110042813,0,0,0,0
110042935,0.0224459481762667,1,1,0.000990262419541179
110044155,0,0,0,0
110044355,0.0192942229181813,1,1,0.000279626419104077
110044782,0.0208872777490074,1,1,0.000517866390471258
110044978,0,0,0,0
110046337,0.0159264931087289,1,1,0.000459418070444104
110046617,0.0142369020501139,1,1,0.000854214123006834
222693519,0,0,0,0
888262983,0,0,0,0
888286853,0,0,0,0
888287118,0,0,0,0
888333863,0.0298695835086243,2,2,0.00112186229140373
888436895,0.032098395080246,1,1,0.000899955002249888
888508776,0.0150517403574788,1,1,0.000188146754468485
888559379,0,0,0,0
888624327,0.03810888252149,2,2,0.000859598853868195
888634432,0.0343076923076923,2,2,0.00107692307692308
888640612,0,0,0,0
888646440,0,0,0,0
888703260,0,0,0,0
888760853,0.0246216768916155,1,1,0.00049079754601227
888777004,0,0,0,0
888816126,0,0,0,0
888927334,0.0177278925836568,1,1,0.000944088954159236
888956204,0,0,0,0
888976935,0,0,0,0
888997753,0.0175354884886079,1,1,0.000357867112012406
889018176,0.0350789899241199,2,2,0.00149272297549446
CE0005604,0,0,0,0
CE0005779,0,0,0,0
CE0005786,0,0,0,0
CE0005802,0,0,0,0
CE0005876,0,0,0,0
CE0005988,0.0213060800277152,1,1,0.000866100814134765
CE0006103,0,0,0,0
CE0006371,0,0,0,0
CE0006394,0,0,0,0
CE0006435,0,0,0,0
CE0006481,0,0,0,0
CE0006524,0.0241792600312663,1,1,0.000521104742053153
CE0006547,0,0,0,0
CE0006623,0.0172344889599361,1,1,0.000399640323708662
CE0006705,0.0174471992653811,1,1,0.000459136822773186
CE0006781,0,0,0,0
CE0006943,0,0,0,0
CE0007007,0.0201981707317073,1,1,0.00076219512195122
CE0007070,0,0,0,0
CE0007129,0,0,0,0
CE0007408,0,1,1,0
CE0007814,0,0,0,0
CE0007821,0,0,0,0
CE0007855,0.0264758803872847,1,1,0.000385571073601234
CE0007865,0,0,0,0
CE0007908,0,0,0,0
CE0007925,0.0207623860265846,1,1,0.000768977260243876
CE0008202,0.0277264325323475,1,1,0.000924214417744917
CE0008484,0,0,0,0
CE0008542,0,0,0,0
CE0008593,0.0188210227272727,1,1,0.000887784090909091
CE0008682,0.0246853823814134,1,1,0.000806711842529848
CE0008817,0,0,0,0
CE0008924,0,0,0,0
CE0009275,0,0,0,0
CE0009991,0,0,0,0
RG1200,0,0,0,0
RG1234,0,0,0,0
RG1265,0,0,0,0
RG1367,0.00100767382373459,0,0,0
RG1443,0.00249735129408203,0,0,0
RG1578,0.0230380812118662,1,1,0.000631180307174416
RG1791,0,0,0,0
RG1802,0.0184568835098336,1,1,0.000453857791225416
RG1822,0,0,0,0
RG1849,0,0,0,0
RG1889,0,0,0,0
RG1895,0,0,0,0
RG1936,0.0195620762476381,1,1,0.000666888962987663
RG2037,0,0,0,0
RG2105,0,0,0,0
RG2118,0.0217947659539338,1,1,0.000660447453149509
RG2155,0,0,0,0
RG2195,0.033452807646356,2,2,0.000853387950162144
RG2207,0,0,0,0
RG2251,0.0371918696843016,2,2,0.000720772668300418
RG2284,0.0189856957087126,1,1,0.0011703511053316
RG2350,0.0234723314975085,1,1,0.000524521374246001
RG2459,0.0109312718927407,1,1,0.000301968836816041
RG2512,0,0,0,0
RG2617,0.000952562392836731,0,0,0
RG2685,0,0,0,0
RG3105,0,0,0,0
RG3355,0.0208015531826376,1,1,0.000693385106087921
RG3444,0.0186857676736219,1,1,0.00077857365306758
RG3556,0,0,0,0
RG3578,0,0,0,0
RG3783,0,0,0,0
RG3956,0,0,0,0
RG3987,0.000777967947720554,0,0,0
RG4094,0.0313588850174216,2,2,0.000871080139372822
RG4543,0.0152671755725191,1,1,0.00054525627044711
SCT2601343,0,0,0,0
SCT2794524,0.019568213137345,1,1,0.000734956361966008
SCT4168329,0,0,0,0
SCT6338383,0.0234256160632796,1,1,0.000912686340127776
SCT8789722,0.0126984126984127,1,1,0.000746965452847806
SCT8995047,0,0,0,0
SCT9160998,0,1,1,0
