gene_type,rss_type,sequence,length,present,count_genomic,count_husa,count_imgt,HUSA,IMGT,above_zero
IGHV,IGHV,CACAAAGACACAGCCCAGGGCACCTCCTGTACAAAAACC,39,TRUE,170,4,2,TRUE,TRUE,TRUE
IGHV,IGHV,CACAATGAGGGGAGGTGAGTGTGAGCCCAGACACAAACC,39,TRUE,167,26,8,TRUE,TRUE,TRUE
IGHV,IGHV,CACAGAGACACAGCCCAGGATGCCTCCTGTACAAGAACC,39,TRUE,172,5,5,TRUE,TRUE,TRUE
IGHV,IGHV,CACAGAGACACAGCCCAGGGCGCCTCCTGTACAAGAACC,39,TRUE,171,14,12,TRUE,TRUE,TRUE
IGHV,IGHV,CACAGAGACACAGCCCAGGGCGCTTCCTGTACAAGAACC,39,FALSE,0,0,1,FALSE,TRUE,FALSE
IGHV,IGHV,CACAGAGACACAGTCCAGGGCGCCTCCTGTACAAGAACC,39,FALSE,0,0,1,FALSE,TRUE,FALSE
IGHV,IGHV,CACAGAGGGGAAGTCATTGTGCGCCCAGACACAAACCTC,39,FALSE,0,0,1,FALSE,TRUE,FALSE
IGHV,IGHV,CACAGCGAGGGGAGGTCAGTGTGAGCCCAGACACAAACC,39,TRUE,172,2,0,TRUE,FALSE,TRUE
IGHV,IGHV,CACAGCGAGGGGAGGTCAGTGTGAGCCCGGACACAAACC,39,TRUE,172,4,1,TRUE,TRUE,TRUE
IGHV,IGHV,CACAGTGAGAGAAACCAGCACTGAGCCCGTCTAAAACC,38,FALSE,0,0,3,FALSE,TRUE,FALSE
IGHV,IGHV,CACAGTGAGAGAAACCAGCACTGAGCCCGTCTAAAACCC,39,TRUE,91,5,0,TRUE,FALSE,TRUE
IGHV,IGHV,CACAGTGAGAGAAACCAGCCCCGAGCCCGTCTAAAACC,38,FALSE,0,0,3,FALSE,TRUE,FALSE
IGHV,IGHV,CACAGTGAGAGAAACCAGCCCCGAGCCCGTCTAAAACCC,39,TRUE,172,6,1,TRUE,TRUE,TRUE
IGHV,IGHV,CACAGTGAGGAGAAGTCAGTGAGAGCCCAGACAAAAACC,39,TRUE,94,10,4,TRUE,TRUE,TRUE
IGHV,IGHV,CACAGTGAGGAGAAGTTAATGTGGGACCATGCAGAAACC,39,TRUE,172,7,3,TRUE,TRUE,TRUE
IGHV,IGHV,CACAGTGAGGGAAGTCAATGTGAGCCCAGACACAAACC,38,FALSE,0,0,1,FALSE,TRUE,FALSE
IGHV,IGHV,CACAGTGAGGGAAGTCATTGTGAGCCCAGACACAAACC,38,FALSE,0,0,1,FALSE,TRUE,FALSE
IGHV,IGHV,CACAGTGAGGGGAAGCCAGTGAGAGCCCAGACACAAACG,39,TRUE,162,3,4,TRUE,TRUE,TRUE
IGHV,IGHV,CACAGTGAGGGGAAGCCAGTGAGAGCCCAGACACAAATG,39,TRUE,78,2,0,TRUE,FALSE,TRUE
IGHV,IGHV,CACAGTGAGGGGAAGTCAATGTGAGCCCAGACACAAACC,39,TRUE,172,3,1,TRUE,TRUE,TRUE
IGHV,IGHV,CACAGTGAGGGGAAGTCAGCGAGAGCCCAGACAAAAACC,39,TRUE,171,15,4,TRUE,TRUE,TRUE
IGHV,IGHV,CACAGTGAGGGGAAGTCAGTATGAGCCCAGACACAAACC,39,TRUE,164,6,6,TRUE,TRUE,TRUE
IGHV,IGHV,CACAGTGAGGGGAAGTCAGTGTGAGCCCAGACACAAACC,39,TRUE,172,31,14,TRUE,TRUE,TRUE
IGHV,IGHV,CACAGTGAGGGGAAGTCAGTGTGAGCCCAGACGCAAACC,39,TRUE,137,3,0,TRUE,FALSE,TRUE
IGHV,IGHV,CACAGTGAGGGGAAGTCATTGTGAGCCCAGACACAAACC,39,TRUE,172,7,3,TRUE,TRUE,TRUE
IGHV,IGHV,CACAGTGAGGGGAAGTCATTGTGCGCCCAGACACAAACC,39,TRUE,172,34,10,TRUE,TRUE,TRUE
IGHV,IGHV,CACAGTGAGGGGAGGCCATTGTGCGCCCAGACACAAACC,39,TRUE,172,9,6,TRUE,TRUE,TRUE
IGHV,IGHV,CACAGTGAGGGGAGGCGAGTGTGAGCCCAGACAAAAACC,39,TRUE,10,1,0,TRUE,FALSE,TRUE
IGHV,IGHV,CACAGTGAGGGGAGGCGAGTGTGAGCCCAGACACAAACC,39,TRUE,53,2,0,TRUE,FALSE,TRUE
IGHV,IGHV,CACAGTGAGGGGAGGTCAATGTGAGCCCAGACACAAACC,39,TRUE,172,11,2,TRUE,TRUE,TRUE
IGHV,IGHV,CACAGTGAGGGGAGGTCACTGTGTGCCCAGACACAAACC,39,TRUE,6,4,0,TRUE,FALSE,TRUE
IGHV,IGHV,CACAGTGAGGGGAGGTCAGTGTGACACCAGACACAAACC,39,FALSE,0,0,1,FALSE,TRUE,FALSE
IGHV,IGHV,CACAGTGAGGGGAGGTCAGTGTGAGCCCAGACACAAACC,39,TRUE,172,27,6,TRUE,TRUE,TRUE
IGHV,IGHV,CACAGTGAGGGGAGGTCAGTGTGAGCCCGGACACAAACC,39,TRUE,171,14,4,TRUE,TRUE,TRUE
IGHV,IGHV,CACAGTGAGGGGAGGTCAGTGTGAGCCCGGACACAAACT,39,FALSE,0,0,1,FALSE,TRUE,FALSE
IGHV,IGHV,CACAGTGAGGGGAGGTCATTGTGCGCCCAGACACAAACC,39,TRUE,162,5,4,TRUE,TRUE,TRUE
IGHV,IGHV,CACAGTGAGGGGAGGTCATTGTGTGCCCAGACACAAACC,39,TRUE,65,2,2,TRUE,TRUE,TRUE
IGHV,IGHV,CACAGTGAGGGGAGGTGAGTGTGAGCCCAGACAAAAACC,39,TRUE,172,20,11,TRUE,TRUE,TRUE
IGHV,IGHV,CACAGTGAGGGGAGGTGAGTGTGAGCCCAGACACAAACC,39,TRUE,172,91,15,TRUE,TRUE,TRUE
IGHV,IGHV,CACAGTGAGGGGAGGTGAGTGTGAGGCCAGACAAAAACC,39,FALSE,0,0,1,FALSE,TRUE,FALSE
IGHV,IGHV,CACAGTGNGGGGAGGTCAATGTGAGCCCAGACACAGACC,39,FALSE,0,0,1,FALSE,TRUE,FALSE
IGHV,IGHV,CACAGTGTGAAAAACCACATCCTCAGAGAGTCAGAAACC,39,TRUE,141,4,1,TRUE,TRUE,TRUE
IGHV,IGHV,CACAGTGTGAAAACCCACATCCTGAGACCGTCAGAAACC,39,TRUE,172,5,3,TRUE,TRUE,TRUE
IGHV,IGHV,CACAGTGTGAAAACCCACATCCTGAGAGCGTCAGAAACC,39,TRUE,172,4,1,TRUE,TRUE,TRUE
IGHV,IGHV,CACAGTGTGAAAACCCACATCCTGAGAGTGTCAGAAACC,39,TRUE,172,39,14,TRUE,TRUE,TRUE
IGHV,IGHV,CACAGTGTGAAAACCCACATCCTGAGAGTGTCAGAAACG,39,TRUE,172,11,2,TRUE,TRUE,TRUE
IGHV,IGHV,CACAGTGTGAAAACCCACATCCTGAGAGTGTCAGAAAGC,39,FALSE,0,0,1,FALSE,TRUE,FALSE
IGHV,IGHV,CACAGTGTGAAAACCCACATCCTGAGGGTGTCAGAAACC,39,TRUE,170,5,7,TRUE,TRUE,TRUE
IGHV,IGHV,CACAGTGTGAAAACCCACATCCTGAGGGTTTCAGAAACC,39,TRUE,172,4,2,TRUE,TRUE,TRUE
IGHV,IGHV,CACAGTGTGAAAACCCACATGCTGAGAGTGTCAGAAACC,39,TRUE,95,3,1,TRUE,TRUE,TRUE
IGHV,IGHV,CACAGTGTGAGAAACCACATCCTCAGAGTGTCAGAAACC,39,TRUE,172,5,3,TRUE,TRUE,TRUE
IGHV,IGHV,CACAGTGTGAGAAACCACATCCTCAGATGTCAGAAACCC,39,FALSE,0,0,1,FALSE,TRUE,FALSE
IGHV,IGHV,CACAGTGTGGAAACCCACATCCTGAGAGTGTCAAAAACC,39,TRUE,138,3,2,TRUE,TRUE,TRUE
IGHV,IGHV,CACCATGTGGAAACCCACATCCTGAGAGTGTCAGAAATC,39,TRUE,168,1,2,TRUE,TRUE,TRUE
IGHV,IGHV,CACTGTGAGAGGACGGAAGTGTGAGCCCAGACACAAACC,39,TRUE,170,3,1,TRUE,TRUE,TRUE
IGHV,IGHV,CACTGTGAGAGGTCGGAAGTGTGAGCCCAGACACAAACC,39,TRUE,168,3,1,TRUE,TRUE,TRUE
IGHV,IGHV,CATCGTGATGGGAAGTCCACGTGGGCTCAGAGACAGACT,39,FALSE,0,0,2,FALSE,TRUE,FALSE
IGHV,IGHV,TCCTGTGAGGGGACACAAGTGCGAGCCCAGACACAAACC,39,TRUE,159,1,4,TRUE,TRUE,TRUE
