genotype,usage
0,0.3416931301216
0,0.254588582287176
0,0.29634077851018
0,0.308478817223247
0,0.298192074541345
0,0.275224396775883
0,0.348018489884752
0,0.275740343271411
0,0.370829067124467
0,0.277177865542641
0,0.338719134440057
0,0.38289904267155
0,0.217501268449945
0,0.267454505493218
0,0.274000539862285
0,0.308617767913153
0,0.267208618536277
0,0.160459506059285
1,0.300178988214102
1,0.469405100557859
1,0.396201263266469
1,0.3298411204709
1,0.402263718990817
1,0.464660361462767
1,0.495283705756924
1,0.390628889077721
1,0.398422877775398
1,0.330657661166235
1,0.430704380967407
1,0.381200230581795
1,0.430495255545855
1,0.441717680175297
1,0.456579658488647
1,0.382598313106676
1,0.432722980548409
1,0.3327346094417
2,0.504699344622923
2,0.501709158262057
2,0.431360655752402
2,0.541625517310152
2,0.549269937009012
2,0.52375242156531
2,0.574117345606478
2,0.507298282781554
2,0.478427353001132
2,0.559476811164992
2,0.5034873070716
2,0.604984556777457
2,0.5205849208824
2,0.569504154753099
2,0.554486636934178
2,0.504727247660383
2,0.610907738390639
2,0.568930468757279
