subject,n_v,dosage,genotype,n_cdr3,within_freq
110042713,11,0,0,0,0
110042935,136,1,1,6,0.0441176470588235
110044355,345,1,1,5,0.0144927536231884
110044782,363,1,1,9,0.0247933884297521
110046337,104,1,1,3,0.0288461538461538
110046617,100,1,1,6,0.06
888333863,213,2,2,8,0.0375586854460094
888436895,214,1,1,6,0.0280373831775701
888508776,80,1,1,1,0.0125
888624327,399,2,2,9,0.0225563909774436
888634432,223,2,2,7,0.031390134529148
888760853,301,1,1,6,0.0199335548172757
888927334,169,1,1,9,0.0532544378698225
888997753,147,1,1,3,0.0204081632653061
889018176,282,2,2,12,0.0425531914893617
CE0005988,123,1,1,5,0.040650406504065
CE0006524,232,1,1,5,0.021551724137931
CE0006623,345,1,1,8,0.0231884057971015
CE0006705,190,1,1,5,0.0263157894736842
CE0007007,106,1,1,4,0.0377358490566038
CE0007855,618,1,1,9,0.0145631067961165
CE0007925,189,1,1,7,0.037037037037037
CE0008202,150,1,1,5,0.0333333333333333
CE0008593,106,1,1,5,0.0471698113207547
CE0008682,153,1,1,5,0.0326797385620915
RG1367,13,0,0,0,0
RG1443,33,0,0,0,0
RG1578,219,1,1,6,0.0273972602739726
RG1802,122,1,1,3,0.0245901639344262
RG1936,176,1,1,6,0.0340909090909091
RG2118,264,1,1,8,0.0303030303030303
RG2195,196,2,2,5,0.0255102040816327
RG2251,258,2,2,5,0.0193798449612403
RG2284,146,1,1,9,0.0616438356164384
RG2350,179,1,1,4,0.0223463687150838
RG2459,181,1,1,5,0.0276243093922652
RG2617,5,0,0,0,0
RG3355,150,1,1,5,0.0333333333333333
RG3444,120,1,1,5,0.0416666666666667
RG3987,5,0,0,0,0
RG4094,288,2,2,8,0.0277777777777778
RG4543,112,1,1,4,0.0357142857142857
SCT2794524,213,1,1,8,0.0375586854460094
SCT6338383,154,1,1,6,0.038961038961039
SCT8789722,68,1,1,4,0.0588235294117647
