allele,gene_type,Baseline,DS3,DS1,DS2
IGHD1-CO5H*01,IGHD,TRUE,TRUE,TRUE,TRUE
IGHD1-CO5H*02,IGHD,FALSE,TRUE,FALSE,FALSE
IGHD1-CO5H*03,IGHD,TRUE,TRUE,TRUE,TRUE
IGHD1-CO5H*04,IGHD,TRUE,TRUE,TRUE,TRUE
IGHD1-CO5H*05,IGHD,FALSE,TRUE,FALSE,FALSE
IGHD1-CO5H*06,IGHD,FALSE,TRUE,FALSE,FALSE
IGHD1-CO5H*07,IGHD,TRUE,TRUE,TRUE,TRUE
IGHD1-RYEY*01,IGHD,TRUE,TRUE,TRUE,TRUE
IGHD2-3SVH*01,IGHD,TRUE,TRUE,TRUE,TRUE
IGHD2-3SVH*02,IGHD,FALSE,TRUE,FALSE,FALSE
IGHD2-3SVH*03,IGHD,FALSE,FALSE,TRUE,FALSE
IGHD2-3SVH*04,IGHD,FALSE,FALSE,FALSE,TRUE
IGHD2-3SVH*05,IGHD,FALSE,FALSE,TRUE,FALSE
IGHD2-3SVH*06,IGHD,FALSE,TRUE,TRUE,TRUE
IGHD2-3SVH*07,IGHD,TRUE,TRUE,TRUE,TRUE
IGHD2-FQMB*01,IGHD,TRUE,TRUE,TRUE,TRUE
IGHD2-FQMB*02,IGHD,TRUE,TRUE,TRUE,TRUE
IGHD2-GNCP*01,IGHD,TRUE,TRUE,TRUE,TRUE
IGHD2-GNCP*02,IGHD,TRUE,TRUE,TRUE,TRUE
IGHD2-Q36F*01,IGHD,TRUE,TRUE,TRUE,TRUE
IGHD2-YGYG*01,IGHD,FALSE,TRUE,FALSE,FALSE
IGHD3-52VS*01,IGHD,TRUE,TRUE,TRUE,TRUE
IGHD3-52VS*02,IGHD,FALSE,FALSE,TRUE,FALSE
IGHD3-52VS*03,IGHD,TRUE,TRUE,TRUE,TRUE
IGHD3-52VS*04,IGHD,FALSE,TRUE,TRUE,TRUE
IGHD3-CFR7*01,IGHD,TRUE,TRUE,TRUE,TRUE
IGHD3-CFR7*02,IGHD,FALSE,FALSE,TRUE,FALSE
IGHD3-CFR7*03,IGHD,TRUE,TRUE,TRUE,TRUE
IGHD3-CFR7*04,IGHD,FALSE,TRUE,FALSE,FALSE
IGHD3-CFR7*05,IGHD,FALSE,FALSE,TRUE,FALSE
IGHD3-KLOQ*01,IGHD,TRUE,TRUE,TRUE,TRUE
IGHD3-KLOQ*02,IGHD,TRUE,TRUE,TRUE,TRUE
IGHD3-LCJ3*01,IGHD,TRUE,TRUE,TRUE,TRUE
IGHD4-UO7X*01,IGHD,TRUE,TRUE,TRUE,TRUE
IGHD4-UO7X*02,IGHD,FALSE,TRUE,FALSE,FALSE
IGHD4-UO7X*03,IGHD,TRUE,TRUE,TRUE,TRUE
IGHD4-ZMEQ*01,IGHD,TRUE,TRUE,TRUE,TRUE
IGHD4-ZMEQ*02,IGHD,FALSE,TRUE,FALSE,FALSE
IGHD5-GBAS*01,IGHD,TRUE,TRUE,TRUE,TRUE
IGHD5-GBAS*02,IGHD,FALSE,TRUE,FALSE,FALSE
IGHD5-GBAS*03,IGHD,TRUE,TRUE,TRUE,TRUE
IGHD5-IAIB*01,IGHD,TRUE,TRUE,TRUE,TRUE
IGHD5-KDQK*01,IGHD,TRUE,TRUE,TRUE,TRUE
IGHD5-VZWE*01,IGHD,FALSE,TRUE,FALSE,FALSE
IGHD6-IZU4*01,IGHD,FALSE,FALSE,FALSE,TRUE
IGHD6-MLFK*01,IGHD,TRUE,TRUE,TRUE,TRUE
IGHD6-MLFK*02,IGHD,TRUE,TRUE,TRUE,TRUE
IGHD6-MLFK*03,IGHD,FALSE,TRUE,FALSE,FALSE
IGHD6-MLFK*04,IGHD,TRUE,TRUE,TRUE,TRUE
IGHD6-MLFK*05,IGHD,FALSE,TRUE,FALSE,FALSE
IGHD6-MLFK*06,IGHD,TRUE,TRUE,TRUE,TRUE
IGHD6-MLFK*07,IGHD,FALSE,TRUE,FALSE,FALSE
IGHD6-MLFK*08,IGHD,FALSE,TRUE,FALSE,FALSE
IGHD6-MLFK*09,IGHD,FALSE,FALSE,TRUE,FALSE
IGHD6-MLFK*10,IGHD,FALSE,FALSE,TRUE,FALSE
IGHD7-ZOID*01,IGHD,TRUE,TRUE,FALSE,TRUE
IGHJ1-GJL4*01,IGHJ,TRUE,TRUE,FALSE,FALSE
IGHJ2-INZU*01,IGHJ,TRUE,TRUE,TRUE,TRUE
IGHJ3-U4ID*01,IGHJ,TRUE,TRUE,TRUE,TRUE
IGHJ4-IOOB*01,IGHJ,TRUE,TRUE,TRUE,TRUE
IGHJ4-IOOB*02,IGHJ,FALSE,TRUE,FALSE,FALSE
IGHJ5-32GS*01,IGHJ,TRUE,TRUE,TRUE,TRUE
IGHJ6-DTHQ*01,IGHJ,TRUE,TRUE,TRUE,FALSE
IGHJ6-DTHQ*02,IGHJ,FALSE,TRUE,FALSE,FALSE
IGHJ6-DTHQ*03,IGHJ,TRUE,TRUE,TRUE,TRUE
IGHJ6-DTHQ*04,IGHJ,FALSE,TRUE,FALSE,FALSE
IGHV1-5HTI*01,IGHV,TRUE,TRUE,TRUE,TRUE
IGHV1-5HTI*02,IGHV,FALSE,FALSE,TRUE,FALSE
IGHV1-5HTI*03,IGHV,FALSE,FALSE,TRUE,FALSE
IGHV1-5HTI*04,IGHV,TRUE,TRUE,TRUE,TRUE
IGHV1-5HTI*05,IGHV,FALSE,TRUE,TRUE,TRUE
IGHV1-5HTI*06,IGHV,FALSE,FALSE,TRUE,TRUE
IGHV1-5HTI*07,IGHV,TRUE,FALSE,TRUE,TRUE
IGHV1-5HTI*08,IGHV,FALSE,FALSE,TRUE,FALSE
IGHV1-5HTI*09,IGHV,TRUE,TRUE,TRUE,TRUE
IGHV1-5HTI*10,IGHV,FALSE,TRUE,TRUE,TRUE
IGHV1-5HTI*11,IGHV,FALSE,TRUE,TRUE,FALSE
IGHV1-5HTI*12,IGHV,TRUE,FALSE,FALSE,FALSE
IGHV1-5HTI*13,IGHV,TRUE,TRUE,TRUE,TRUE
IGHV1-5HTI*14,IGHV,FALSE,TRUE,FALSE,FALSE
IGHV1-5HTI*15,IGHV,TRUE,TRUE,TRUE,TRUE
IGHV1-5HTI*16,IGHV,FALSE,FALSE,TRUE,TRUE
IGHV1-5HTI*17,IGHV,FALSE,FALSE,TRUE,FALSE
IGHV1-5HTI*18,IGHV,FALSE,FALSE,TRUE,FALSE
IGHV1-5HTI*19,IGHV,FALSE,FALSE,FALSE,TRUE
IGHV1-5HTI*20,IGHV,TRUE,TRUE,TRUE,TRUE
IGHV1-5HTI*21,IGHV,FALSE,FALSE,TRUE,FALSE
IGHV1-5HTI*22,IGHV,FALSE,TRUE,TRUE,TRUE
IGHV1-5HTI*23,IGHV,FALSE,TRUE,TRUE,TRUE
IGHV1-5HTI*24,IGHV,FALSE,FALSE,TRUE,FALSE
IGHV1-5HTI*25,IGHV,FALSE,TRUE,TRUE,FALSE
IGHV1-5HTI*26,IGHV,FALSE,FALSE,TRUE,FALSE
IGHV1-5HTI*27,IGHV,FALSE,FALSE,TRUE,FALSE
IGHV1-5HTI*28,IGHV,FALSE,FALSE,TRUE,TRUE
IGHV1-5HTI*29,IGHV,TRUE,FALSE,FALSE,FALSE
IGHV1-5HTI*30,IGHV,TRUE,TRUE,TRUE,TRUE
IGHV1-5HTI*31,IGHV,FALSE,FALSE,TRUE,FALSE
IGHV1-5HTI*32,IGHV,TRUE,TRUE,TRUE,TRUE
IGHV1-5HTI*33,IGHV,FALSE,FALSE,FALSE,TRUE
IGHV1-5HTI*34,IGHV,FALSE,TRUE,TRUE,FALSE
IGHV1-5HTI*35,IGHV,FALSE,FALSE,FALSE,TRUE
IGHV1-5HTI*36,IGHV,FALSE,TRUE,TRUE,TRUE
IGHV1-5HTI*37,IGHV,FALSE,TRUE,TRUE,FALSE
IGHV1-5HTI*38,IGHV,TRUE,TRUE,TRUE,TRUE
IGHV1-5HTI*39,IGHV,FALSE,TRUE,FALSE,FALSE
IGHV1-5HTI*40,IGHV,FALSE,TRUE,FALSE,FALSE
IGHV1-5HTI*41,IGHV,FALSE,TRUE,FALSE,FALSE
IGHV1-5HTI*42,IGHV,FALSE,FALSE,TRUE,FALSE
IGHV1-5HTI*43,IGHV,FALSE,FALSE,TRUE,FALSE
IGHV1-5HTI*44,IGHV,FALSE,FALSE,TRUE,FALSE
IGHV1-5HTI*45,IGHV,FALSE,TRUE,TRUE,TRUE
IGHV1-5HTI*46,IGHV,FALSE,FALSE,TRUE,FALSE
IGHV1-5HTI*47,IGHV,FALSE,FALSE,TRUE,FALSE
IGHV1-5HTI*48,IGHV,FALSE,TRUE,TRUE,FALSE
IGHV1-5HTI*49,IGHV,FALSE,FALSE,FALSE,TRUE
IGHV1-5HTI*50,IGHV,FALSE,FALSE,TRUE,FALSE
IGHV1-5HTI*51,IGHV,FALSE,FALSE,TRUE,FALSE
IGHV1-5HTI*52,IGHV,FALSE,TRUE,TRUE,FALSE
IGHV1-5HTI*53,IGHV,FALSE,FALSE,TRUE,FALSE
IGHV1-5HTI*54,IGHV,FALSE,TRUE,TRUE,FALSE
IGHV1-5HTI*55,IGHV,FALSE,FALSE,TRUE,FALSE
IGHV1-5HTI*56,IGHV,FALSE,FALSE,TRUE,FALSE
IGHV1-5HTI*57,IGHV,FALSE,FALSE,TRUE,TRUE
IGHV1-5HTI*58,IGHV,FALSE,FALSE,TRUE,FALSE
IGHV1-5HTI*59,IGHV,FALSE,FALSE,TRUE,FALSE
IGHV1-5HTI*60,IGHV,FALSE,FALSE,TRUE,FALSE
IGHV1-5HTI*61,IGHV,FALSE,FALSE,TRUE,FALSE
IGHV1-5HTI*62,IGHV,FALSE,FALSE,FALSE,TRUE
IGHV1-5HTI*63,IGHV,FALSE,FALSE,TRUE,FALSE
IGHV1-5HTI*64,IGHV,TRUE,TRUE,TRUE,TRUE
IGHV1-5HTI*65,IGHV,FALSE,FALSE,TRUE,FALSE
IGHV1-5HTI*66,IGHV,FALSE,FALSE,TRUE,FALSE
IGHV1-5HTI*67,IGHV,TRUE,FALSE,TRUE,TRUE
IGHV1-5HTI*68,IGHV,TRUE,TRUE,TRUE,TRUE
IGHV1-5HTI*69,IGHV,TRUE,TRUE,TRUE,TRUE
IGHV1-5HTI*70,IGHV,FALSE,FALSE,TRUE,FALSE
IGHV1-5HTI*71,IGHV,FALSE,FALSE,TRUE,TRUE
IGHV1-5HTI*72,IGHV,FALSE,FALSE,TRUE,FALSE
IGHV1-5HTI*73,IGHV,FALSE,TRUE,TRUE,TRUE
IGHV1-5HTI*74,IGHV,FALSE,TRUE,TRUE,FALSE
IGHV1-5HTI*75,IGHV,FALSE,FALSE,TRUE,FALSE
IGHV1-6QKX*01,IGHV,TRUE,FALSE,FALSE,FALSE
IGHV1-6QKX*02,IGHV,TRUE,TRUE,TRUE,TRUE
IGHV1-6QKX*03,IGHV,FALSE,TRUE,FALSE,FALSE
IGHV1-6QKX*04,IGHV,FALSE,TRUE,FALSE,FALSE
IGHV1-6QKX*05,IGHV,FALSE,TRUE,FALSE,FALSE
IGHV1-6QKX*06,IGHV,FALSE,FALSE,TRUE,FALSE
IGHV1-6QKX*07,IGHV,TRUE,TRUE,TRUE,TRUE
IGHV1-6QKX*08,IGHV,FALSE,FALSE,TRUE,TRUE
IGHV1-6QKX*09,IGHV,FALSE,FALSE,TRUE,FALSE
IGHV1-6QKX*10,IGHV,FALSE,TRUE,TRUE,TRUE
IGHV1-7CVC*01,IGHV,TRUE,TRUE,TRUE,TRUE
IGHV1-7CVC*02,IGHV,FALSE,TRUE,FALSE,FALSE
IGHV1-7CVC*03,IGHV,FALSE,TRUE,FALSE,FALSE
IGHV1-7CVC*04,IGHV,FALSE,TRUE,TRUE,TRUE
IGHV1-7CVC*05,IGHV,FALSE,TRUE,TRUE,FALSE
IGHV1-7CVC*06,IGHV,FALSE,FALSE,TRUE,FALSE
IGHV1-7EIU*01,IGHV,TRUE,TRUE,FALSE,FALSE
IGHV1-7EIU*02,IGHV,TRUE,FALSE,TRUE,FALSE
IGHV1-7EIU*03,IGHV,TRUE,TRUE,TRUE,TRUE
IGHV1-7EIU*04,IGHV,FALSE,TRUE,TRUE,TRUE
IGHV1-7EIU*05,IGHV,FALSE,TRUE,TRUE,TRUE
IGHV1-7EIU*06,IGHV,TRUE,TRUE,TRUE,TRUE
IGHV1-7EIU*07,IGHV,FALSE,FALSE,TRUE,FALSE
IGHV1-7EIU*08,IGHV,FALSE,FALSE,TRUE,FALSE
IGHV1-BEMW*01,IGHV,TRUE,TRUE,TRUE,TRUE
IGHV1-BEMW*02,IGHV,TRUE,TRUE,TRUE,TRUE
IGHV1-BEMW*03,IGHV,FALSE,TRUE,FALSE,FALSE
IGHV1-BEMW*04,IGHV,FALSE,TRUE,TRUE,FALSE
IGHV1-BEMW*05,IGHV,TRUE,TRUE,TRUE,TRUE
IGHV1-BEMW*06,IGHV,TRUE,FALSE,FALSE,FALSE
IGHV1-BEMW*07,IGHV,TRUE,TRUE,TRUE,TRUE
IGHV1-D5ET*01,IGHV,TRUE,TRUE,TRUE,TRUE
IGHV1-D5ET*02,IGHV,FALSE,FALSE,TRUE,FALSE
IGHV1-D5ET*03,IGHV,FALSE,FALSE,TRUE,FALSE
IGHV1-D5ET*04,IGHV,TRUE,TRUE,TRUE,TRUE
IGHV1-GASB*01,IGHV,TRUE,TRUE,FALSE,FALSE
IGHV1-GASB*02,IGHV,TRUE,TRUE,FALSE,FALSE
IGHV1-GASB*03,IGHV,TRUE,TRUE,FALSE,FALSE
IGHV1-GASB*04,IGHV,FALSE,TRUE,FALSE,FALSE
IGHV1-GASB*05,IGHV,FALSE,TRUE,FALSE,FALSE
IGHV1-IOYO*01,IGHV,TRUE,TRUE,TRUE,FALSE
IGHV1-IOYO*02,IGHV,TRUE,TRUE,TRUE,TRUE
IGHV1-IOYO*03,IGHV,FALSE,TRUE,TRUE,FALSE
IGHV1-IOYO*04,IGHV,FALSE,TRUE,TRUE,FALSE
IGHV1-IOYO*05,IGHV,TRUE,TRUE,TRUE,TRUE
IGHV1-IQ67*01,IGHV,TRUE,FALSE,FALSE,FALSE
IGHV1-IQ67*02,IGHV,TRUE,TRUE,TRUE,TRUE
IGHV1-IQ67*03,IGHV,TRUE,TRUE,TRUE,TRUE
IGHV1-IQ67*04,IGHV,FALSE,TRUE,FALSE,FALSE
IGHV1-IQ67*05,IGHV,FALSE,TRUE,TRUE,TRUE
IGHV1-IQ67*06,IGHV,FALSE,TRUE,FALSE,FALSE
IGHV1-IQ67*07,IGHV,FALSE,FALSE,TRUE,FALSE
IGHV1-PBWN*01,IGHV,TRUE,TRUE,TRUE,TRUE
IGHV1-PBWN*02,IGHV,FALSE,TRUE,TRUE,TRUE
IGHV1-PBWN*03,IGHV,FALSE,TRUE,TRUE,TRUE
IGHV1-PBWN*04,IGHV,FALSE,FALSE,TRUE,FALSE
IGHV1-PBWN*05,IGHV,FALSE,FALSE,TRUE,FALSE
IGHV1-PBWN*06,IGHV,FALSE,FALSE,TRUE,FALSE
IGHV1-UT6N*01,IGHV,TRUE,FALSE,FALSE,FALSE
IGHV2-4BCH*01,IGHV,TRUE,TRUE,TRUE,TRUE
IGHV2-4BCH*02,IGHV,FALSE,FALSE,TRUE,FALSE
IGHV2-4BCH*03,IGHV,FALSE,FALSE,TRUE,FALSE
IGHV2-4BCH*04,IGHV,FALSE,FALSE,TRUE,FALSE
IGHV2-4BCH*05,IGHV,FALSE,FALSE,TRUE,FALSE
IGHV2-4BCH*06,IGHV,FALSE,FALSE,TRUE,FALSE
IGHV2-4BCH*07,IGHV,FALSE,FALSE,TRUE,FALSE
IGHV2-4BCH*08,IGHV,FALSE,FALSE,TRUE,FALSE
IGHV2-4BCH*09,IGHV,FALSE,TRUE,TRUE,TRUE
IGHV2-4BCH*10,IGHV,FALSE,TRUE,TRUE,TRUE
IGHV2-4BCH*100,IGHV,FALSE,FALSE,TRUE,FALSE
IGHV2-4BCH*101,IGHV,FALSE,FALSE,TRUE,FALSE
IGHV2-4BCH*102,IGHV,FALSE,FALSE,TRUE,FALSE
IGHV2-4BCH*103,IGHV,TRUE,TRUE,TRUE,FALSE
IGHV2-4BCH*104,IGHV,FALSE,FALSE,TRUE,FALSE
IGHV2-4BCH*105,IGHV,FALSE,FALSE,TRUE,FALSE
IGHV2-4BCH*106,IGHV,FALSE,FALSE,TRUE,FALSE
IGHV2-4BCH*107,IGHV,FALSE,FALSE,FALSE,TRUE
IGHV2-4BCH*108,IGHV,FALSE,FALSE,TRUE,FALSE
IGHV2-4BCH*109,IGHV,FALSE,FALSE,TRUE,FALSE
IGHV2-4BCH*11,IGHV,FALSE,FALSE,TRUE,FALSE
IGHV2-4BCH*12,IGHV,FALSE,FALSE,TRUE,FALSE
IGHV2-4BCH*13,IGHV,TRUE,TRUE,TRUE,TRUE
IGHV2-4BCH*14,IGHV,FALSE,FALSE,TRUE,FALSE
IGHV2-4BCH*15,IGHV,FALSE,TRUE,TRUE,FALSE
IGHV2-4BCH*16,IGHV,FALSE,FALSE,TRUE,FALSE
IGHV2-4BCH*17,IGHV,FALSE,FALSE,TRUE,FALSE
IGHV2-4BCH*18,IGHV,FALSE,FALSE,TRUE,FALSE
IGHV2-4BCH*19,IGHV,FALSE,FALSE,TRUE,FALSE
IGHV2-4BCH*20,IGHV,FALSE,FALSE,TRUE,FALSE
IGHV2-4BCH*21,IGHV,FALSE,FALSE,TRUE,FALSE
IGHV2-4BCH*22,IGHV,FALSE,FALSE,TRUE,FALSE
IGHV2-4BCH*23,IGHV,FALSE,FALSE,TRUE,FALSE
IGHV2-4BCH*24,IGHV,FALSE,FALSE,TRUE,FALSE
IGHV2-4BCH*25,IGHV,FALSE,TRUE,TRUE,TRUE
IGHV2-4BCH*26,IGHV,FALSE,FALSE,TRUE,FALSE
IGHV2-4BCH*27,IGHV,FALSE,FALSE,FALSE,TRUE
IGHV2-4BCH*28,IGHV,FALSE,FALSE,TRUE,FALSE
IGHV2-4BCH*29,IGHV,FALSE,FALSE,TRUE,FALSE
IGHV2-4BCH*30,IGHV,FALSE,FALSE,TRUE,FALSE
IGHV2-4BCH*31,IGHV,FALSE,FALSE,TRUE,FALSE
IGHV2-4BCH*32,IGHV,FALSE,FALSE,TRUE,FALSE
IGHV2-4BCH*33,IGHV,FALSE,FALSE,TRUE,FALSE
IGHV2-4BCH*34,IGHV,FALSE,FALSE,TRUE,FALSE
IGHV2-4BCH*35,IGHV,FALSE,FALSE,TRUE,FALSE
IGHV2-4BCH*36,IGHV,FALSE,FALSE,TRUE,FALSE
IGHV2-4BCH*37,IGHV,FALSE,FALSE,TRUE,FALSE
IGHV2-4BCH*38,IGHV,FALSE,FALSE,TRUE,FALSE
IGHV2-4BCH*39,IGHV,FALSE,FALSE,TRUE,FALSE
IGHV2-4BCH*40,IGHV,FALSE,FALSE,TRUE,FALSE
IGHV2-4BCH*41,IGHV,FALSE,FALSE,TRUE,FALSE
IGHV2-4BCH*42,IGHV,FALSE,FALSE,TRUE,FALSE
IGHV2-4BCH*43,IGHV,FALSE,FALSE,FALSE,TRUE
IGHV2-4BCH*44,IGHV,FALSE,FALSE,TRUE,FALSE
IGHV2-4BCH*45,IGHV,FALSE,FALSE,TRUE,FALSE
IGHV2-4BCH*46,IGHV,FALSE,FALSE,TRUE,FALSE
IGHV2-4BCH*47,IGHV,FALSE,FALSE,TRUE,FALSE
IGHV2-4BCH*48,IGHV,FALSE,FALSE,TRUE,FALSE
IGHV2-4BCH*49,IGHV,FALSE,FALSE,TRUE,FALSE
IGHV2-4BCH*50,IGHV,FALSE,FALSE,TRUE,FALSE
IGHV2-4BCH*51,IGHV,FALSE,FALSE,TRUE,FALSE
IGHV2-4BCH*52,IGHV,FALSE,FALSE,TRUE,FALSE
IGHV2-4BCH*53,IGHV,FALSE,FALSE,TRUE,FALSE
IGHV2-4BCH*54,IGHV,FALSE,FALSE,TRUE,FALSE
IGHV2-4BCH*55,IGHV,TRUE,TRUE,TRUE,FALSE
IGHV2-4BCH*56,IGHV,FALSE,FALSE,TRUE,FALSE
IGHV2-4BCH*57,IGHV,TRUE,TRUE,TRUE,TRUE
IGHV2-4BCH*58,IGHV,FALSE,TRUE,FALSE,FALSE
IGHV2-4BCH*59,IGHV,FALSE,FALSE,TRUE,FALSE
IGHV2-4BCH*60,IGHV,FALSE,FALSE,TRUE,FALSE
IGHV2-4BCH*61,IGHV,FALSE,FALSE,TRUE,FALSE
IGHV2-4BCH*62,IGHV,FALSE,FALSE,TRUE,FALSE
IGHV2-4BCH*63,IGHV,FALSE,TRUE,FALSE,FALSE
IGHV2-4BCH*64,IGHV,FALSE,FALSE,TRUE,FALSE
IGHV2-4BCH*65,IGHV,FALSE,FALSE,TRUE,FALSE
IGHV2-4BCH*66,IGHV,FALSE,FALSE,TRUE,FALSE
IGHV2-4BCH*67,IGHV,FALSE,FALSE,TRUE,FALSE
IGHV2-4BCH*68,IGHV,FALSE,FALSE,TRUE,FALSE
IGHV2-4BCH*69,IGHV,FALSE,FALSE,TRUE,FALSE
IGHV2-4BCH*70,IGHV,FALSE,FALSE,TRUE,FALSE
IGHV2-4BCH*71,IGHV,FALSE,FALSE,FALSE,TRUE
IGHV2-4BCH*72,IGHV,FALSE,FALSE,TRUE,FALSE
IGHV2-4BCH*73,IGHV,FALSE,FALSE,TRUE,FALSE
IGHV2-4BCH*74,IGHV,FALSE,FALSE,TRUE,FALSE
IGHV2-4BCH*75,IGHV,FALSE,FALSE,TRUE,FALSE
IGHV2-4BCH*76,IGHV,FALSE,FALSE,TRUE,FALSE
IGHV2-4BCH*77,IGHV,FALSE,FALSE,TRUE,FALSE
IGHV2-4BCH*78,IGHV,TRUE,TRUE,TRUE,TRUE
IGHV2-4BCH*79,IGHV,FALSE,FALSE,TRUE,FALSE
IGHV2-4BCH*80,IGHV,FALSE,FALSE,TRUE,FALSE
IGHV2-4BCH*81,IGHV,FALSE,FALSE,TRUE,FALSE
IGHV2-4BCH*82,IGHV,FALSE,FALSE,TRUE,FALSE
IGHV2-4BCH*83,IGHV,FALSE,FALSE,FALSE,TRUE
IGHV2-4BCH*84,IGHV,FALSE,FALSE,TRUE,FALSE
IGHV2-4BCH*85,IGHV,FALSE,FALSE,TRUE,FALSE
IGHV2-4BCH*86,IGHV,FALSE,FALSE,TRUE,FALSE
IGHV2-4BCH*87,IGHV,FALSE,FALSE,TRUE,FALSE
IGHV2-4BCH*88,IGHV,FALSE,FALSE,TRUE,FALSE
IGHV2-4BCH*89,IGHV,FALSE,FALSE,TRUE,FALSE
IGHV2-4BCH*90,IGHV,FALSE,FALSE,FALSE,TRUE
IGHV2-4BCH*91,IGHV,FALSE,FALSE,TRUE,FALSE
IGHV2-4BCH*92,IGHV,FALSE,FALSE,TRUE,FALSE
IGHV2-4BCH*93,IGHV,FALSE,FALSE,TRUE,FALSE
IGHV2-4BCH*94,IGHV,FALSE,FALSE,TRUE,FALSE
IGHV2-4BCH*95,IGHV,FALSE,FALSE,TRUE,FALSE
IGHV2-4BCH*96,IGHV,FALSE,FALSE,TRUE,FALSE
IGHV2-4BCH*97,IGHV,FALSE,FALSE,TRUE,FALSE
IGHV2-4BCH*98,IGHV,FALSE,FALSE,TRUE,FALSE
IGHV2-4BCH*99,IGHV,FALSE,FALSE,TRUE,FALSE
IGHV2-6O23*01,IGHV,FALSE,FALSE,TRUE,FALSE
IGHV2-6RTA*01,IGHV,TRUE,TRUE,TRUE,TRUE
IGHV2-6RTA*02,IGHV,FALSE,TRUE,FALSE,FALSE
IGHV2-6RTA*03,IGHV,FALSE,FALSE,TRUE,FALSE
IGHV2-6RTA*04,IGHV,FALSE,TRUE,TRUE,FALSE
IGHV2-6RTA*05,IGHV,FALSE,TRUE,TRUE,FALSE
IGHV2-6RTA*06,IGHV,TRUE,TRUE,TRUE,TRUE
IGHV2-6RTA*07,IGHV,FALSE,TRUE,TRUE,FALSE
IGHV2-6RTA*08,IGHV,FALSE,TRUE,TRUE,FALSE
IGHV2-6RTA*09,IGHV,TRUE,TRUE,TRUE,TRUE
IGHV2-6RTA*10,IGHV,FALSE,FALSE,TRUE,FALSE
IGHV2-6RTA*11,IGHV,FALSE,TRUE,TRUE,FALSE
IGHV2-7UAK*01,IGHV,TRUE,TRUE,TRUE,TRUE
IGHV2-7UAK*02,IGHV,FALSE,TRUE,FALSE,FALSE
IGHV2-7UAK*03,IGHV,FALSE,TRUE,TRUE,TRUE
IGHV2-7UAK*04,IGHV,TRUE,TRUE,TRUE,TRUE
IGHV2-7UAK*05,IGHV,FALSE,TRUE,FALSE,FALSE
IGHV2-FKTH*01,IGHV,FALSE,TRUE,FALSE,FALSE
IGHV2-ZWSX*01,IGHV,FALSE,FALSE,TRUE,FALSE
IGHV3-2C5B*01,IGHV,TRUE,FALSE,FALSE,FALSE
IGHV3-2C5B*02,IGHV,TRUE,FALSE,FALSE,FALSE
IGHV3-2WFU*01,IGHV,TRUE,FALSE,FALSE,FALSE
IGHV3-2WFU*02,IGHV,TRUE,FALSE,FALSE,FALSE
IGHV3-2WFU*03,IGHV,TRUE,FALSE,FALSE,FALSE
IGHV3-2WFU*04,IGHV,TRUE,FALSE,FALSE,FALSE
IGHV3-2ZME*01,IGHV,TRUE,TRUE,TRUE,TRUE
IGHV3-2ZME*02,IGHV,TRUE,TRUE,TRUE,TRUE
IGHV3-2ZME*03,IGHV,FALSE,FALSE,TRUE,FALSE
IGHV3-2ZME*04,IGHV,TRUE,FALSE,FALSE,FALSE
IGHV3-2ZME*05,IGHV,TRUE,FALSE,FALSE,FALSE
IGHV3-2ZME*06,IGHV,TRUE,TRUE,TRUE,TRUE
IGHV3-2ZME*07,IGHV,FALSE,TRUE,FALSE,FALSE
IGHV3-2ZME*08,IGHV,FALSE,TRUE,TRUE,TRUE
IGHV3-2ZME*09,IGHV,FALSE,FALSE,FALSE,TRUE
IGHV3-2ZME*10,IGHV,TRUE,TRUE,TRUE,TRUE
IGHV3-2ZME*11,IGHV,TRUE,TRUE,TRUE,TRUE
IGHV3-2ZME*12,IGHV,TRUE,TRUE,TRUE,TRUE
IGHV3-2ZME*13,IGHV,TRUE,FALSE,FALSE,FALSE
IGHV3-3H2D*01,IGHV,TRUE,TRUE,TRUE,TRUE
IGHV3-3H2D*02,IGHV,FALSE,FALSE,TRUE,FALSE
IGHV3-3H2D*03,IGHV,FALSE,TRUE,FALSE,FALSE
IGHV3-3H2D*04,IGHV,TRUE,TRUE,TRUE,TRUE
IGHV3-3H2D*05,IGHV,FALSE,FALSE,TRUE,FALSE
IGHV3-3H2D*06,IGHV,TRUE,TRUE,TRUE,TRUE
IGHV3-3H2D*07,IGHV,FALSE,FALSE,TRUE,FALSE
IGHV3-3H2D*08,IGHV,FALSE,FALSE,TRUE,FALSE
IGHV3-3H2D*09,IGHV,TRUE,TRUE,TRUE,TRUE
IGHV3-3H2D*10,IGHV,FALSE,TRUE,FALSE,FALSE
IGHV3-3KMZ*01,IGHV,TRUE,TRUE,TRUE,TRUE
IGHV3-3KMZ*02,IGHV,TRUE,TRUE,TRUE,TRUE
IGHV3-3KMZ*03,IGHV,TRUE,TRUE,TRUE,TRUE
IGHV3-3KMZ*04,IGHV,FALSE,FALSE,TRUE,FALSE
IGHV3-3KMZ*05,IGHV,FALSE,TRUE,TRUE,TRUE
IGHV3-3KMZ*06,IGHV,FALSE,FALSE,TRUE,FALSE
IGHV3-3KMZ*07,IGHV,FALSE,TRUE,TRUE,FALSE
IGHV3-3KMZ*08,IGHV,TRUE,TRUE,TRUE,TRUE
IGHV3-3KMZ*09,IGHV,FALSE,TRUE,FALSE,FALSE
IGHV3-3KMZ*10,IGHV,FALSE,FALSE,TRUE,FALSE
IGHV3-3OOB*01,IGHV,TRUE,TRUE,TRUE,TRUE
IGHV3-3OOB*02,IGHV,FALSE,TRUE,TRUE,TRUE
IGHV3-3OOB*03,IGHV,TRUE,TRUE,TRUE,TRUE
IGHV3-3OOB*04,IGHV,FALSE,TRUE,FALSE,FALSE
IGHV3-3OOB*05,IGHV,FALSE,FALSE,TRUE,FALSE
IGHV3-3OOB*06,IGHV,FALSE,TRUE,FALSE,FALSE
IGHV3-3OOB*07,IGHV,FALSE,TRUE,TRUE,FALSE
IGHV3-3OOB*08,IGHV,TRUE,TRUE,TRUE,TRUE
IGHV3-3OOB*09,IGHV,FALSE,TRUE,FALSE,FALSE
IGHV3-3OOB*10,IGHV,FALSE,FALSE,TRUE,FALSE
IGHV3-3VYP*01,IGHV,TRUE,TRUE,TRUE,TRUE
IGHV3-3VYP*02,IGHV,FALSE,TRUE,FALSE,FALSE
IGHV3-3VYP*03,IGHV,FALSE,FALSE,TRUE,FALSE
IGHV3-3VYP*04,IGHV,FALSE,TRUE,TRUE,FALSE
IGHV3-3VYP*05,IGHV,FALSE,TRUE,TRUE,TRUE
IGHV3-3VYP*06,IGHV,FALSE,TRUE,TRUE,TRUE
IGHV3-3VYP*07,IGHV,FALSE,FALSE,TRUE,FALSE
IGHV3-3VYP*08,IGHV,FALSE,TRUE,TRUE,FALSE
IGHV3-3VYP*09,IGHV,FALSE,FALSE,TRUE,FALSE
IGHV3-3VYP*10,IGHV,TRUE,TRUE,TRUE,TRUE
IGHV3-3VYP*11,IGHV,FALSE,FALSE,TRUE,FALSE
IGHV3-3VYP*12,IGHV,TRUE,TRUE,TRUE,TRUE
IGHV3-3VYP*13,IGHV,TRUE,TRUE,TRUE,TRUE
IGHV3-4JW6*01,IGHV,TRUE,TRUE,TRUE,TRUE
IGHV3-4JW6*02,IGHV,TRUE,TRUE,TRUE,TRUE
IGHV3-4JW6*03,IGHV,TRUE,TRUE,TRUE,TRUE
IGHV3-4JW6*04,IGHV,FALSE,TRUE,FALSE,FALSE
IGHV3-4JW6*05,IGHV,FALSE,TRUE,FALSE,FALSE
IGHV3-4JW6*06,IGHV,FALSE,FALSE,TRUE,FALSE
IGHV3-4JW6*07,IGHV,FALSE,FALSE,TRUE,FALSE
IGHV3-4JW6*08,IGHV,FALSE,TRUE,TRUE,FALSE
IGHV3-4JW6*09,IGHV,FALSE,FALSE,TRUE,FALSE
IGHV3-4JW6*10,IGHV,FALSE,TRUE,TRUE,FALSE
IGHV3-4JW6*11,IGHV,TRUE,TRUE,TRUE,TRUE
IGHV3-4JW6*12,IGHV,FALSE,TRUE,TRUE,FALSE
IGHV3-4JW6*13,IGHV,TRUE,TRUE,TRUE,TRUE
IGHV3-4JW6*14,IGHV,FALSE,TRUE,FALSE,FALSE
IGHV3-4JW6*15,IGHV,FALSE,FALSE,TRUE,FALSE
IGHV3-4JW6*16,IGHV,FALSE,TRUE,TRUE,TRUE
IGHV3-4JW6*17,IGHV,FALSE,TRUE,TRUE,TRUE
IGHV3-4JW6*18,IGHV,FALSE,TRUE,FALSE,FALSE
IGHV3-4JW6*19,IGHV,FALSE,TRUE,FALSE,FALSE
IGHV3-4JW6*20,IGHV,FALSE,TRUE,FALSE,TRUE
IGHV3-4JW6*21,IGHV,FALSE,FALSE,TRUE,FALSE
IGHV3-4JW6*22,IGHV,FALSE,FALSE,TRUE,FALSE
IGHV3-4JW6*23,IGHV,FALSE,FALSE,TRUE,FALSE
IGHV3-4JW6*24,IGHV,TRUE,FALSE,FALSE,FALSE
IGHV3-4JW6*25,IGHV,FALSE,FALSE,TRUE,FALSE
IGHV3-4JW6*26,IGHV,FALSE,TRUE,TRUE,TRUE
IGHV3-4JW6*27,IGHV,FALSE,TRUE,TRUE,FALSE
IGHV3-4JW6*28,IGHV,TRUE,TRUE,TRUE,TRUE
IGHV3-4JW6*29,IGHV,FALSE,TRUE,TRUE,FALSE
IGHV3-4JW6*30,IGHV,FALSE,FALSE,TRUE,FALSE
IGHV3-4JW6*31,IGHV,FALSE,TRUE,TRUE,FALSE
IGHV3-4JW6*32,IGHV,FALSE,TRUE,TRUE,TRUE
IGHV3-4JW6*33,IGHV,TRUE,TRUE,TRUE,TRUE
IGHV3-4JW6*34,IGHV,TRUE,TRUE,TRUE,TRUE
IGHV3-4JW6*35,IGHV,FALSE,FALSE,TRUE,FALSE
IGHV3-4JW6*36,IGHV,FALSE,FALSE,TRUE,FALSE
IGHV3-4JW6*37,IGHV,FALSE,FALSE,TRUE,FALSE
IGHV3-4JW6*38,IGHV,TRUE,FALSE,FALSE,FALSE
IGHV3-4JW6*39,IGHV,TRUE,FALSE,FALSE,FALSE
IGHV3-4JW6*40,IGHV,TRUE,TRUE,TRUE,TRUE
IGHV3-4JW6*41,IGHV,FALSE,FALSE,TRUE,FALSE
IGHV3-4JW6*42,IGHV,FALSE,TRUE,TRUE,FALSE
IGHV3-4TLZ*01,IGHV,TRUE,TRUE,FALSE,FALSE
IGHV3-4TLZ*02,IGHV,TRUE,FALSE,FALSE,FALSE
IGHV3-4TLZ*03,IGHV,TRUE,TRUE,FALSE,FALSE
IGHV3-4TLZ*04,IGHV,FALSE,TRUE,FALSE,FALSE
IGHV3-4TLZ*05,IGHV,FALSE,TRUE,FALSE,FALSE
IGHV3-4TLZ*06,IGHV,FALSE,TRUE,FALSE,FALSE
IGHV3-4TLZ*07,IGHV,FALSE,TRUE,FALSE,FALSE
IGHV3-4TLZ*08,IGHV,TRUE,FALSE,FALSE,FALSE
IGHV3-6CWJ*01,IGHV,TRUE,TRUE,TRUE,TRUE
IGHV3-6CWJ*02,IGHV,TRUE,TRUE,TRUE,TRUE
IGHV3-6CWJ*03,IGHV,FALSE,FALSE,TRUE,FALSE
IGHV3-6CWJ*04,IGHV,TRUE,TRUE,TRUE,TRUE
IGHV3-6CWJ*05,IGHV,TRUE,TRUE,TRUE,TRUE
IGHV3-6CWJ*06,IGHV,TRUE,TRUE,TRUE,TRUE
IGHV3-6CWJ*07,IGHV,TRUE,TRUE,TRUE,TRUE
IGHV3-6CWJ*08,IGHV,FALSE,FALSE,TRUE,FALSE
IGHV3-6CWJ*09,IGHV,FALSE,TRUE,TRUE,TRUE
IGHV3-7KNP*01,IGHV,TRUE,TRUE,TRUE,TRUE
IGHV3-7KNP*02,IGHV,TRUE,TRUE,TRUE,TRUE
IGHV3-7KNP*03,IGHV,FALSE,TRUE,FALSE,FALSE
IGHV3-7KNP*04,IGHV,FALSE,TRUE,FALSE,FALSE
IGHV3-7KNP*05,IGHV,FALSE,TRUE,TRUE,TRUE
IGHV3-7KNP*06,IGHV,TRUE,FALSE,FALSE,FALSE
IGHV3-7KNP*07,IGHV,FALSE,TRUE,TRUE,TRUE
IGHV3-7LT5*01,IGHV,TRUE,FALSE,FALSE,FALSE
IGHV3-A46S*01,IGHV,TRUE,TRUE,TRUE,TRUE
IGHV3-A46S*02,IGHV,FALSE,TRUE,TRUE,FALSE
IGHV3-A46S*03,IGHV,FALSE,FALSE,TRUE,FALSE
IGHV3-A46S*04,IGHV,FALSE,TRUE,TRUE,FALSE
IGHV3-A46S*05,IGHV,FALSE,TRUE,TRUE,FALSE
IGHV3-A46S*06,IGHV,FALSE,FALSE,TRUE,FALSE
IGHV3-A46S*07,IGHV,FALSE,FALSE,TRUE,FALSE
IGHV3-A46S*08,IGHV,FALSE,FALSE,TRUE,FALSE
IGHV3-A46S*09,IGHV,TRUE,TRUE,TRUE,TRUE
IGHV3-A46S*10,IGHV,FALSE,TRUE,TRUE,TRUE
IGHV3-BGBQ*01,IGHV,TRUE,TRUE,TRUE,TRUE
IGHV3-BGBQ*02,IGHV,FALSE,TRUE,TRUE,TRUE
IGHV3-BGBQ*03,IGHV,TRUE,TRUE,TRUE,TRUE
IGHV3-BGBQ*04,IGHV,FALSE,FALSE,TRUE,FALSE
IGHV3-BXSZ*01,IGHV,TRUE,TRUE,TRUE,TRUE
IGHV3-BXSZ*02,IGHV,FALSE,TRUE,FALSE,FALSE
IGHV3-BXSZ*03,IGHV,FALSE,TRUE,TRUE,FALSE
IGHV3-BXSZ*04,IGHV,FALSE,FALSE,FALSE,TRUE
IGHV3-BXSZ*05,IGHV,FALSE,TRUE,TRUE,TRUE
IGHV3-BXSZ*06,IGHV,FALSE,FALSE,TRUE,FALSE
IGHV3-BXSZ*07,IGHV,TRUE,TRUE,TRUE,TRUE
IGHV3-BXSZ*08,IGHV,TRUE,TRUE,TRUE,TRUE
IGHV3-BXSZ*09,IGHV,FALSE,FALSE,TRUE,FALSE
IGHV3-BXSZ*10,IGHV,FALSE,TRUE,TRUE,TRUE
IGHV3-BXSZ*11,IGHV,TRUE,TRUE,TRUE,FALSE
IGHV3-BXSZ*12,IGHV,TRUE,TRUE,TRUE,TRUE
IGHV3-CVJX*01,IGHV,TRUE,TRUE,TRUE,TRUE
IGHV3-CVJX*02,IGHV,FALSE,TRUE,TRUE,FALSE
IGHV3-CVJX*03,IGHV,FALSE,TRUE,TRUE,FALSE
IGHV3-CVJX*04,IGHV,FALSE,FALSE,FALSE,TRUE
IGHV3-CVJX*05,IGHV,FALSE,TRUE,FALSE,FALSE
IGHV3-CVJX*06,IGHV,FALSE,TRUE,TRUE,TRUE
IGHV3-CVJX*07,IGHV,FALSE,FALSE,TRUE,FALSE
IGHV3-CVJX*08,IGHV,FALSE,FALSE,FALSE,TRUE
IGHV3-CVJX*09,IGHV,TRUE,TRUE,TRUE,TRUE
IGHV3-CVJX*10,IGHV,FALSE,TRUE,TRUE,TRUE
IGHV3-CVJX*11,IGHV,FALSE,FALSE,FALSE,TRUE
IGHV3-CVJX*12,IGHV,FALSE,FALSE,FALSE,TRUE
IGHV3-CVJX*13,IGHV,TRUE,TRUE,TRUE,TRUE
IGHV3-CVJX*14,IGHV,FALSE,FALSE,TRUE,FALSE
IGHV3-CVJX*15,IGHV,FALSE,TRUE,FALSE,FALSE
IGHV3-CVJX*16,IGHV,FALSE,TRUE,TRUE,TRUE
IGHV3-CVJX*17,IGHV,FALSE,FALSE,TRUE,FALSE
IGHV3-CVJX*18,IGHV,TRUE,TRUE,TRUE,TRUE
IGHV3-CVJX*19,IGHV,FALSE,TRUE,TRUE,FALSE
IGHV3-CVJX*20,IGHV,FALSE,FALSE,TRUE,FALSE
IGHV3-CVJX*21,IGHV,FALSE,TRUE,TRUE,TRUE
IGHV3-CVJX*22,IGHV,FALSE,TRUE,TRUE,TRUE
IGHV3-CVJX*23,IGHV,FALSE,FALSE,TRUE,FALSE
IGHV3-CVJX*24,IGHV,FALSE,FALSE,TRUE,FALSE
IGHV3-CVJX*25,IGHV,FALSE,FALSE,TRUE,FALSE
IGHV3-CVJX*26,IGHV,FALSE,FALSE,TRUE,FALSE
IGHV3-CVJX*27,IGHV,TRUE,TRUE,TRUE,TRUE
IGHV3-CVJX*28,IGHV,FALSE,FALSE,TRUE,FALSE
IGHV3-CVJX*29,IGHV,FALSE,FALSE,TRUE,FALSE
IGHV3-CVJX*30,IGHV,FALSE,FALSE,TRUE,TRUE
IGHV3-CVJX*31,IGHV,FALSE,FALSE,TRUE,TRUE
IGHV3-CVJX*32,IGHV,TRUE,FALSE,FALSE,FALSE
IGHV3-CVJX*33,IGHV,FALSE,TRUE,TRUE,FALSE
IGHV3-CVJX*34,IGHV,TRUE,TRUE,TRUE,TRUE
IGHV3-CVJX*35,IGHV,FALSE,TRUE,FALSE,FALSE
IGHV3-CVJX*36,IGHV,FALSE,FALSE,TRUE,FALSE
IGHV3-CVJX*37,IGHV,FALSE,TRUE,FALSE,TRUE
IGHV3-CVJX*38,IGHV,FALSE,FALSE,TRUE,FALSE
IGHV3-DDM3*01,IGHV,TRUE,TRUE,TRUE,TRUE
IGHV3-DDM3*02,IGHV,FALSE,TRUE,TRUE,FALSE
IGHV3-DDM3*03,IGHV,TRUE,TRUE,TRUE,TRUE
IGHV3-DDM3*04,IGHV,FALSE,TRUE,FALSE,FALSE
IGHV3-DDM3*05,IGHV,FALSE,TRUE,TRUE,TRUE
IGHV3-DDM3*06,IGHV,FALSE,FALSE,TRUE,FALSE
IGHV3-DDM3*07,IGHV,FALSE,FALSE,TRUE,FALSE
IGHV3-E24Y*01,IGHV,TRUE,FALSE,FALSE,FALSE
IGHV3-E24Y*02,IGHV,TRUE,TRUE,TRUE,TRUE
IGHV3-E24Y*03,IGHV,TRUE,TRUE,TRUE,TRUE
IGHV3-E24Y*04,IGHV,FALSE,FALSE,TRUE,TRUE
IGHV3-FW4V*01,IGHV,TRUE,FALSE,FALSE,FALSE
IGHV3-FW4V*02,IGHV,FALSE,TRUE,TRUE,TRUE
IGHV3-FW4V*03,IGHV,FALSE,TRUE,FALSE,FALSE
IGHV3-FW4V*04,IGHV,FALSE,FALSE,TRUE,FALSE
IGHV3-GNJS*01,IGHV,TRUE,TRUE,TRUE,TRUE
IGHV3-GNJS*02,IGHV,FALSE,TRUE,FALSE,FALSE
IGHV3-GNJS*03,IGHV,FALSE,FALSE,TRUE,FALSE
IGHV3-GNJS*04,IGHV,FALSE,FALSE,TRUE,TRUE
IGHV3-GNJS*05,IGHV,FALSE,FALSE,TRUE,FALSE
IGHV3-GNJS*06,IGHV,FALSE,TRUE,TRUE,FALSE
IGHV3-GNJS*07,IGHV,FALSE,FALSE,FALSE,TRUE
IGHV3-GNJS*08,IGHV,FALSE,TRUE,TRUE,TRUE
IGHV3-I3VN*01,IGHV,TRUE,FALSE,FALSE,FALSE
IGHV3-I3VN*02,IGHV,TRUE,FALSE,FALSE,FALSE
IGHV3-M7QC*01,IGHV,TRUE,TRUE,TRUE,TRUE
IGHV3-M7QC*02,IGHV,FALSE,FALSE,TRUE,FALSE
IGHV3-M7QC*03,IGHV,TRUE,TRUE,TRUE,TRUE
IGHV3-M7QC*04,IGHV,TRUE,TRUE,TRUE,TRUE
IGHV3-M7QC*05,IGHV,FALSE,TRUE,FALSE,FALSE
IGHV3-M7QC*06,IGHV,FALSE,TRUE,TRUE,TRUE
IGHV3-M7QC*07,IGHV,FALSE,TRUE,TRUE,TRUE
IGHV3-N73X*01,IGHV,TRUE,TRUE,TRUE,TRUE
IGHV3-N73X*02,IGHV,FALSE,FALSE,TRUE,FALSE
IGHV3-N73X*03,IGHV,FALSE,FALSE,TRUE,FALSE
IGHV3-N73X*04,IGHV,FALSE,FALSE,TRUE,FALSE
IGHV3-N73X*05,IGHV,FALSE,TRUE,TRUE,FALSE
IGHV3-N73X*06,IGHV,FALSE,TRUE,TRUE,FALSE
IGHV3-N73X*07,IGHV,FALSE,TRUE,TRUE,TRUE
IGHV3-N73X*08,IGHV,TRUE,TRUE,TRUE,TRUE
IGHV3-N73X*09,IGHV,TRUE,TRUE,TRUE,TRUE
IGHV3-XXAB*01,IGHV,TRUE,TRUE,TRUE,TRUE
IGHV3-XXAB*02,IGHV,FALSE,TRUE,TRUE,FALSE
IGHV3-XXAB*03,IGHV,FALSE,TRUE,TRUE,TRUE
IGHV3-XXAB*04,IGHV,FALSE,FALSE,TRUE,FALSE
IGHV3-XXAB*05,IGHV,FALSE,FALSE,TRUE,FALSE
IGHV3-XXAB*06,IGHV,FALSE,FALSE,TRUE,TRUE
IGHV3-XXAB*07,IGHV,FALSE,FALSE,TRUE,FALSE
IGHV3-Y2SV*01,IGHV,TRUE,FALSE,FALSE,FALSE
IGHV3-Z7O7*01,IGHV,TRUE,TRUE,TRUE,TRUE
IGHV3-Z7O7*02,IGHV,FALSE,TRUE,FALSE,FALSE
IGHV3-Z7O7*03,IGHV,FALSE,TRUE,TRUE,TRUE
IGHV3-Z7O7*04,IGHV,FALSE,FALSE,TRUE,FALSE
IGHV3-Z7O7*05,IGHV,FALSE,FALSE,TRUE,FALSE
IGHV3-Z7O7*06,IGHV,FALSE,TRUE,TRUE,FALSE
IGHV4-25M6*01,IGHV,TRUE,FALSE,FALSE,FALSE
IGHV4-25M6*02,IGHV,TRUE,TRUE,TRUE,TRUE
IGHV4-25M6*03,IGHV,FALSE,TRUE,FALSE,FALSE
IGHV4-25M6*04,IGHV,TRUE,TRUE,TRUE,FALSE
IGHV4-25M6*05,IGHV,FALSE,FALSE,TRUE,FALSE
IGHV4-25M6*06,IGHV,FALSE,FALSE,TRUE,FALSE
IGHV4-25M6*07,IGHV,TRUE,TRUE,TRUE,TRUE
IGHV4-25M6*08,IGHV,FALSE,TRUE,TRUE,TRUE
IGHV4-25M6*09,IGHV,FALSE,FALSE,TRUE,FALSE
IGHV4-25M6*10,IGHV,FALSE,FALSE,TRUE,FALSE
IGHV4-25M6*11,IGHV,FALSE,FALSE,FALSE,TRUE
IGHV4-25M6*12,IGHV,FALSE,FALSE,TRUE,FALSE
IGHV4-25M6*13,IGHV,FALSE,FALSE,TRUE,FALSE
IGHV4-25M6*14,IGHV,FALSE,TRUE,TRUE,TRUE
IGHV4-25M6*15,IGHV,FALSE,FALSE,TRUE,FALSE
IGHV4-25M6*16,IGHV,TRUE,FALSE,FALSE,FALSE
IGHV4-25M6*17,IGHV,TRUE,TRUE,TRUE,FALSE
IGHV4-25M6*18,IGHV,TRUE,TRUE,TRUE,TRUE
IGHV4-25M6*19,IGHV,TRUE,TRUE,TRUE,TRUE
IGHV4-25M6*20,IGHV,FALSE,TRUE,TRUE,FALSE
IGHV4-25M6*21,IGHV,FALSE,FALSE,TRUE,FALSE
IGHV4-25M6*22,IGHV,TRUE,TRUE,TRUE,TRUE
IGHV4-25M6*23,IGHV,FALSE,TRUE,FALSE,FALSE
IGHV4-25M6*24,IGHV,FALSE,TRUE,TRUE,FALSE
IGHV4-25M6*25,IGHV,FALSE,FALSE,TRUE,FALSE
IGHV4-25M6*26,IGHV,FALSE,TRUE,TRUE,FALSE
IGHV4-25M6*27,IGHV,TRUE,FALSE,FALSE,FALSE
IGHV4-25M6*28,IGHV,TRUE,FALSE,TRUE,FALSE
IGHV4-25M6*29,IGHV,FALSE,FALSE,TRUE,FALSE
IGHV4-2COR*01,IGHV,TRUE,TRUE,TRUE,FALSE
IGHV4-2COR*02,IGHV,TRUE,FALSE,TRUE,TRUE
IGHV4-2COR*03,IGHV,TRUE,TRUE,TRUE,FALSE
IGHV4-2COR*04,IGHV,TRUE,TRUE,TRUE,TRUE
IGHV4-2COR*05,IGHV,FALSE,FALSE,TRUE,FALSE
IGHV4-2COR*06,IGHV,FALSE,FALSE,TRUE,FALSE
IGHV4-2COR*07,IGHV,FALSE,TRUE,TRUE,TRUE
IGHV4-2COR*08,IGHV,TRUE,TRUE,TRUE,TRUE
IGHV4-2COR*09,IGHV,FALSE,TRUE,TRUE,TRUE
IGHV4-2COR*10,IGHV,TRUE,TRUE,TRUE,TRUE
IGHV4-2COR*11,IGHV,FALSE,TRUE,FALSE,FALSE
IGHV4-2COR*12,IGHV,FALSE,FALSE,TRUE,FALSE
IGHV4-2COR*13,IGHV,FALSE,FALSE,TRUE,FALSE
IGHV4-2COR*14,IGHV,FALSE,FALSE,TRUE,FALSE
IGHV4-2COR*15,IGHV,TRUE,TRUE,TRUE,TRUE
IGHV4-2COR*16,IGHV,FALSE,TRUE,FALSE,FALSE
IGHV4-2COR*17,IGHV,FALSE,FALSE,TRUE,FALSE
IGHV4-4LVZ*01,IGHV,TRUE,TRUE,TRUE,TRUE
IGHV4-4LVZ*02,IGHV,TRUE,TRUE,TRUE,TRUE
IGHV4-4LVZ*03,IGHV,FALSE,TRUE,TRUE,TRUE
IGHV4-4LVZ*04,IGHV,FALSE,TRUE,FALSE,FALSE
IGHV4-4LVZ*05,IGHV,FALSE,TRUE,TRUE,TRUE
IGHV4-4LVZ*06,IGHV,FALSE,FALSE,TRUE,FALSE
IGHV4-4LVZ*07,IGHV,FALSE,TRUE,FALSE,FALSE
IGHV4-4LVZ*08,IGHV,FALSE,FALSE,TRUE,FALSE
IGHV4-4LVZ*09,IGHV,FALSE,TRUE,TRUE,TRUE
IGHV4-4LVZ*10,IGHV,TRUE,TRUE,TRUE,TRUE
IGHV4-4LVZ*11,IGHV,FALSE,TRUE,TRUE,FALSE
IGHV4-4LVZ*12,IGHV,FALSE,FALSE,TRUE,FALSE
IGHV4-4LVZ*13,IGHV,FALSE,FALSE,TRUE,FALSE
IGHV4-4LVZ*14,IGHV,FALSE,FALSE,TRUE,FALSE
IGHV4-4LVZ*15,IGHV,FALSE,FALSE,TRUE,FALSE
IGHV4-4LVZ*16,IGHV,TRUE,FALSE,FALSE,FALSE
IGHV4-4LVZ*17,IGHV,TRUE,TRUE,TRUE,TRUE
IGHV4-5ZJ6*01,IGHV,TRUE,TRUE,TRUE,FALSE
IGHV4-5ZJ6*02,IGHV,TRUE,TRUE,TRUE,TRUE
IGHV4-5ZJ6*03,IGHV,FALSE,FALSE,TRUE,FALSE
IGHV4-5ZJ6*04,IGHV,TRUE,TRUE,TRUE,TRUE
IGHV4-5ZJ6*05,IGHV,FALSE,FALSE,TRUE,FALSE
IGHV4-5ZJ6*06,IGHV,TRUE,TRUE,TRUE,TRUE
IGHV4-5ZJ6*07,IGHV,TRUE,TRUE,TRUE,TRUE
IGHV4-5ZJ6*08,IGHV,FALSE,TRUE,FALSE,FALSE
IGHV4-5ZJ6*09,IGHV,FALSE,FALSE,TRUE,FALSE
IGHV4-5ZJ6*10,IGHV,FALSE,FALSE,TRUE,FALSE
IGHV4-5ZJ6*11,IGHV,FALSE,TRUE,TRUE,FALSE
IGHV4-5ZJ6*12,IGHV,FALSE,TRUE,TRUE,TRUE
IGHV4-5ZJ6*13,IGHV,FALSE,FALSE,TRUE,FALSE
IGHV4-5ZJ6*14,IGHV,FALSE,TRUE,TRUE,FALSE
IGHV4-5ZJ6*15,IGHV,TRUE,FALSE,TRUE,FALSE
IGHV4-5ZJ6*16,IGHV,FALSE,TRUE,TRUE,FALSE
IGHV4-5ZJ6*17,IGHV,TRUE,TRUE,TRUE,TRUE
IGHV4-5ZJ6*18,IGHV,FALSE,FALSE,TRUE,FALSE
IGHV4-5ZJ6*19,IGHV,FALSE,FALSE,TRUE,FALSE
IGHV4-5ZJ6*20,IGHV,FALSE,FALSE,TRUE,FALSE
IGHV4-5ZJ6*21,IGHV,FALSE,TRUE,TRUE,TRUE
IGHV4-A7KV*01,IGHV,TRUE,TRUE,TRUE,TRUE
IGHV4-A7KV*02,IGHV,TRUE,TRUE,TRUE,TRUE
IGHV4-A7KV*03,IGHV,FALSE,FALSE,TRUE,FALSE
IGHV4-A7KV*04,IGHV,FALSE,FALSE,FALSE,TRUE
IGHV4-A7KV*05,IGHV,FALSE,TRUE,TRUE,TRUE
IGHV4-A7KV*06,IGHV,FALSE,TRUE,TRUE,FALSE
IGHV4-HHP5*01,IGHV,TRUE,FALSE,FALSE,FALSE
IGHV4-HHP5*02,IGHV,TRUE,TRUE,TRUE,TRUE
IGHV4-HHP5*03,IGHV,FALSE,TRUE,TRUE,FALSE
IGHV4-HHP5*04,IGHV,FALSE,FALSE,TRUE,FALSE
IGHV4-HHP5*05,IGHV,FALSE,FALSE,TRUE,FALSE
IGHV4-HHP5*06,IGHV,FALSE,FALSE,TRUE,FALSE
IGHV4-HHP5*07,IGHV,FALSE,FALSE,TRUE,FALSE
IGHV4-HHP5*08,IGHV,TRUE,TRUE,TRUE,TRUE
IGHV4-HHP5*09,IGHV,FALSE,TRUE,TRUE,TRUE
IGHV4-HHP5*10,IGHV,TRUE,TRUE,TRUE,TRUE
IGHV4-QA67*01,IGHV,TRUE,TRUE,TRUE,TRUE
IGHV4-QA67*02,IGHV,FALSE,FALSE,FALSE,TRUE
IGHV4-QA67*03,IGHV,FALSE,FALSE,TRUE,FALSE
IGHV4-QA67*04,IGHV,FALSE,TRUE,FALSE,FALSE
IGHV4-QA67*05,IGHV,FALSE,FALSE,TRUE,FALSE
IGHV4-QA67*06,IGHV,FALSE,FALSE,TRUE,FALSE
IGHV4-QA67*07,IGHV,FALSE,FALSE,TRUE,FALSE
IGHV4-QA67*08,IGHV,FALSE,FALSE,TRUE,FALSE
IGHV4-QA67*09,IGHV,FALSE,TRUE,TRUE,TRUE
IGHV4-QA67*10,IGHV,FALSE,FALSE,TRUE,FALSE
IGHV4-UWUM*01,IGHV,FALSE,FALSE,TRUE,FALSE
IGHV4-UWUM*02,IGHV,FALSE,FALSE,FALSE,TRUE
IGHV4-UWUM*03,IGHV,TRUE,FALSE,FALSE,FALSE
IGHV4-UWUM*04,IGHV,TRUE,TRUE,TRUE,TRUE
IGHV4-UWUM*05,IGHV,FALSE,TRUE,TRUE,TRUE
IGHV4-UWUM*06,IGHV,FALSE,TRUE,FALSE,FALSE
IGHV4-UWUM*07,IGHV,FALSE,FALSE,FALSE,TRUE
IGHV4-UWUM*08,IGHV,FALSE,FALSE,TRUE,FALSE
IGHV4-UWUM*09,IGHV,FALSE,FALSE,TRUE,FALSE
IGHV4-UWUM*10,IGHV,FALSE,FALSE,TRUE,FALSE
IGHV4-UWUM*11,IGHV,FALSE,TRUE,TRUE,FALSE
IGHV4-UWUM*12,IGHV,FALSE,FALSE,TRUE,TRUE
IGHV4-UWUM*13,IGHV,FALSE,FALSE,TRUE,FALSE
IGHV4-UWUM*14,IGHV,TRUE,FALSE,FALSE,FALSE
IGHV5-36ED*01,IGHV,TRUE,TRUE,TRUE,TRUE
IGHV5-36ED*02,IGHV,TRUE,FALSE,TRUE,FALSE
IGHV5-36ED*03,IGHV,TRUE,TRUE,TRUE,TRUE
IGHV5-36ED*04,IGHV,FALSE,FALSE,TRUE,FALSE
IGHV5-36ED*05,IGHV,TRUE,TRUE,TRUE,TRUE
IGHV5-36ED*06,IGHV,FALSE,FALSE,TRUE,FALSE
IGHV5-36ED*07,IGHV,FALSE,FALSE,TRUE,FALSE
IGHV5-ANAE*01,IGHV,TRUE,TRUE,TRUE,TRUE
IGHV5-ANAE*02,IGHV,TRUE,TRUE,TRUE,TRUE
IGHV6-6D6C*01,IGHV,TRUE,FALSE,FALSE,FALSE
IGHV6-6D6C*02,IGHV,TRUE,TRUE,TRUE,TRUE
IGHV7-2GXW*01,IGHV,TRUE,FALSE,FALSE,FALSE
IGHV7-2GXW*02,IGHV,TRUE,FALSE,FALSE,FALSE
IGHV7-2GXW*03,IGHV,TRUE,TRUE,TRUE,TRUE
IGHV7-2GXW*04,IGHV,FALSE,TRUE,FALSE,TRUE
IGHV7-2GXW*05,IGHV,TRUE,TRUE,TRUE,TRUE
IGHV7-5PLP*01,IGHV,TRUE,TRUE,TRUE,TRUE
IGHV7-5PLP*02,IGHV,FALSE,TRUE,FALSE,FALSE
IGHV7-5PLP*03,IGHV,FALSE,FALSE,TRUE,FALSE
IGHV7-5PLP*04,IGHV,FALSE,TRUE,TRUE,FALSE
IGHV7-5PLP*05,IGHV,FALSE,FALSE,TRUE,FALSE
IGHV7-5PLP*06,IGHV,FALSE,FALSE,TRUE,FALSE
IGHV7-5PLP*07,IGHV,FALSE,FALSE,TRUE,FALSE
IGHV7-5PLP*08,IGHV,FALSE,TRUE,TRUE,TRUE
IGHV7-5PLP*09,IGHV,FALSE,TRUE,TRUE,FALSE
IGHV7-5PLP*10,IGHV,FALSE,TRUE,TRUE,FALSE
IGHV7-5PLP*11,IGHV,FALSE,FALSE,TRUE,FALSE
IGHV8-D4TJ*01,IGHV,TRUE,TRUE,TRUE,TRUE
IGHV8-D4TJ*02,IGHV,FALSE,FALSE,TRUE,FALSE
IGHV8-D4TJ*03,IGHV,FALSE,TRUE,TRUE,TRUE
IGHV8-D4TJ*04,IGHV,FALSE,FALSE,TRUE,FALSE
IGHV8-D4TJ*05,IGHV,TRUE,TRUE,TRUE,TRUE
IGHV8-D4TJ*06,IGHV,FALSE,TRUE,TRUE,FALSE
IGHV8-D4TJ*07,IGHV,FALSE,FALSE,TRUE,FALSE
IGHV8-D4TJ*08,IGHV,FALSE,TRUE,TRUE,TRUE
IGHV8-D4TJ*09,IGHV,TRUE,TRUE,TRUE,TRUE
IGHV8-D4TJ*10,IGHV,TRUE,FALSE,FALSE,FALSE
IGKJ1-CNBG*01,IGKJ,TRUE,TRUE,TRUE,TRUE
IGKJ2-366P*01,IGKJ,TRUE,TRUE,TRUE,TRUE
IGKJ2-366P*02,IGKJ,FALSE,TRUE,TRUE,TRUE
IGKJ2-366P*03,IGKJ,FALSE,FALSE,TRUE,FALSE
IGKJ2-366P*04,IGKJ,FALSE,FALSE,FALSE,TRUE
IGKJ2-366P*05,IGKJ,FALSE,FALSE,FALSE,TRUE
IGKJ2-366P*06,IGKJ,FALSE,FALSE,TRUE,FALSE
IGKJ2-366P*07,IGKJ,FALSE,FALSE,FALSE,TRUE
IGKJ2-366P*08,IGKJ,TRUE,TRUE,TRUE,TRUE
IGKJ2-366P*09,IGKJ,TRUE,TRUE,TRUE,TRUE
IGKJ3-RD32*01,IGKJ,TRUE,TRUE,TRUE,TRUE
IGKJ3-RD32*02,IGKJ,FALSE,FALSE,FALSE,TRUE
IGKJ3-RD32*03,IGKJ,FALSE,FALSE,FALSE,TRUE
IGKJ3-RD32*04,IGKJ,FALSE,FALSE,TRUE,FALSE
IGKJ4-VQ2B*01,IGKJ,TRUE,TRUE,TRUE,TRUE
IGKJ4-VQ2B*02,IGKJ,FALSE,FALSE,TRUE,FALSE
IGKJ4-VQ2B*03,IGKJ,FALSE,FALSE,TRUE,FALSE
IGKJ4-VQ2B*04,IGKJ,FALSE,FALSE,TRUE,FALSE
IGKJ4-VQ2B*05,IGKJ,FALSE,FALSE,TRUE,FALSE
IGKJ5-JJJS*01,IGKJ,TRUE,TRUE,TRUE,TRUE
IGKV1-2UAW*01,IGKV,TRUE,FALSE,FALSE,FALSE
IGKV1-2UAW*02,IGKV,FALSE,FALSE,TRUE,FALSE
IGKV1-2UAW*03,IGKV,FALSE,FALSE,TRUE,FALSE
IGKV1-2UAW*04,IGKV,TRUE,TRUE,TRUE,TRUE
IGKV1-2UAW*05,IGKV,FALSE,FALSE,TRUE,FALSE
IGKV1-2UAW*06,IGKV,FALSE,FALSE,TRUE,FALSE
IGKV1-2UAW*07,IGKV,FALSE,TRUE,FALSE,FALSE
IGKV1-2UAW*08,IGKV,FALSE,TRUE,FALSE,FALSE
IGKV1-2UAW*09,IGKV,FALSE,FALSE,TRUE,FALSE
IGKV1-2UAW*10,IGKV,FALSE,TRUE,TRUE,FALSE
IGKV1-2UAW*11,IGKV,FALSE,TRUE,TRUE,TRUE
IGKV1-2UAW*12,IGKV,FALSE,FALSE,FALSE,TRUE
IGKV1-3Y5S*01,IGKV,TRUE,FALSE,FALSE,TRUE
IGKV1-3Y5S*02,IGKV,TRUE,TRUE,TRUE,TRUE
IGKV1-3Y5S*03,IGKV,FALSE,TRUE,FALSE,FALSE
IGKV1-3Y5S*04,IGKV,FALSE,FALSE,TRUE,FALSE
IGKV1-3Y5S*05,IGKV,TRUE,TRUE,TRUE,TRUE
IGKV1-3Y5S*06,IGKV,FALSE,TRUE,FALSE,FALSE
IGKV1-3Y5S*07,IGKV,TRUE,TRUE,TRUE,TRUE
IGKV1-3Y5S*08,IGKV,FALSE,TRUE,FALSE,FALSE
IGKV1-3Y5S*09,IGKV,FALSE,FALSE,TRUE,FALSE
IGKV1-3Y5S*10,IGKV,FALSE,TRUE,FALSE,FALSE
IGKV1-3Y5S*11,IGKV,FALSE,TRUE,FALSE,FALSE
IGKV1-4H7U*01,IGKV,TRUE,TRUE,TRUE,TRUE
IGKV1-4H7U*02,IGKV,FALSE,TRUE,TRUE,FALSE
IGKV1-4H7U*03,IGKV,FALSE,TRUE,TRUE,FALSE
IGKV1-4H7U*04,IGKV,FALSE,FALSE,TRUE,FALSE
IGKV1-4H7U*05,IGKV,FALSE,TRUE,FALSE,FALSE
IGKV1-4H7U*06,IGKV,FALSE,TRUE,TRUE,FALSE
IGKV1-4H7U*07,IGKV,TRUE,TRUE,TRUE,TRUE
IGKV1-4H7U*08,IGKV,FALSE,FALSE,TRUE,TRUE
IGKV1-4H7U*09,IGKV,FALSE,FALSE,TRUE,FALSE
IGKV1-65SI*01,IGKV,TRUE,TRUE,TRUE,TRUE
IGKV1-65SI*02,IGKV,FALSE,TRUE,FALSE,FALSE
IGKV1-65SI*03,IGKV,FALSE,FALSE,TRUE,FALSE
IGKV1-65SI*04,IGKV,FALSE,TRUE,TRUE,TRUE
IGKV1-65SI*05,IGKV,FALSE,TRUE,FALSE,FALSE
IGKV1-65SI*06,IGKV,FALSE,FALSE,TRUE,FALSE
IGKV1-65SI*07,IGKV,FALSE,TRUE,FALSE,FALSE
IGKV1-65SI*08,IGKV,FALSE,FALSE,TRUE,FALSE
IGKV1-65SI*09,IGKV,TRUE,TRUE,TRUE,TRUE
IGKV1-65SI*10,IGKV,FALSE,TRUE,TRUE,FALSE
IGKV1-65SI*11,IGKV,FALSE,FALSE,TRUE,FALSE
IGKV1-BJX4*01,IGKV,TRUE,FALSE,FALSE,FALSE
IGKV1-BK4T*01,IGKV,TRUE,TRUE,TRUE,TRUE
IGKV1-BK4T*02,IGKV,FALSE,TRUE,TRUE,FALSE
IGKV1-BK4T*03,IGKV,FALSE,FALSE,TRUE,FALSE
IGKV1-BK4T*04,IGKV,TRUE,TRUE,TRUE,TRUE
IGKV1-BK4T*05,IGKV,TRUE,TRUE,TRUE,TRUE
IGKV1-BK4T*06,IGKV,FALSE,TRUE,TRUE,FALSE
IGKV1-BK4T*07,IGKV,FALSE,FALSE,TRUE,FALSE
IGKV1-BK4T*08,IGKV,FALSE,FALSE,TRUE,FALSE
IGKV1-BK4T*09,IGKV,TRUE,TRUE,TRUE,TRUE
IGKV1-BK4T*10,IGKV,TRUE,TRUE,TRUE,TRUE
IGKV1-BK4T*11,IGKV,FALSE,TRUE,FALSE,FALSE
IGKV1-BK4T*12,IGKV,FALSE,TRUE,TRUE,TRUE
IGKV1-BK4T*13,IGKV,TRUE,TRUE,TRUE,TRUE
IGKV1-BK4T*14,IGKV,FALSE,TRUE,FALSE,FALSE
IGKV1-BK4T*15,IGKV,FALSE,FALSE,TRUE,FALSE
IGKV1-BK4T*16,IGKV,FALSE,FALSE,TRUE,FALSE
IGKV1-BK4T*17,IGKV,FALSE,TRUE,TRUE,TRUE
IGKV1-BK4T*18,IGKV,FALSE,FALSE,TRUE,FALSE
IGKV1-BK4T*19,IGKV,FALSE,FALSE,TRUE,FALSE
IGKV1-BK4T*20,IGKV,FALSE,FALSE,TRUE,FALSE
IGKV1-BK4T*21,IGKV,FALSE,TRUE,TRUE,TRUE
IGKV1-BK4T*22,IGKV,FALSE,FALSE,TRUE,FALSE
IGKV1-BK4T*23,IGKV,FALSE,FALSE,TRUE,FALSE
IGKV1-BKSL*01,IGKV,TRUE,TRUE,TRUE,TRUE
IGKV1-BKSL*02,IGKV,FALSE,TRUE,TRUE,TRUE
IGKV1-BKSL*03,IGKV,FALSE,TRUE,TRUE,FALSE
IGKV1-BKSL*04,IGKV,FALSE,TRUE,FALSE,FALSE
IGKV1-BKSL*05,IGKV,TRUE,TRUE,TRUE,FALSE
IGKV1-BKSL*06,IGKV,FALSE,TRUE,FALSE,FALSE
IGKV1-DFTS*01,IGKV,TRUE,TRUE,TRUE,TRUE
IGKV1-DUWK*01,IGKV,TRUE,TRUE,TRUE,TRUE
IGKV1-DUWK*02,IGKV,FALSE,FALSE,TRUE,FALSE
IGKV1-DUWK*03,IGKV,FALSE,FALSE,TRUE,FALSE
IGKV1-DUWK*04,IGKV,TRUE,TRUE,TRUE,TRUE
IGKV1-DUWK*05,IGKV,FALSE,TRUE,TRUE,TRUE
IGKV1-DUWK*06,IGKV,FALSE,FALSE,FALSE,TRUE
IGKV1-DUWK*07,IGKV,FALSE,FALSE,TRUE,FALSE
IGKV1-DUWK*08,IGKV,FALSE,FALSE,TRUE,FALSE
IGKV1-DUWK*09,IGKV,FALSE,FALSE,TRUE,TRUE
IGKV1-DUWK*10,IGKV,TRUE,TRUE,TRUE,FALSE
IGKV1-FKL5*01,IGKV,TRUE,TRUE,TRUE,TRUE
IGKV1-FKL5*02,IGKV,FALSE,TRUE,FALSE,FALSE
IGKV1-FKL5*03,IGKV,FALSE,TRUE,FALSE,FALSE
IGKV1-FKL5*04,IGKV,FALSE,FALSE,TRUE,FALSE
IGKV1-FKL5*05,IGKV,FALSE,FALSE,TRUE,FALSE
IGKV1-FKL5*06,IGKV,FALSE,TRUE,TRUE,TRUE
IGKV1-FKL5*07,IGKV,FALSE,FALSE,TRUE,FALSE
IGKV1-FKL5*08,IGKV,FALSE,TRUE,TRUE,TRUE
IGKV1-FKL5*09,IGKV,FALSE,TRUE,TRUE,FALSE
IGKV1-FKL5*10,IGKV,FALSE,TRUE,FALSE,FALSE
IGKV1-FKL5*11,IGKV,FALSE,TRUE,TRUE,FALSE
IGKV1-FKL5*12,IGKV,TRUE,TRUE,TRUE,TRUE
IGKV1-FKL5*13,IGKV,FALSE,FALSE,TRUE,FALSE
IGKV1-FKL5*14,IGKV,FALSE,TRUE,FALSE,FALSE
IGKV1-FKL5*15,IGKV,FALSE,TRUE,TRUE,FALSE
IGKV1-FKL5*16,IGKV,FALSE,FALSE,TRUE,FALSE
IGKV1-FKL5*17,IGKV,FALSE,FALSE,FALSE,TRUE
IGKV1-JQUW*01,IGKV,TRUE,TRUE,TRUE,TRUE
IGKV1-JQUW*02,IGKV,FALSE,TRUE,FALSE,FALSE
IGKV1-JQUW*03,IGKV,FALSE,TRUE,FALSE,FALSE
IGKV1-JQUW*04,IGKV,FALSE,TRUE,TRUE,TRUE
IGKV1-JQUW*05,IGKV,TRUE,TRUE,TRUE,TRUE
IGKV1-JQUW*06,IGKV,FALSE,TRUE,TRUE,TRUE
IGKV1-L65H*01,IGKV,TRUE,TRUE,TRUE,TRUE
IGKV1-L65H*02,IGKV,FALSE,TRUE,FALSE,FALSE
IGKV1-L65H*03,IGKV,FALSE,FALSE,FALSE,TRUE
IGKV1-L65H*04,IGKV,FALSE,FALSE,TRUE,FALSE
IGKV1-L65H*05,IGKV,FALSE,TRUE,TRUE,FALSE
IGKV1-L65H*06,IGKV,TRUE,TRUE,TRUE,TRUE
IGKV1-L65H*07,IGKV,FALSE,TRUE,FALSE,FALSE
IGKV1-L65H*08,IGKV,FALSE,FALSE,FALSE,TRUE
IGKV1-MK7N*01,IGKV,FALSE,TRUE,FALSE,FALSE
IGKV1-NOS4*01,IGKV,TRUE,TRUE,TRUE,TRUE
IGKV1-NOS4*02,IGKV,FALSE,TRUE,TRUE,TRUE
IGKV1-NOS4*03,IGKV,FALSE,TRUE,FALSE,FALSE
IGKV1-NOS4*04,IGKV,FALSE,FALSE,TRUE,FALSE
IGKV1-NOS4*05,IGKV,FALSE,TRUE,FALSE,TRUE
IGKV1-NOS4*06,IGKV,FALSE,FALSE,TRUE,FALSE
IGKV1-NOS4*07,IGKV,FALSE,TRUE,FALSE,FALSE
IGKV1-OC5J*01,IGKV,TRUE,TRUE,TRUE,TRUE
IGKV1-OC5J*02,IGKV,FALSE,FALSE,TRUE,FALSE
IGKV1-OC5J*03,IGKV,FALSE,FALSE,FALSE,TRUE
IGKV1-OC5J*04,IGKV,FALSE,FALSE,FALSE,TRUE
IGKV1-OC5J*05,IGKV,FALSE,FALSE,FALSE,TRUE
IGKV1-OC5J*06,IGKV,FALSE,FALSE,TRUE,FALSE
IGKV1-OC5J*07,IGKV,FALSE,TRUE,TRUE,FALSE
IGKV1-OC5J*08,IGKV,FALSE,TRUE,TRUE,TRUE
IGKV1-U5SM*01,IGKV,FALSE,TRUE,FALSE,FALSE
IGKV1-X533*01,IGKV,TRUE,TRUE,TRUE,TRUE
IGKV1-X533*02,IGKV,FALSE,TRUE,FALSE,FALSE
IGKV1-X533*03,IGKV,FALSE,TRUE,FALSE,FALSE
IGKV1-X533*04,IGKV,FALSE,FALSE,TRUE,FALSE
IGKV1-X533*05,IGKV,FALSE,FALSE,FALSE,TRUE
IGKV1-X533*06,IGKV,FALSE,FALSE,TRUE,FALSE
IGKV1-X533*07,IGKV,FALSE,TRUE,TRUE,TRUE
IGKV1-X533*08,IGKV,FALSE,FALSE,TRUE,FALSE
IGKV1-X533*09,IGKV,FALSE,FALSE,FALSE,TRUE
IGKV2-A3RK*01,IGKV,TRUE,TRUE,TRUE,TRUE
IGKV2-A3RK*02,IGKV,FALSE,FALSE,TRUE,FALSE
IGKV2-A3RK*03,IGKV,FALSE,FALSE,TRUE,FALSE
IGKV2-A3RK*04,IGKV,FALSE,FALSE,FALSE,TRUE
IGKV2-A3RK*05,IGKV,TRUE,FALSE,FALSE,FALSE
IGKV2-A3RK*06,IGKV,FALSE,FALSE,FALSE,FALSE
IGKV2-A3RK*07,IGKV,FALSE,TRUE,FALSE,FALSE
IGKV2-A3RK*08,IGKV,TRUE,TRUE,TRUE,TRUE
IGKV2-A3RK*09,IGKV,FALSE,FALSE,TRUE,FALSE
IGKV2-A3RK*10,IGKV,FALSE,TRUE,TRUE,TRUE
IGKV2-BQEN*01,IGKV,TRUE,TRUE,TRUE,TRUE
IGKV2-BQEN*02,IGKV,TRUE,TRUE,TRUE,TRUE
IGKV2-BQEN*03,IGKV,FALSE,TRUE,TRUE,FALSE
IGKV2-BQEN*04,IGKV,TRUE,TRUE,TRUE,TRUE
IGKV2-BQEN*05,IGKV,FALSE,FALSE,TRUE,FALSE
IGKV2-BQEN*06,IGKV,FALSE,TRUE,TRUE,TRUE
IGKV2-BQEN*07,IGKV,FALSE,TRUE,FALSE,FALSE
IGKV2-BQEN*08,IGKV,FALSE,TRUE,FALSE,FALSE
IGKV2-BQEN*09,IGKV,FALSE,FALSE,TRUE,FALSE
IGKV2-BQEN*10,IGKV,FALSE,TRUE,TRUE,TRUE
IGKV2-BQEN*11,IGKV,FALSE,FALSE,TRUE,FALSE
IGKV2-CGHO*01,IGKV,TRUE,TRUE,TRUE,TRUE
IGKV2-CGHO*02,IGKV,TRUE,FALSE,FALSE,FALSE
IGKV2-CGHO*03,IGKV,FALSE,TRUE,TRUE,TRUE
IGKV2-CGHO*04,IGKV,FALSE,FALSE,TRUE,FALSE
IGKV2-CGHO*05,IGKV,TRUE,TRUE,TRUE,TRUE
IGKV2-CGHO*06,IGKV,FALSE,TRUE,FALSE,FALSE
IGKV2-CGHO*07,IGKV,FALSE,FALSE,TRUE,FALSE
IGKV2-CGHO*08,IGKV,FALSE,TRUE,TRUE,FALSE
IGKV2-CGHO*09,IGKV,TRUE,TRUE,TRUE,TRUE
IGKV2-CGHO*10,IGKV,FALSE,FALSE,TRUE,FALSE
IGKV2-CGHO*11,IGKV,FALSE,FALSE,TRUE,FALSE
IGKV2-CGHO*12,IGKV,FALSE,FALSE,FALSE,TRUE
IGKV2-CGHO*13,IGKV,FALSE,TRUE,TRUE,FALSE
IGKV2-DWDB*01,IGKV,TRUE,FALSE,FALSE,FALSE
IGKV2-DWDB*02,IGKV,TRUE,FALSE,FALSE,FALSE
IGKV2-G2PE*01,IGKV,TRUE,TRUE,TRUE,TRUE
IGKV2-G2PE*02,IGKV,FALSE,TRUE,TRUE,FALSE
IGKV2-G2PE*03,IGKV,FALSE,FALSE,TRUE,FALSE
IGKV2-G2PE*04,IGKV,FALSE,FALSE,TRUE,FALSE
IGKV2-G2PE*05,IGKV,FALSE,TRUE,TRUE,TRUE
IGKV2-G2PE*06,IGKV,FALSE,TRUE,TRUE,TRUE
IGKV2-G2PE*07,IGKV,FALSE,TRUE,TRUE,TRUE
IGKV2-G2PE*08,IGKV,FALSE,TRUE,TRUE,TRUE
IGKV2-G2PE*09,IGKV,FALSE,FALSE,FALSE,TRUE
IGKV2-G2PE*10,IGKV,FALSE,TRUE,TRUE,TRUE
IGKV2-PKSK*01,IGKV,TRUE,TRUE,TRUE,TRUE
IGKV2-PKSK*02,IGKV,FALSE,TRUE,FALSE,FALSE
IGKV2-PKSK*03,IGKV,FALSE,TRUE,FALSE,FALSE
IGKV2-PKSK*04,IGKV,FALSE,FALSE,TRUE,FALSE
IGKV2-PKSK*05,IGKV,FALSE,TRUE,TRUE,TRUE
IGKV2-PKSK*06,IGKV,FALSE,TRUE,TRUE,FALSE
IGKV2-PKSK*07,IGKV,FALSE,TRUE,TRUE,TRUE
IGKV2-PKSK*08,IGKV,FALSE,FALSE,TRUE,FALSE
IGKV2-PKSK*09,IGKV,FALSE,TRUE,TRUE,TRUE
IGKV2-Q442*01,IGKV,TRUE,TRUE,TRUE,TRUE
IGKV2-Q442*02,IGKV,FALSE,TRUE,FALSE,FALSE
IGKV2-Q442*03,IGKV,FALSE,TRUE,FALSE,FALSE
IGKV2-Q442*04,IGKV,FALSE,TRUE,FALSE,FALSE
IGKV2-Q442*05,IGKV,FALSE,TRUE,TRUE,FALSE
IGKV2-Q442*06,IGKV,FALSE,TRUE,TRUE,FALSE
IGKV2-Q442*07,IGKV,FALSE,FALSE,TRUE,FALSE
IGKV2-Q442*08,IGKV,FALSE,TRUE,TRUE,FALSE
IGKV2-ZOJP*01,IGKV,TRUE,FALSE,FALSE,FALSE
IGKV3-5E6W*01,IGKV,TRUE,TRUE,TRUE,TRUE
IGKV3-5E6W*02,IGKV,FALSE,TRUE,FALSE,FALSE
IGKV3-5E6W*03,IGKV,FALSE,FALSE,TRUE,FALSE
IGKV3-5E6W*04,IGKV,FALSE,TRUE,TRUE,FALSE
IGKV3-5E6W*05,IGKV,FALSE,FALSE,TRUE,FALSE
IGKV3-5E6W*06,IGKV,FALSE,FALSE,TRUE,FALSE
IGKV3-5E6W*07,IGKV,TRUE,TRUE,TRUE,TRUE
IGKV3-5E6W*08,IGKV,FALSE,FALSE,TRUE,FALSE
IGKV3-5E6W*09,IGKV,FALSE,TRUE,FALSE,FALSE
IGKV3-5E6W*10,IGKV,FALSE,FALSE,TRUE,FALSE
IGKV3-5E6W*11,IGKV,FALSE,TRUE,TRUE,FALSE
IGKV3-5E6W*12,IGKV,FALSE,FALSE,TRUE,FALSE
IGKV3-5E6W*13,IGKV,FALSE,TRUE,TRUE,FALSE
IGKV3-5E6W*14,IGKV,FALSE,FALSE,TRUE,FALSE
IGKV3-5E6W*15,IGKV,TRUE,TRUE,TRUE,TRUE
IGKV3-5E6W*16,IGKV,FALSE,TRUE,FALSE,FALSE
IGKV3-5E6W*17,IGKV,FALSE,FALSE,TRUE,FALSE
IGKV3-5E6W*18,IGKV,FALSE,FALSE,TRUE,FALSE
IGKV3-5E6W*19,IGKV,FALSE,FALSE,TRUE,FALSE
IGKV3-AE3X*01,IGKV,TRUE,TRUE,TRUE,TRUE
IGKV3-AE3X*02,IGKV,FALSE,TRUE,TRUE,TRUE
IGKV3-AE3X*03,IGKV,FALSE,TRUE,TRUE,TRUE
IGKV3-AE3X*04,IGKV,FALSE,TRUE,TRUE,FALSE
IGKV3-AE3X*05,IGKV,FALSE,TRUE,TRUE,FALSE
IGKV3-AE3X*06,IGKV,FALSE,FALSE,TRUE,FALSE
IGKV3-AE3X*07,IGKV,TRUE,TRUE,TRUE,TRUE
IGKV3-AE3X*08,IGKV,FALSE,TRUE,FALSE,FALSE
IGKV3-AE3X*09,IGKV,FALSE,TRUE,TRUE,TRUE
IGKV3-AE3X*10,IGKV,FALSE,FALSE,TRUE,TRUE
IGKV3-AE3X*11,IGKV,FALSE,TRUE,TRUE,TRUE
IGKV3-AE3X*12,IGKV,FALSE,FALSE,TRUE,FALSE
IGKV3-AE3X*13,IGKV,FALSE,TRUE,TRUE,TRUE
IGKV3-AE3X*14,IGKV,FALSE,TRUE,TRUE,FALSE
IGKV3-AE3X*15,IGKV,FALSE,TRUE,FALSE,FALSE
IGKV3-AE3X*16,IGKV,FALSE,FALSE,TRUE,FALSE
IGKV3-AE3X*17,IGKV,FALSE,TRUE,TRUE,TRUE
IGKV3-AE3X*18,IGKV,TRUE,TRUE,TRUE,TRUE
IGKV3-AE3X*19,IGKV,FALSE,TRUE,FALSE,FALSE
IGKV3-AE3X*20,IGKV,FALSE,FALSE,FALSE,TRUE
IGKV3-AE3X*21,IGKV,FALSE,TRUE,TRUE,FALSE
IGKV3-AO4Z*01,IGKV,TRUE,TRUE,TRUE,TRUE
IGKV3-AO4Z*02,IGKV,FALSE,FALSE,TRUE,FALSE
IGKV3-AO4Z*03,IGKV,FALSE,TRUE,TRUE,FALSE
IGKV3-AO4Z*04,IGKV,FALSE,FALSE,TRUE,FALSE
IGKV3-AO4Z*05,IGKV,TRUE,TRUE,TRUE,TRUE
IGKV3-AO4Z*06,IGKV,FALSE,FALSE,TRUE,FALSE
IGKV3-AO4Z*07,IGKV,FALSE,FALSE,TRUE,FALSE
IGKV3-AO4Z*08,IGKV,FALSE,FALSE,TRUE,TRUE
IGKV3-AO4Z*09,IGKV,FALSE,FALSE,TRUE,FALSE
IGKV3-AO4Z*10,IGKV,FALSE,TRUE,TRUE,TRUE
IGKV3-AO4Z*11,IGKV,FALSE,TRUE,FALSE,FALSE
IGKV3-AO4Z*12,IGKV,FALSE,FALSE,TRUE,FALSE
IGKV3-AO4Z*13,IGKV,FALSE,TRUE,TRUE,FALSE
IGKV3-AO4Z*14,IGKV,FALSE,TRUE,TRUE,FALSE
IGKV3-AO4Z*15,IGKV,FALSE,TRUE,TRUE,TRUE
IGKV3-AO4Z*16,IGKV,FALSE,FALSE,TRUE,FALSE
IGKV3-CCX7*01,IGKV,TRUE,TRUE,TRUE,TRUE
IGKV3-CCX7*02,IGKV,FALSE,FALSE,TRUE,FALSE
IGKV3-CCX7*03,IGKV,FALSE,TRUE,TRUE,FALSE
IGKV3-CCX7*04,IGKV,FALSE,FALSE,FALSE,TRUE
IGKV3-CCX7*05,IGKV,TRUE,TRUE,TRUE,TRUE
IGKV3-CCX7*06,IGKV,FALSE,TRUE,FALSE,FALSE
IGKV3-CCX7*07,IGKV,FALSE,TRUE,TRUE,TRUE
IGKV3-CCX7*08,IGKV,FALSE,FALSE,TRUE,FALSE
IGKV3-CCX7*09,IGKV,FALSE,TRUE,FALSE,FALSE
IGKV3-CCX7*10,IGKV,FALSE,FALSE,TRUE,FALSE
IGKV3-CCX7*11,IGKV,FALSE,TRUE,TRUE,FALSE
IGKV4-HIV4*01,IGKV,TRUE,TRUE,TRUE,TRUE
IGKV4-HIV4*02,IGKV,FALSE,FALSE,TRUE,FALSE
IGKV4-HIV4*03,IGKV,TRUE,TRUE,TRUE,TRUE
IGKV4-HIV4*04,IGKV,FALSE,TRUE,FALSE,FALSE
IGKV4-HIV4*05,IGKV,FALSE,FALSE,TRUE,FALSE
IGKV4-HIV4*06,IGKV,FALSE,FALSE,TRUE,FALSE
IGKV4-HIV4*07,IGKV,FALSE,FALSE,FALSE,TRUE
IGKV4-HIV4*08,IGKV,FALSE,FALSE,TRUE,FALSE
IGKV4-HIV4*09,IGKV,FALSE,FALSE,TRUE,FALSE
IGKV4-HIV4*10,IGKV,FALSE,FALSE,TRUE,FALSE
IGKV4-HIV4*11,IGKV,FALSE,FALSE,TRUE,FALSE
IGKV4-HIV4*12,IGKV,FALSE,TRUE,TRUE,FALSE
IGKV5-RLLS*01,IGKV,TRUE,TRUE,TRUE,TRUE
IGKV5-RLLS*02,IGKV,FALSE,TRUE,FALSE,FALSE
IGKV5-RLLS*03,IGKV,FALSE,TRUE,TRUE,FALSE
IGKV5-RLLS*04,IGKV,TRUE,TRUE,TRUE,TRUE
IGKV6-FFUB*01,IGKV,TRUE,TRUE,TRUE,TRUE
IGKV6-FFUB*02,IGKV,FALSE,FALSE,TRUE,FALSE
IGKV6-FFUB*03,IGKV,FALSE,FALSE,TRUE,FALSE
IGKV6-FFUB*04,IGKV,FALSE,TRUE,FALSE,FALSE
IGKV6-FFUB*05,IGKV,FALSE,TRUE,TRUE,FALSE
IGKV6-FFUB*06,IGKV,TRUE,TRUE,TRUE,TRUE
IGKV6-FFUB*07,IGKV,FALSE,TRUE,TRUE,TRUE
IGKV6-FFUB*08,IGKV,TRUE,TRUE,TRUE,TRUE
IGKV6-FFUB*09,IGKV,FALSE,FALSE,TRUE,FALSE
IGKV6-FFUB*10,IGKV,FALSE,FALSE,TRUE,FALSE
IGKV6-GFDV*01,IGKV,TRUE,TRUE,TRUE,TRUE
IGKV6-GFDV*02,IGKV,FALSE,TRUE,TRUE,TRUE
IGLJ1-Q3GE*01,IGLJ,TRUE,TRUE,TRUE,TRUE
IGLJ2-32ZQ*05,IGLJ,FALSE,FALSE,TRUE,FALSE
IGLJ2-32ZQ*06,IGLJ,FALSE,FALSE,TRUE,FALSE
IGLJ2-32ZQ*07,IGLJ,FALSE,FALSE,TRUE,FALSE
IGLJ2-Z2XT*01,IGLJ,FALSE,TRUE,TRUE,TRUE
IGLJ2/3-32ZQ*01,IGLJ,TRUE,TRUE,TRUE,TRUE
IGLJ2/3-32ZQ*04,IGLJ,TRUE,TRUE,TRUE,TRUE
IGLJ3-32ZQ*02,IGLJ,FALSE,FALSE,TRUE,FALSE
IGLJ3-32ZQ*03,IGLJ,FALSE,TRUE,TRUE,FALSE
IGLJ4-6NHQ*01,IGLJ,TRUE,TRUE,TRUE,TRUE
IGLJ5-4BQL*01,IGLJ,TRUE,TRUE,TRUE,TRUE
IGLJ5-4BQL*02,IGLJ,TRUE,TRUE,TRUE,TRUE
IGLJ5-4BQL*03,IGLJ,FALSE,FALSE,TRUE,FALSE
IGLJ6-PJ6F*01,IGLJ,TRUE,TRUE,TRUE,TRUE
IGLJ7-BG5J*01,IGLJ,TRUE,TRUE,TRUE,TRUE
IGLJ7-BG5J*02,IGLJ,TRUE,TRUE,TRUE,TRUE
IGLJ7-BG5J*03,IGLJ,FALSE,TRUE,FALSE,FALSE
IGLJ7-BG5J*04,IGLJ,FALSE,FALSE,FALSE,TRUE
IGLV1-2N7T*01,IGLV,TRUE,FALSE,FALSE,FALSE
IGLV1-2N7T*02,IGLV,TRUE,TRUE,TRUE,TRUE
IGLV1-2N7T*03,IGLV,FALSE,TRUE,TRUE,TRUE
IGLV1-2N7T*04,IGLV,FALSE,FALSE,TRUE,FALSE
IGLV1-2N7T*05,IGLV,FALSE,TRUE,TRUE,TRUE
IGLV1-2N7T*06,IGLV,FALSE,TRUE,TRUE,TRUE
IGLV1-2N7T*07,IGLV,FALSE,FALSE,TRUE,FALSE
IGLV1-3LR7*01,IGLV,TRUE,TRUE,TRUE,TRUE
IGLV1-3LR7*02,IGLV,FALSE,FALSE,TRUE,FALSE
IGLV1-3LR7*03,IGLV,FALSE,TRUE,TRUE,FALSE
IGLV1-3LR7*04,IGLV,FALSE,FALSE,TRUE,FALSE
IGLV1-3LR7*05,IGLV,FALSE,TRUE,TRUE,FALSE
IGLV1-3LR7*06,IGLV,TRUE,TRUE,TRUE,TRUE
IGLV1-3LR7*07,IGLV,FALSE,FALSE,TRUE,TRUE
IGLV1-3LR7*08,IGLV,FALSE,FALSE,TRUE,TRUE
IGLV1-3LR7*09,IGLV,FALSE,TRUE,FALSE,FALSE
IGLV1-3LR7*10,IGLV,FALSE,FALSE,TRUE,FALSE
IGLV1-7GPM*01,IGLV,TRUE,TRUE,TRUE,TRUE
IGLV1-7GPM*02,IGLV,FALSE,TRUE,FALSE,FALSE
IGLV1-7GPM*03,IGLV,FALSE,FALSE,FALSE,TRUE
IGLV1-7GPM*04,IGLV,FALSE,FALSE,TRUE,TRUE
IGLV1-7GPM*05,IGLV,FALSE,TRUE,TRUE,TRUE
IGLV1-7GPM*06,IGLV,FALSE,TRUE,TRUE,TRUE
IGLV1-7GPM*07,IGLV,FALSE,TRUE,TRUE,FALSE
IGLV1-7GPM*08,IGLV,FALSE,FALSE,TRUE,FALSE
IGLV1-7GPM*09,IGLV,TRUE,FALSE,FALSE,FALSE
IGLV1-7GPM*10,IGLV,TRUE,TRUE,FALSE,FALSE
IGLV1-7GPM*11,IGLV,TRUE,TRUE,TRUE,TRUE
IGLV1-7GPM*12,IGLV,FALSE,FALSE,TRUE,FALSE
IGLV1-7GPM*13,IGLV,FALSE,FALSE,TRUE,FALSE
IGLV1-7GPM*14,IGLV,FALSE,TRUE,TRUE,TRUE
IGLV1-7GPM*15,IGLV,FALSE,TRUE,FALSE,FALSE
IGLV1-7GPM*16,IGLV,FALSE,TRUE,TRUE,TRUE
IGLV1-7GPM*17,IGLV,FALSE,TRUE,TRUE,TRUE
IGLV1-7GPM*18,IGLV,FALSE,TRUE,TRUE,TRUE
IGLV1-7GPM*19,IGLV,TRUE,TRUE,TRUE,TRUE
IGLV1-7GPM*20,IGLV,FALSE,TRUE,TRUE,FALSE
IGLV1-7GPM*21,IGLV,FALSE,FALSE,TRUE,FALSE
IGLV1-F7S3*01,IGLV,TRUE,TRUE,TRUE,TRUE
IGLV1-F7S3*02,IGLV,FALSE,TRUE,TRUE,TRUE
IGLV1-F7S3*03,IGLV,FALSE,TRUE,TRUE,FALSE
IGLV1-F7S3*04,IGLV,FALSE,TRUE,TRUE,FALSE
IGLV1-F7S3*05,IGLV,FALSE,TRUE,TRUE,TRUE
IGLV1-F7S3*06,IGLV,FALSE,TRUE,TRUE,FALSE
IGLV1-F7S3*07,IGLV,FALSE,FALSE,FALSE,TRUE
IGLV1-F7S3*08,IGLV,TRUE,TRUE,TRUE,TRUE
IGLV1-I7TN*01,IGLV,TRUE,TRUE,TRUE,TRUE
IGLV1-I7TN*02,IGLV,FALSE,FALSE,TRUE,FALSE
IGLV1-I7TN*03,IGLV,FALSE,TRUE,FALSE,FALSE
IGLV1-I7TN*04,IGLV,FALSE,FALSE,TRUE,FALSE
IGLV1-I7TN*05,IGLV,FALSE,TRUE,FALSE,FALSE
IGLV1-I7TN*06,IGLV,FALSE,TRUE,FALSE,FALSE
IGLV1-I7TN*07,IGLV,FALSE,FALSE,FALSE,TRUE
IGLV1-I7TN*08,IGLV,FALSE,TRUE,TRUE,TRUE
IGLV1-I7TN*09,IGLV,FALSE,FALSE,TRUE,FALSE
IGLV1-I7TN*10,IGLV,FALSE,TRUE,TRUE,TRUE
IGLV1-I7TN*11,IGLV,FALSE,FALSE,FALSE,TRUE
IGLV1-I7TN*12,IGLV,FALSE,FALSE,TRUE,FALSE
IGLV1-I7TN*13,IGLV,FALSE,FALSE,TRUE,FALSE
IGLV1-IRYE*01,IGLV,TRUE,TRUE,TRUE,TRUE
IGLV1-IRYE*02,IGLV,FALSE,TRUE,FALSE,FALSE
IGLV1-IRYE*03,IGLV,FALSE,TRUE,FALSE,FALSE
IGLV1-IRYE*04,IGLV,FALSE,TRUE,TRUE,TRUE
IGLV1-IRYE*05,IGLV,FALSE,TRUE,TRUE,FALSE
IGLV1-IRYE*06,IGLV,FALSE,TRUE,TRUE,TRUE
IGLV1-IRYE*07,IGLV,FALSE,FALSE,TRUE,FALSE
IGLV1-IRYE*08,IGLV,FALSE,FALSE,FALSE,TRUE
IGLV1-IRYE*09,IGLV,FALSE,TRUE,FALSE,FALSE
IGLV1-IRYE*10,IGLV,FALSE,TRUE,TRUE,TRUE
IGLV1-NSTN*01,IGLV,FALSE,TRUE,FALSE,FALSE
IGLV10-4DES*01,IGLV,TRUE,TRUE,TRUE,TRUE
IGLV10-4DES*02,IGLV,FALSE,TRUE,FALSE,TRUE
IGLV10-4DES*03,IGLV,FALSE,FALSE,TRUE,TRUE
IGLV10-4DES*04,IGLV,TRUE,TRUE,TRUE,TRUE
IGLV10-4DES*05,IGLV,FALSE,TRUE,FALSE,FALSE
IGLV10-4DES*06,IGLV,FALSE,FALSE,TRUE,FALSE
IGLV10-4DES*07,IGLV,FALSE,TRUE,TRUE,FALSE
IGLV10-4DES*08,IGLV,TRUE,TRUE,TRUE,TRUE
IGLV10-4DES*09,IGLV,FALSE,TRUE,TRUE,FALSE
IGLV10-4DES*10,IGLV,FALSE,FALSE,TRUE,TRUE
IGLV10-4DES*11,IGLV,FALSE,FALSE,TRUE,FALSE
IGLV10-4DES*12,IGLV,TRUE,TRUE,TRUE,TRUE
IGLV10-4DES*13,IGLV,FALSE,FALSE,TRUE,FALSE
IGLV10-4DES*14,IGLV,FALSE,TRUE,TRUE,TRUE
IGLV11-V5G2*01,IGLV,TRUE,TRUE,TRUE,TRUE
IGLV11-V5G2*02,IGLV,FALSE,TRUE,FALSE,FALSE
IGLV11-V5G2*03,IGLV,FALSE,TRUE,FALSE,FALSE
IGLV11-V5G2*04,IGLV,FALSE,TRUE,TRUE,FALSE
IGLV11-V5G2*05,IGLV,TRUE,TRUE,TRUE,TRUE
IGLV11-V5G2*06,IGLV,FALSE,FALSE,TRUE,FALSE
IGLV11-V5G2*07,IGLV,FALSE,FALSE,TRUE,FALSE
IGLV11-V5G2*08,IGLV,FALSE,FALSE,TRUE,FALSE
IGLV11-V5G2*09,IGLV,FALSE,FALSE,TRUE,FALSE
IGLV11-V5G2*10,IGLV,FALSE,FALSE,TRUE,FALSE
IGLV11-V5G2*11,IGLV,FALSE,TRUE,TRUE,TRUE
IGLV11-V5G2*12,IGLV,FALSE,TRUE,TRUE,FALSE
IGLV2-2ATY*01,IGLV,TRUE,TRUE,TRUE,TRUE
IGLV2-2ATY*02,IGLV,TRUE,TRUE,TRUE,TRUE
IGLV2-2ATY*03,IGLV,FALSE,TRUE,TRUE,TRUE
IGLV2-2ATY*04,IGLV,FALSE,TRUE,FALSE,FALSE
IGLV2-2ATY*05,IGLV,FALSE,FALSE,TRUE,FALSE
IGLV2-2ATY*06,IGLV,FALSE,TRUE,TRUE,FALSE
IGLV2-2ATY*07,IGLV,FALSE,TRUE,FALSE,FALSE
IGLV2-2ATY*08,IGLV,FALSE,TRUE,FALSE,FALSE
IGLV2-2ATY*09,IGLV,FALSE,TRUE,FALSE,FALSE
IGLV2-2ATY*10,IGLV,FALSE,TRUE,FALSE,FALSE
IGLV2-2ATY*11,IGLV,TRUE,TRUE,TRUE,TRUE
IGLV2-2ATY*12,IGLV,FALSE,FALSE,TRUE,FALSE
IGLV2-2ATY*13,IGLV,FALSE,TRUE,FALSE,FALSE
IGLV2-2ATY*14,IGLV,FALSE,FALSE,TRUE,FALSE
IGLV2-2ATY*15,IGLV,FALSE,FALSE,FALSE,TRUE
IGLV2-2ATY*16,IGLV,FALSE,TRUE,TRUE,FALSE
IGLV2-2ATY*17,IGLV,FALSE,FALSE,TRUE,FALSE
IGLV2-2ATY*18,IGLV,FALSE,FALSE,TRUE,TRUE
IGLV2-2ATY*19,IGLV,FALSE,FALSE,TRUE,FALSE
IGLV2-35JA*01,IGLV,TRUE,TRUE,TRUE,TRUE
IGLV2-35JA*02,IGLV,FALSE,TRUE,TRUE,FALSE
IGLV2-35JA*03,IGLV,FALSE,TRUE,TRUE,TRUE
IGLV2-35JA*04,IGLV,FALSE,TRUE,TRUE,FALSE
IGLV2-3H25*01,IGLV,TRUE,TRUE,TRUE,TRUE
IGLV2-3H25*02,IGLV,FALSE,TRUE,FALSE,FALSE
IGLV2-3H25*03,IGLV,FALSE,TRUE,FALSE,FALSE
IGLV2-3H25*04,IGLV,FALSE,TRUE,TRUE,TRUE
IGLV2-3H25*05,IGLV,FALSE,FALSE,TRUE,FALSE
IGLV2-3H25*06,IGLV,TRUE,TRUE,TRUE,TRUE
IGLV2-3H25*07,IGLV,FALSE,FALSE,TRUE,FALSE
IGLV2-3H25*08,IGLV,TRUE,TRUE,TRUE,TRUE
IGLV2-3H25*09,IGLV,FALSE,FALSE,TRUE,FALSE
IGLV2-3H25*10,IGLV,FALSE,TRUE,TRUE,TRUE
IGLV2-3H25*11,IGLV,TRUE,TRUE,TRUE,TRUE
IGLV2-3H25*12,IGLV,FALSE,TRUE,TRUE,TRUE
IGLV2-3H25*13,IGLV,FALSE,TRUE,TRUE,FALSE
IGLV2-3H25*14,IGLV,TRUE,TRUE,TRUE,TRUE
IGLV2-3H25*15,IGLV,TRUE,TRUE,TRUE,TRUE
IGLV2-3H25*16,IGLV,FALSE,TRUE,TRUE,TRUE
IGLV2-3H25*17,IGLV,FALSE,FALSE,TRUE,FALSE
IGLV2-3H25*18,IGLV,TRUE,TRUE,TRUE,TRUE
IGLV2-3H25*19,IGLV,FALSE,TRUE,FALSE,FALSE
IGLV2-3H25*20,IGLV,FALSE,TRUE,TRUE,FALSE
IGLV2-3H25*21,IGLV,TRUE,TRUE,TRUE,TRUE
IGLV2-3H25*22,IGLV,FALSE,FALSE,TRUE,FALSE
IGLV2-3H25*23,IGLV,FALSE,TRUE,TRUE,FALSE
IGLV2-577O*01,IGLV,TRUE,TRUE,TRUE,TRUE
IGLV2-577O*02,IGLV,FALSE,TRUE,FALSE,FALSE
IGLV2-577O*03,IGLV,FALSE,TRUE,TRUE,FALSE
IGLV2-577O*04,IGLV,FALSE,FALSE,TRUE,FALSE
IGLV2-577O*05,IGLV,TRUE,TRUE,TRUE,TRUE
IGLV2-577O*06,IGLV,FALSE,TRUE,FALSE,FALSE
IGLV2-577O*07,IGLV,FALSE,FALSE,TRUE,FALSE
IGLV2-577O*08,IGLV,FALSE,TRUE,TRUE,TRUE
IGLV2-577O*09,IGLV,FALSE,FALSE,TRUE,FALSE
IGLV3-3O5X*01,IGLV,TRUE,TRUE,TRUE,TRUE
IGLV3-3O5X*02,IGLV,FALSE,FALSE,FALSE,TRUE
IGLV3-3O5X*03,IGLV,FALSE,FALSE,TRUE,FALSE
IGLV3-3O5X*04,IGLV,FALSE,FALSE,TRUE,FALSE
IGLV3-3O5X*05,IGLV,FALSE,FALSE,TRUE,FALSE
IGLV3-3O5X*06,IGLV,FALSE,TRUE,FALSE,FALSE
IGLV3-3O5X*07,IGLV,FALSE,FALSE,TRUE,FALSE
IGLV3-3O5X*08,IGLV,FALSE,TRUE,TRUE,FALSE
IGLV3-3O5X*09,IGLV,FALSE,FALSE,TRUE,FALSE
IGLV3-3O5X*10,IGLV,TRUE,TRUE,TRUE,TRUE
IGLV3-3O5X*11,IGLV,FALSE,FALSE,TRUE,FALSE
IGLV3-3O5X*12,IGLV,FALSE,FALSE,FALSE,TRUE
IGLV3-3O5X*13,IGLV,FALSE,FALSE,TRUE,FALSE
IGLV3-3O5X*14,IGLV,FALSE,FALSE,TRUE,FALSE
IGLV3-3O5X*15,IGLV,FALSE,TRUE,TRUE,TRUE
IGLV3-3O5X*16,IGLV,FALSE,FALSE,TRUE,FALSE
IGLV3-3O5X*17,IGLV,FALSE,TRUE,TRUE,FALSE
IGLV3-3O5X*18,IGLV,FALSE,FALSE,TRUE,FALSE
IGLV3-3O5X*19,IGLV,FALSE,FALSE,TRUE,FALSE
IGLV3-3O5X*20,IGLV,TRUE,TRUE,TRUE,TRUE
IGLV3-3O5X*21,IGLV,TRUE,TRUE,TRUE,TRUE
IGLV3-3O5X*22,IGLV,TRUE,TRUE,TRUE,TRUE
IGLV3-3O5X*23,IGLV,FALSE,FALSE,TRUE,FALSE
IGLV3-3S32*01,IGLV,TRUE,FALSE,FALSE,FALSE
IGLV3-4AYZ*01,IGLV,TRUE,TRUE,TRUE,TRUE
IGLV3-4AYZ*02,IGLV,FALSE,FALSE,TRUE,TRUE
IGLV3-4AYZ*03,IGLV,TRUE,TRUE,TRUE,TRUE
IGLV3-4AYZ*04,IGLV,FALSE,TRUE,TRUE,TRUE
IGLV3-4AYZ*05,IGLV,FALSE,FALSE,TRUE,FALSE
IGLV3-4KGD*01,IGLV,TRUE,TRUE,TRUE,TRUE
IGLV3-4KGD*02,IGLV,FALSE,TRUE,FALSE,FALSE
IGLV3-4KGD*03,IGLV,FALSE,TRUE,TRUE,TRUE
IGLV3-4KGD*04,IGLV,FALSE,FALSE,TRUE,FALSE
IGLV3-4KGD*05,IGLV,FALSE,TRUE,TRUE,TRUE
IGLV3-4KGD*06,IGLV,FALSE,FALSE,TRUE,FALSE
IGLV3-4KGD*07,IGLV,FALSE,FALSE,TRUE,FALSE
IGLV3-4KGD*08,IGLV,FALSE,FALSE,TRUE,FALSE
IGLV3-4KGD*09,IGLV,FALSE,FALSE,FALSE,TRUE
IGLV3-6MZC*01,IGLV,TRUE,TRUE,TRUE,TRUE
IGLV3-6MZC*02,IGLV,TRUE,TRUE,TRUE,TRUE
IGLV3-6MZC*03,IGLV,FALSE,FALSE,FALSE,TRUE
IGLV3-6MZC*04,IGLV,FALSE,FALSE,TRUE,FALSE
IGLV3-6MZC*05,IGLV,FALSE,FALSE,TRUE,FALSE
IGLV3-6MZC*06,IGLV,FALSE,FALSE,TRUE,TRUE
IGLV3-AT7Q*01,IGLV,TRUE,TRUE,TRUE,TRUE
IGLV3-AT7Q*02,IGLV,FALSE,TRUE,FALSE,FALSE
IGLV3-AT7Q*03,IGLV,FALSE,TRUE,FALSE,FALSE
IGLV3-AT7Q*04,IGLV,FALSE,TRUE,FALSE,FALSE
IGLV3-AT7Q*05,IGLV,FALSE,TRUE,FALSE,FALSE
IGLV3-AT7Q*06,IGLV,FALSE,FALSE,TRUE,FALSE
IGLV3-DROU*01,IGLV,TRUE,TRUE,TRUE,TRUE
IGLV3-DROU*02,IGLV,FALSE,TRUE,FALSE,FALSE
IGLV3-DROU*03,IGLV,FALSE,FALSE,TRUE,FALSE
IGLV3-DROU*04,IGLV,FALSE,FALSE,TRUE,FALSE
IGLV3-DROU*05,IGLV,FALSE,TRUE,TRUE,TRUE
IGLV3-DROU*06,IGLV,FALSE,FALSE,TRUE,TRUE
IGLV3-DROU*07,IGLV,TRUE,TRUE,TRUE,TRUE
IGLV3-DROU*08,IGLV,TRUE,TRUE,TRUE,TRUE
IGLV3-DROU*09,IGLV,FALSE,FALSE,TRUE,TRUE
IGLV3-DROU*10,IGLV,FALSE,TRUE,TRUE,TRUE
IGLV3-DROU*11,IGLV,FALSE,TRUE,TRUE,TRUE
IGLV3-DROU*12,IGLV,FALSE,TRUE,FALSE,TRUE
IGLV3-DROU*13,IGLV,FALSE,FALSE,TRUE,FALSE
IGLV3-E63Q*01,IGLV,TRUE,FALSE,FALSE,FALSE
IGLV3-E7QG*01,IGLV,TRUE,TRUE,TRUE,TRUE
IGLV3-E7QG*02,IGLV,FALSE,TRUE,TRUE,FALSE
IGLV3-E7QG*03,IGLV,FALSE,FALSE,TRUE,FALSE
IGLV3-E7QG*04,IGLV,FALSE,TRUE,TRUE,TRUE
IGLV3-E7QG*05,IGLV,TRUE,TRUE,TRUE,TRUE
IGLV3-E7QG*06,IGLV,FALSE,TRUE,FALSE,FALSE
IGLV3-E7QG*07,IGLV,FALSE,TRUE,FALSE,FALSE
IGLV3-E7QG*08,IGLV,FALSE,FALSE,TRUE,FALSE
IGLV3-E7QG*09,IGLV,FALSE,FALSE,TRUE,FALSE
IGLV3-E7QG*10,IGLV,FALSE,TRUE,FALSE,FALSE
IGLV3-E7QG*11,IGLV,FALSE,TRUE,FALSE,FALSE
IGLV3-E7QG*12,IGLV,FALSE,FALSE,FALSE,TRUE
IGLV3-E7QG*13,IGLV,FALSE,FALSE,TRUE,FALSE
IGLV3-E7QG*14,IGLV,FALSE,FALSE,TRUE,FALSE
IGLV3-G3IN*01,IGLV,FALSE,TRUE,FALSE,FALSE
IGLV3-HV54*01,IGLV,TRUE,FALSE,FALSE,FALSE
IGLV3-HV54*02,IGLV,FALSE,TRUE,TRUE,TRUE
IGLV3-HV54*03,IGLV,FALSE,TRUE,TRUE,FALSE
IGLV3-KNLL*01,IGLV,FALSE,TRUE,FALSE,FALSE
IGLV3-NKJN*01,IGLV,TRUE,FALSE,FALSE,FALSE
IGLV3-UJ3V*01,IGLV,TRUE,TRUE,TRUE,TRUE
IGLV3-UJ3V*02,IGLV,FALSE,TRUE,FALSE,FALSE
IGLV3-UJ3V*03,IGLV,FALSE,FALSE,TRUE,FALSE
IGLV3-UJ3V*04,IGLV,FALSE,FALSE,TRUE,FALSE
IGLV3-UJ3V*05,IGLV,FALSE,TRUE,TRUE,FALSE
IGLV3-UJ3V*06,IGLV,FALSE,FALSE,TRUE,FALSE
IGLV3-UJ3V*07,IGLV,FALSE,FALSE,TRUE,FALSE
IGLV3-UJ3V*08,IGLV,FALSE,FALSE,TRUE,FALSE
IGLV3-UJ3V*09,IGLV,FALSE,FALSE,TRUE,FALSE
IGLV3-UJ3V*10,IGLV,FALSE,TRUE,FALSE,FALSE
IGLV3-UJ3V*11,IGLV,FALSE,FALSE,TRUE,FALSE
IGLV3-UJ3V*12,IGLV,FALSE,FALSE,TRUE,FALSE
IGLV3-UJ3V*13,IGLV,FALSE,FALSE,FALSE,TRUE
IGLV3-UJ3V*14,IGLV,FALSE,FALSE,TRUE,FALSE
IGLV3-UJ3V*15,IGLV,FALSE,FALSE,TRUE,FALSE
IGLV3-UJ3V*16,IGLV,FALSE,FALSE,TRUE,FALSE
IGLV3-UJ3V*17,IGLV,FALSE,FALSE,TRUE,FALSE
IGLV3-UJ3V*18,IGLV,FALSE,FALSE,TRUE,FALSE
IGLV3-UJ3V*19,IGLV,FALSE,FALSE,TRUE,FALSE
IGLV3-UJ3V*20,IGLV,FALSE,FALSE,TRUE,FALSE
IGLV3-UJ3V*21,IGLV,FALSE,FALSE,TRUE,FALSE
IGLV3-UJ3V*22,IGLV,FALSE,FALSE,FALSE,TRUE
IGLV3-UJ3V*23,IGLV,FALSE,FALSE,FALSE,TRUE
IGLV3-UJ3V*24,IGLV,FALSE,FALSE,TRUE,FALSE
IGLV3-UJ3V*25,IGLV,FALSE,FALSE,TRUE,FALSE
IGLV3-UJ3V*26,IGLV,FALSE,FALSE,TRUE,FALSE
IGLV3-UJ3V*27,IGLV,FALSE,FALSE,TRUE,FALSE
IGLV3-UJ3V*28,IGLV,FALSE,FALSE,TRUE,FALSE
IGLV3-UJ3V*29,IGLV,FALSE,FALSE,TRUE,FALSE
IGLV3-UJ3V*30,IGLV,FALSE,FALSE,TRUE,FALSE
IGLV3-UJ3V*31,IGLV,FALSE,FALSE,TRUE,TRUE
IGLV3-UJ3V*32,IGLV,FALSE,FALSE,TRUE,FALSE
IGLV3-UJ3V*33,IGLV,FALSE,FALSE,TRUE,FALSE
IGLV3-UJ3V*34,IGLV,FALSE,FALSE,TRUE,FALSE
IGLV3-UJ3V*35,IGLV,FALSE,FALSE,FALSE,TRUE
IGLV3-UJ3V*36,IGLV,FALSE,FALSE,TRUE,FALSE
IGLV3-UJ3V*37,IGLV,FALSE,FALSE,TRUE,FALSE
IGLV3-UJ3V*38,IGLV,FALSE,FALSE,TRUE,FALSE
IGLV3-UJ3V*39,IGLV,FALSE,FALSE,TRUE,FALSE
IGLV3-UJ3V*40,IGLV,FALSE,FALSE,FALSE,TRUE
IGLV3-UJ3V*41,IGLV,FALSE,FALSE,TRUE,FALSE
IGLV3-UJ3V*42,IGLV,FALSE,FALSE,FALSE,TRUE
IGLV3-UJ3V*43,IGLV,FALSE,FALSE,TRUE,FALSE
IGLV3-UJ3V*44,IGLV,FALSE,FALSE,TRUE,FALSE
IGLV4-ABT7*01,IGLV,TRUE,TRUE,TRUE,TRUE
IGLV4-ABT7*02,IGLV,FALSE,FALSE,TRUE,FALSE
IGLV4-ABT7*03,IGLV,TRUE,TRUE,TRUE,TRUE
IGLV4-ABT7*04,IGLV,FALSE,TRUE,FALSE,FALSE
IGLV4-ABT7*05,IGLV,FALSE,FALSE,TRUE,FALSE
IGLV4-ABT7*06,IGLV,FALSE,FALSE,FALSE,TRUE
IGLV4-ABT7*07,IGLV,FALSE,FALSE,TRUE,FALSE
IGLV4-ABT7*08,IGLV,FALSE,FALSE,TRUE,FALSE
IGLV4-ABT7*09,IGLV,FALSE,FALSE,TRUE,FALSE
IGLV4-ABT7*10,IGLV,FALSE,FALSE,TRUE,FALSE
IGLV4-ABT7*11,IGLV,FALSE,TRUE,TRUE,TRUE
IGLV4-ABT7*12,IGLV,FALSE,TRUE,TRUE,TRUE
IGLV4-ABT7*13,IGLV,TRUE,TRUE,TRUE,TRUE
IGLV4-UDEI*01,IGLV,TRUE,TRUE,TRUE,TRUE
IGLV4-UDEI*02,IGLV,FALSE,TRUE,TRUE,TRUE
IGLV4-UDEI*03,IGLV,FALSE,TRUE,TRUE,TRUE
IGLV4-VEQC*01,IGLV,TRUE,TRUE,TRUE,TRUE
IGLV4-VEQC*02,IGLV,FALSE,TRUE,FALSE,FALSE
IGLV4-VEQC*03,IGLV,FALSE,FALSE,TRUE,FALSE
IGLV4-VEQC*04,IGLV,FALSE,FALSE,FALSE,TRUE
IGLV4-VEQC*05,IGLV,FALSE,TRUE,TRUE,TRUE
IGLV4-VEQC*06,IGLV,FALSE,TRUE,TRUE,TRUE
IGLV5-7AGX*01,IGLV,TRUE,TRUE,TRUE,TRUE
IGLV5-7AGX*02,IGLV,TRUE,TRUE,TRUE,TRUE
IGLV5-7AGX*03,IGLV,FALSE,FALSE,TRUE,FALSE
IGLV5-7AGX*04,IGLV,FALSE,FALSE,FALSE,TRUE
IGLV5-7AGX*05,IGLV,FALSE,FALSE,TRUE,FALSE
IGLV5-7AGX*06,IGLV,FALSE,FALSE,TRUE,FALSE
IGLV5-7AGX*07,IGLV,TRUE,TRUE,TRUE,TRUE
IGLV5-7AGX*08,IGLV,FALSE,TRUE,TRUE,FALSE
IGLV5-7AGX*09,IGLV,FALSE,FALSE,TRUE,FALSE
IGLV5-7AGX*10,IGLV,TRUE,TRUE,TRUE,TRUE
IGLV5-7AGX*11,IGLV,FALSE,TRUE,FALSE,FALSE
IGLV5-7AGX*12,IGLV,FALSE,TRUE,FALSE,FALSE
IGLV5-7AGX*13,IGLV,FALSE,FALSE,TRUE,FALSE
IGLV5-7AGX*14,IGLV,FALSE,TRUE,TRUE,FALSE
IGLV5-BICQ*01,IGLV,TRUE,TRUE,TRUE,TRUE
IGLV5-BICQ*02,IGLV,TRUE,TRUE,TRUE,TRUE
IGLV5-BICQ*03,IGLV,FALSE,FALSE,TRUE,FALSE
IGLV5-BICQ*04,IGLV,FALSE,FALSE,FALSE,TRUE
IGLV5-BICQ*05,IGLV,TRUE,TRUE,TRUE,TRUE
IGLV5-BICQ*06,IGLV,FALSE,TRUE,FALSE,FALSE
IGLV5-BICQ*07,IGLV,FALSE,FALSE,FALSE,TRUE
IGLV5-BICQ*08,IGLV,FALSE,TRUE,TRUE,TRUE
IGLV5-EUCI*01,IGLV,TRUE,FALSE,FALSE,FALSE
IGLV5-M6FZ*01,IGLV,TRUE,TRUE,TRUE,TRUE
IGLV5-M6FZ*02,IGLV,FALSE,FALSE,TRUE,FALSE
IGLV5-M6FZ*03,IGLV,FALSE,FALSE,FALSE,TRUE
IGLV5-M6FZ*04,IGLV,FALSE,FALSE,TRUE,FALSE
IGLV5-MQIJ*01,IGLV,TRUE,TRUE,TRUE,TRUE
IGLV5-MQIJ*02,IGLV,FALSE,TRUE,TRUE,TRUE
IGLV5-OIYG*01,IGLV,TRUE,TRUE,TRUE,TRUE
IGLV5-OIYG*02,IGLV,FALSE,TRUE,FALSE,FALSE
IGLV5-OIYG*03,IGLV,FALSE,TRUE,FALSE,FALSE
IGLV5-OIYG*04,IGLV,FALSE,FALSE,FALSE,TRUE
IGLV5-OIYG*05,IGLV,FALSE,FALSE,TRUE,FALSE
IGLV5-OIYG*06,IGLV,FALSE,TRUE,TRUE,FALSE
IGLV6-26WE*01,IGLV,TRUE,TRUE,TRUE,TRUE
IGLV6-26WE*02,IGLV,FALSE,FALSE,FALSE,TRUE
IGLV6-26WE*03,IGLV,FALSE,TRUE,TRUE,TRUE
IGLV6-26WE*04,IGLV,TRUE,TRUE,TRUE,TRUE
IGLV6-26WE*05,IGLV,TRUE,TRUE,TRUE,TRUE
IGLV6-26WE*06,IGLV,TRUE,TRUE,TRUE,TRUE
IGLV6-26WE*07,IGLV,FALSE,FALSE,TRUE,FALSE
IGLV7-4QTE*01,IGLV,TRUE,TRUE,TRUE,TRUE
IGLV7-4QTE*02,IGLV,TRUE,TRUE,TRUE,TRUE
IGLV7-4QTE*03,IGLV,FALSE,TRUE,TRUE,TRUE
IGLV7-4QTE*04,IGLV,FALSE,TRUE,TRUE,TRUE
IGLV7-4QTE*05,IGLV,FALSE,FALSE,TRUE,FALSE
IGLV7-4QTE*06,IGLV,TRUE,TRUE,TRUE,TRUE
IGLV7-4QTE*07,IGLV,FALSE,FALSE,TRUE,FALSE
IGLV7-4QTE*08,IGLV,FALSE,FALSE,TRUE,FALSE
IGLV7-4QTE*09,IGLV,FALSE,FALSE,TRUE,FALSE
IGLV7-B5AO*01,IGLV,TRUE,TRUE,TRUE,TRUE
IGLV7-B5AO*02,IGLV,FALSE,TRUE,FALSE,FALSE
IGLV7-B5AO*03,IGLV,FALSE,TRUE,TRUE,TRUE
IGLV7-B5AO*04,IGLV,FALSE,FALSE,FALSE,TRUE
IGLV7-B5AO*05,IGLV,FALSE,TRUE,FALSE,TRUE
IGLV7-B5AO*06,IGLV,FALSE,FALSE,TRUE,FALSE
IGLV7-TYUS*01,IGLV,FALSE,TRUE,FALSE,FALSE
IGLV8-CZKU*01,IGLV,TRUE,TRUE,TRUE,TRUE
IGLV8-CZKU*02,IGLV,TRUE,TRUE,TRUE,TRUE
IGLV8-CZKU*03,IGLV,FALSE,TRUE,TRUE,TRUE
IGLV8-TQ2W*01,IGLV,FALSE,FALSE,FALSE,FALSE
IGLV9-6G6A*01,IGLV,TRUE,TRUE,TRUE,TRUE
IGLV9-6G6A*02,IGLV,FALSE,TRUE,FALSE,FALSE
IGLV9-6G6A*03,IGLV,FALSE,TRUE,TRUE,FALSE
IGLV9-6G6A*04,IGLV,FALSE,FALSE,TRUE,FALSE
IGLV9-6G6A*05,IGLV,FALSE,FALSE,TRUE,FALSE
IGLV9-6G6A*06,IGLV,FALSE,FALSE,TRUE,FALSE
IGLV9-6G6A*07,IGLV,FALSE,TRUE,FALSE,FALSE
IGLV9-6G6A*08,IGLV,FALSE,FALSE,TRUE,FALSE
IGLV9-6G6A*09,IGLV,FALSE,TRUE,TRUE,FALSE
