subject,total,n_v,usage,dosage,genotype,low_depth
110040277,6097,0,0,0,0,FALSE
110040811,5199,0,0,0,0,FALSE
110040887,4076,0,0,0,0,TRUE
110040958,2753,48,0.017435524881947,1,1,TRUE
110040975,5771,0,0,0,0,FALSE
110042592,4669,0,0,0,0,TRUE
110042713,10248,11,0.00107338017174083,0,0,FALSE
110042813,7138,0,0,0,0,FALSE
110042935,6059,136,0.0224459481762667,1,1,FALSE
110044155,8658,0,0,0,0,FALSE
110044355,17881,345,0.0192942229181813,1,1,FALSE
110044782,17379,363,0.0208872777490074,1,1,FALSE
110044786,2985,0,0,0,0,TRUE
110044845,3361,1,0.00029753049687593,0,0,TRUE
110044978,9387,0,0,0,0,FALSE
110046337,6530,104,0.0159264931087289,1,1,FALSE
110046617,7024,100,0.0142369020501139,1,1,FALSE
110046912,4761,3,0.000630119722747322,0,0,TRUE
222693519,6983,0,0,0,0,FALSE
22301641N,4615,0,0,0,0,TRUE
888174491,3820,96,0.025130890052356,1,1,TRUE
888179544,4685,0,0,0,0,TRUE
888214522,3085,60,0.0194489465153971,1,1,TRUE
888262983,7928,0,0,0,0,FALSE
888286853,11997,0,0,0,0,FALSE
888287118,8661,0,0,0,0,FALSE
888333863,7131,213,0.0298695835086243,2,2,FALSE
888407672,4982,0,0,0,0,TRUE
888408987,1513,0,0,0,0,TRUE
888436895,6667,214,0.032098395080246,1,1,FALSE
888508776,5315,80,0.0150517403574788,1,1,FALSE
888559379,8928,0,0,0,0,FALSE
888581247,4862,0,0,0,0,TRUE
888624327,10470,399,0.03810888252149,2,2,FALSE
888634432,6500,223,0.0343076923076923,2,2,FALSE
888640612,6522,0,0,0,0,FALSE
888646440,6355,0,0,0,0,FALSE
888647920,3013,0,0,0,0,TRUE
888669369,2866,0,0,0,0,TRUE
888703260,10926,0,0,0,0,FALSE
888716656,3802,49,0.0128879537085744,1,1,TRUE
888760853,12225,301,0.0246216768916155,1,1,FALSE
888777004,6610,0,0,0,0,FALSE
888816126,7079,0,0,0,0,FALSE
888921048,2191,31,0.014148790506618,1,1,TRUE
888927334,9533,169,0.0177278925836568,1,1,FALSE
888956204,6409,0,0,0,0,FALSE
888976935,7971,0,0,0,0,FALSE
888997753,8383,147,0.0175354884886079,1,1,FALSE
889005836,3581,116,0.032393186260821,2,2,TRUE
889018176,8039,282,0.0350789899241199,2,2,FALSE
CE0005500,1515,8,0.00528052805280528,1,1,TRUE
CE0005604,6011,0,0,0,0,FALSE
CE0005662,4595,0,0,0,0,TRUE
CE0005779,13747,0,0,0,0,FALSE
CE0005786,12522,0,0,0,0,FALSE
CE0005802,12758,0,0,0,0,FALSE
CE0005876,9808,0,0,0,0,FALSE
CE0005988,5773,123,0.0213060800277152,1,1,FALSE
CE0006103,9218,0,0,0,0,FALSE
CE0006205,3423,0,0,0,0,TRUE
CE0006233,3595,0,0,0,0,TRUE
CE0006371,5948,0,0,0,0,FALSE
CE0006394,13280,0,0,0,0,FALSE
CE0006435,6940,0,0,0,0,FALSE
CE0006481,16228,0,0,0,0,FALSE
CE0006524,9595,232,0.0241792600312663,1,1,FALSE
CE0006547,6768,0,0,0,0,FALSE
CE0006623,20018,345,0.0172344889599361,1,1,FALSE
CE0006705,10890,190,0.0174471992653811,1,1,FALSE
CE0006781,8736,0,0,0,0,FALSE
CE0006829,2115,0,0,0,0,TRUE
CE0006943,7648,0,0,0,0,FALSE
CE0007007,5248,106,0.0201981707317073,1,1,FALSE
CE0007070,10151,0,0,0,0,FALSE
CE0007129,10099,0,0,0,0,FALSE
CE0007408,11660,0,0,1,1,FALSE
CE0007424,3387,0,0,0,0,TRUE
CE0007624,4878,0,0,0,0,TRUE
CE0007765,4936,0,0,0,0,TRUE
CE0007769,4525,0,0,0,0,TRUE
CE0007814,8946,0,0,0,0,FALSE
CE0007821,9765,0,0,0,0,FALSE
CE0007855,23342,618,0.0264758803872847,1,1,FALSE
CE0007865,6681,0,0,0,0,FALSE
CE0007908,8414,0,0,0,0,FALSE
CE0007925,9103,189,0.0207623860265846,1,1,FALSE
CE0008114,4669,79,0.016920111372885,1,1,TRUE
CE0008202,5410,150,0.0277264325323475,1,1,FALSE
CE0008264,4829,0,0,0,0,TRUE
CE0008375,3583,105,0.02930505163271,2,2,TRUE
CE0008411,3956,0,0,0,0,TRUE
CE0008484,6308,0,0,0,0,FALSE
CE0008542,6883,0,0,0,0,FALSE
CE0008593,5632,106,0.0188210227272727,1,1,FALSE
CE0008661,1850,22,0.0118918918918919,1,1,TRUE
CE0008682,6198,153,0.0246853823814134,1,1,FALSE
CE0008817,8044,0,0,0,0,FALSE
CE0008924,5337,0,0,0,0,FALSE
CE0009275,20460,0,0,0,0,FALSE
CE0009991,6759,0,0,0,0,FALSE
RG1083,2567,0,0,0,0,TRUE
RG1193,2247,34,0.0151312861593235,1,1,TRUE
RG1200,5454,0,0,0,0,FALSE
RG1234,7149,0,0,0,0,FALSE
RG1265,11912,0,0,0,0,FALSE
RG1272,4413,61,0.0138227962837072,1,1,TRUE
RG1367,12901,13,0.00100767382373459,0,0,FALSE
RG1443,13214,33,0.00249735129408203,0,0,FALSE
RG1565,3370,0,0,0,0,TRUE
RG1578,9506,219,0.0230380812118662,1,1,FALSE
RG1791,9694,0,0,0,0,FALSE
RG1802,6610,122,0.0184568835098336,1,1,FALSE
RG1822,12048,0,0,0,0,FALSE
RG1849,21007,0,0,0,0,FALSE
RG1889,7015,0,0,0,0,FALSE
RG1895,13112,0,0,0,0,FALSE
RG1936,8997,176,0.0195620762476381,1,1,FALSE
RG2037,17979,0,0,0,0,FALSE
RG2105,6923,0,0,0,0,FALSE
RG2115,2351,0,0,0,0,TRUE
RG2118,12113,264,0.0217947659539338,1,1,FALSE
RG2155,13885,0,0,0,0,FALSE
RG2195,5859,196,0.033452807646356,2,2,FALSE
RG2207,6544,0,0,0,0,FALSE
RG2251,6937,258,0.0371918696843016,2,2,FALSE
RG2284,7690,146,0.0189856957087126,1,1,FALSE
RG2350,7626,179,0.0234723314975085,1,1,FALSE
RG2459,16558,181,0.0109312718927407,1,1,FALSE
RG2512,7899,0,0,0,0,FALSE
RG2617,5249,5,0.000952562392836731,0,0,FALSE
RG2685,5013,0,0,0,0,FALSE
RG2903,3304,66,0.0199757869249395,1,1,TRUE
RG3105,7248,0,0,0,0,FALSE
RG3309,3632,0,0,0,0,TRUE
RG3355,7211,150,0.0208015531826376,1,1,FALSE
RG3444,6422,120,0.0186857676736219,1,1,FALSE
RG3549,4998,66,0.0132052821128451,1,1,TRUE
RG3556,6096,0,0,0,0,FALSE
RG3578,7981,0,0,0,0,FALSE
RG3758,3189,99,0.0310442144873001,2,2,TRUE
RG3783,6749,0,0,0,0,FALSE
RG3844,4167,0,0,0,0,TRUE
RG3945,3665,0,0,0,0,TRUE
RG3948,3743,0,0,0,0,TRUE
RG3956,9405,0,0,0,0,FALSE
RG3987,6427,5,0.000777967947720554,0,0,FALSE
RG3995,4438,81,0.0182514646237044,1,1,TRUE
RG4094,9184,288,0.0313588850174216,2,2,FALSE
RG4543,7336,112,0.0152671755725191,1,1,FALSE
SCT2601343,8583,0,0,0,0,FALSE
SCT2794524,10885,213,0.019568213137345,1,1,FALSE
SCT4168329,7541,0,0,0,0,FALSE
SCT6222960,1156,6,0.00519031141868512,1,1,TRUE
SCT6338383,6574,154,0.0234256160632796,1,1,FALSE
SCT8789722,5355,68,0.0126984126984127,1,1,FALSE
SCT8995047,8679,0,0,0,0,FALSE
SCT9160998,6822,0,0,1,1,FALSE
