gene_type,allele,display_allele,sample_count_AIRRseq,in_baseline_reference,present,sample_count,order,label,ranked
IGHV,IGHV1-7CVC*01,IGHV1-24*01,125,TRUE,TRUE,125,1,V1-24*01,TRUE
IGHV,IGHV3-2ZME*06,IGHV3-21*01,125,TRUE,TRUE,125,2,V3-21*01,TRUE
IGHV,IGHV3-XXAB*01,IGHV3-74*01,125,TRUE,TRUE,125,3,V3-74*01,TRUE
IGHV,IGHV4-QA67*01,IGHV4-34*01,124,TRUE,TRUE,124,4,,FALSE
IGHV,IGHV3-3OOB*08,"IGHV3-23*01,IGHV3-23D*01,IGHV3-23*01/IGHV3-23D*01",123,TRUE,TRUE,123,5,,FALSE
IGHV,IGHV2-6RTA*01,IGHV2-26*01,122,TRUE,TRUE,122,6,,FALSE
IGHV,IGHV3-A46S*01,IGHV3-15*01,122,TRUE,TRUE,122,7,,FALSE
IGHV,IGHV3-GNJS*01,IGHV3-72*01,122,TRUE,TRUE,122,8,,FALSE
IGHV,IGHV1-IQ67*03,IGHV1-18*01,121,TRUE,TRUE,121,9,,FALSE
IGHV,IGHV4-25M6*07,IGHV4-59*01,120,TRUE,TRUE,120,10,,FALSE
IGHV,IGHV1-IOYO*02,IGHV1-46*01,118,TRUE,TRUE,118,11,,FALSE
IGHV,IGHV6-6D6C*02,IGHV6-1*01,118,TRUE,TRUE,118,12,,FALSE
IGHV,IGHV3-BXSZ*01,IGHV3-43*01,113,TRUE,TRUE,113,13,,FALSE
IGHV,IGHV5-36ED*05,IGHV5-51*01,113,TRUE,TRUE,113,14,,FALSE
IGHV,IGHV4-2COR*15,IGHV4-39*01,108,TRUE,TRUE,108,15,,FALSE
IGHV,IGHV3-BGBQ*03,IGHV3-73*02,106,TRUE,TRUE,106,16,,FALSE
IGHV,IGHV2-7UAK*01,IGHV2-5*02,104,TRUE,TRUE,104,17,,FALSE
IGHV,IGHV3-4JW6*40,"IGHV3-33*01,IGHV3-30-3*01_c75g_c113g_t114c_c170g_a171g_c189t_c201t_t288c,IGHV3-30-5*03_c75g_t288c,IGHV3-30*03_c75g_c170g_a171g_t288c",104,TRUE,TRUE,104,18,,FALSE
IGHV,IGHV3-3KMZ*03,IGHV3-7*01,101,TRUE,TRUE,101,19,,FALSE
IGHV,IGHV1-D5ET*01,IGHV1-45*02,98,TRUE,TRUE,98,20,,FALSE
IGHV,IGHV3-4JW6*13,"IGHV3-30-5*01,IGHV3-30*18,IGHV3-33*06_g75c_g170c_g171a_c288t,IGHV3-30-3*01_c113g_t114c_c189t_c201t_g317a,IGHV3-30*18/IGHV3-30-5*01",98,TRUE,TRUE,98,21,,FALSE
IGHV,IGHV4-5ZJ6*17,"IGHV4-31*03,IGHV4-30-2*05_2677,IGHV4-30-4*08_a107g_c134a_c249t_a291g_c315g",98,TRUE,TRUE,98,22,,FALSE
IGHV,IGHV3-3VYP*01,IGHV3-13*01,96,TRUE,TRUE,96,23,,FALSE
IGHV,IGHV3-4TLZ*03,IGHV3-9*01,96,TRUE,TRUE,96,24,,FALSE
IGHV,IGHV4-25M6*02,IGHV4-61*01,96,TRUE,TRUE,96,25,,FALSE
IGHV,IGHV1-6QKX*02,IGHV1-58*01,94,TRUE,TRUE,94,26,,FALSE
IGHV,IGHV1-GASB*03,IGHV1-8*01,92,TRUE,TRUE,92,27,,FALSE
IGHV,IGHV3-3H2D*04,IGHV3-11*01,92,TRUE,TRUE,92,28,,FALSE
IGHV,IGHV1-7EIU*06,IGHV1-3*01,90,TRUE,TRUE,90,29,,FALSE
IGHV,IGHV1-5HTI*38,"IGHV1-69D*01,IGHV1-69*01,IGHV1-69*01/IGHV1-69D*01",89,TRUE,TRUE,89,30,,FALSE
IGHV,IGHV3-CVJX*01,IGHV3-53*01,89,TRUE,TRUE,89,31,,FALSE
IGHV,IGHV3-E24Y*02,IGHV3-20*01,88,TRUE,TRUE,88,32,,FALSE
IGHV,IGHV1-BEMW*02,IGHV1-2*02,84,TRUE,TRUE,84,33,,FALSE
IGHV,IGHV4-UWUM*04,"IGHV4-30-2*01,IGHV4-30-4*07_g4c_g21c_c25t_a147c_t165c_t172c_c174t_t228c_c245g,IGHV4-31*11_14d4",84,TRUE,TRUE,84,34,,FALSE
IGHV,IGHV1-6QKX*07,IGHV1-58*02,83,TRUE,TRUE,83,35,,FALSE
IGHV,IGHV2-4BCH*57,"IGHV2-70*01,IGHV2-70D*04_a14g_c112t_g164t_t197a",83,TRUE,TRUE,83,36,,FALSE
IGHV,IGHV4-HHP5*02,IGHV4-4*02,82,TRUE,TRUE,82,37,,FALSE
IGHV,IGHV3-6CWJ*07,IGHV3-64*01,80,TRUE,TRUE,80,38,,FALSE
IGHV,IGHV4-25M6*22,IGHV4-4*07,78,TRUE,TRUE,78,39,,FALSE
IGHV,IGHV4-4LVZ*02,IGHV4-28*01,76,TRUE,TRUE,76,40,,FALSE
IGHV,IGHV3-4JW6*03,"IGHV3-30-3*01,IGHV3-30-5*01_g113c_c114t_t189c_t201c_a317g,IGHV3-33*08_g113c_c114t_g170c_g171a_t189c_t201c_c288t,IGHV3-30*04_t189c",74,TRUE,TRUE,74,41,,FALSE
IGHV,IGHV3-6CWJ*01,IGHV3-64*02,73,TRUE,TRUE,73,42,,FALSE
IGHV,IGHV1-PBWN*01,IGHV1-69-2*01,72,TRUE,TRUE,72,43,,FALSE
IGHV,IGHV2-7UAK*04,IGHV2-5*01,70,TRUE,TRUE,70,44,,FALSE
IGHV,IGHV3-2ZME*12,IGHV3-48*02,70,TRUE,TRUE,70,45,,FALSE
IGHV,IGHV3-BGBQ*01,IGHV3-73*01,66,TRUE,TRUE,66,46,,FALSE
IGHV,IGHV3-M7QC*01,IGHV3-49*05,66,TRUE,TRUE,66,47,,FALSE
IGHV,IGHV3-M7QC*03,IGHV3-49*04,66,TRUE,TRUE,66,48,,FALSE
IGHV,IGHV1-BEMW*01,IGHV1-2*04,65,TRUE,TRUE,65,49,,FALSE
IGHV,IGHV3-2ZME*01,IGHV3-48*03,62,TRUE,TRUE,62,50,,FALSE
IGHV,IGHV3-M7QC*04,IGHV3-49*03,62,TRUE,TRUE,62,51,,FALSE
IGHV,IGHV2-4BCH*78,"IGHV2-70*15,IGHV2-70D*04_a14g_c112t_t197a",61,TRUE,TRUE,61,52,,FALSE
IGHV,IGHV4-5ZJ6*02,"IGHV4-30-4*01,IGHV4-30-2*05_c4g_c21g_t25c_g70a_g107a_c113a_c120t_g129c_a135c_c172t_t174c,IGHV4-31*03_g107a_c120t_a134c_t249c_g291a_g315c",61,TRUE,TRUE,61,53,,FALSE
IGHV,IGHV3-E24Y*03,IGHV3-20*04,59,TRUE,TRUE,59,54,,FALSE
IGHV,IGHV2-4BCH*13,"IGHV2-70D*04,IGHV2-70*05_c116t",58,TRUE,TRUE,58,55,,FALSE
IGHV,IGHV3-CVJX*13,IGHV3-53*02,55,TRUE,TRUE,55,56,,FALSE
IGHV,IGHV5-36ED*03,IGHV5-51*03,54,TRUE,TRUE,54,57,,FALSE
IGHV,IGHV3-6CWJ*06,IGHV3-64D*06,50,TRUE,TRUE,50,58,,FALSE
IGHV,IGHV3-2ZME*02,IGHV3-48*01,48,TRUE,TRUE,48,59,,FALSE
IGHV,IGHV3-CVJX*18,IGHV3-66*01,47,TRUE,TRUE,47,60,,FALSE
IGHV,IGHV7-2GXW*03,IGHV7-4-1*02,47,TRUE,TRUE,47,61,,FALSE
IGHV,IGHV7-2GXW*05,IGHV7-4-1*01,46,TRUE,TRUE,46,62,,FALSE
IGHV,IGHV3-CVJX*27,IGHV3-53*04,45,TRUE,TRUE,45,63,,FALSE
IGHV,IGHV1-5HTI*64,IGHV1-69*06,42,TRUE,TRUE,42,64,,FALSE
IGHV,IGHV3-3KMZ*08,IGHV3-7*03,40,TRUE,TRUE,40,65,,FALSE
IGHV,IGHV1-7EIU*03,IGHV1-3*02,39,TRUE,TRUE,39,66,,FALSE
IGHV,IGHV3-3H2D*09,IGHV3-11*06,38,TRUE,TRUE,38,67,,FALSE
IGHV,IGHV3-BXSZ*08,IGHV3-43D*04,38,TRUE,TRUE,38,68,,FALSE
IGHV,IGHV5-ANAE*02,IGHV5-10-1*03,38,TRUE,TRUE,38,69,,FALSE
IGHV,IGHV1-IOYO*05,IGHV1-46*03,37,TRUE,TRUE,37,70,,FALSE
IGHV,IGHV4-A7KV*02,IGHV4-61*02,37,TRUE,TRUE,37,71,,FALSE
IGHV,IGHV1-5HTI*01,"IGHV1-69*02,IGHV1-69D*01_g6c_g18a_g112a_g163a_t184c_c191t_g244a",35,TRUE,TRUE,35,72,,FALSE
IGHV,IGHV3-3VYP*10,IGHV3-13*05,34,TRUE,TRUE,34,73,,FALSE
IGHV,IGHV3-BXSZ*07,IGHV3-43D*03,34,TRUE,TRUE,34,74,,FALSE
IGHV,IGHV4-2COR*10,IGHV4-38-2*02,34,TRUE,TRUE,34,75,,FALSE
IGHV,IGHV3-4JW6*28,"IGHV3-30-5*02,IGHV3-33*06_a49g_g163t_t169c_c288t,IGHV3-30*02,IGHV3-30*02/IGHV3-30-5*02",32,TRUE,TRUE,32,76,,FALSE
IGHV,IGHV4-2COR*08,IGHV4-38-2*01,31,TRUE,TRUE,31,77,,FALSE
IGHV,IGHV3-4JW6*02,"IGHV3-30-3*01_c189t,IGHV3-30-5*01_g113c_c114t_t201c_a317g,IGHV3-30*04,IGHV3-33*08_g113c_c114t_g170c_g171a_t201c_c288t",30,TRUE,TRUE,30,78,,FALSE
IGHV,IGHV5-ANAE*01,IGHV5-10-1*01,30,TRUE,TRUE,30,79,,FALSE
IGHV,IGHV1-5HTI*20,"IGHV1-69*04,IGHV1-69D*01_g6c_g163a_t184c_c191t_g244a",28,TRUE,TRUE,28,80,,FALSE
IGHV,IGHV1-IQ67*02,IGHV1-18*04,28,TRUE,TRUE,28,81,,FALSE
IGHV,IGHV3-CVJX*09,IGHV3-66*02,28,TRUE,TRUE,28,82,,FALSE
IGHV,IGHV4-2COR*04,IGHV4-39*07,28,TRUE,TRUE,28,83,,FALSE
IGHV,IGHV3-3H2D*01,IGHV3-11*04,27,TRUE,TRUE,27,84,,FALSE
IGHV,IGHV3-DDM3*03,IGHV3-35*01,27,TRUE,TRUE,27,85,,FALSE
IGHV,IGHV3-3H2D*06,IGHV3-11*05,26,TRUE,TRUE,26,86,,FALSE
IGHV,IGHV1-BEMW*05,IGHV1-2*06,25,TRUE,TRUE,25,87,,FALSE
IGHV,IGHV3-3OOB*03,"IGHV3-23*04,IGHV3-23D*01_t13g",25,TRUE,TRUE,25,88,,FALSE
IGHV,IGHV3-3VYP*13,IGHV3-13*04,25,TRUE,TRUE,25,89,,FALSE
IGHV,IGHV3-3KMZ*02,IGHV3-7*04,22,TRUE,TRUE,22,90,,FALSE
IGHV,IGHV1-BEMW*07,IGHV1-2*05,21,TRUE,TRUE,21,91,,FALSE
IGHV,IGHV1-5HTI*32,"IGHV1-69*12,IGHV1-69D*01_g6c",20,TRUE,TRUE,20,92,,FALSE
IGHV,IGHV3-2ZME*10,IGHV3-48*04,20,TRUE,TRUE,20,93,,FALSE
IGHV,IGHV3-A46S*09,IGHV3-15*07,18,TRUE,TRUE,18,94,,FALSE
IGHV,IGHV3-4JW6*34,"IGHV3-33*06,IGHV3-30-5*03_c75g_t288c_g317a,IGHV3-30*02_g49a_t163g_c169t_t288c",16,TRUE,TRUE,16,95,,FALSE
IGHV,IGHV3-4TLZ*01,IGHV3-9*03,16,TRUE,TRUE,16,96,,FALSE
IGHV,IGHV4-5ZJ6*06,"IGHV4-31*01,IGHV4-30-4*08_a107g_c134a_g224t_c249t_a291g_c315g,IGHV4-30-2*05_8a1b",16,TRUE,TRUE,16,97,,FALSE
IGHV,IGHV4-5ZJ6*07,"IGHV4-30-4*08,IGHV4-30-2*05_c4g_c21g_t25c_g70a_g107a_c113a_g129c_a135c_c172t_t174c",16,TRUE,TRUE,16,98,,FALSE
IGHV,IGHV1-GASB*02,IGHV1-8*03,15,TRUE,TRUE,15,99,,FALSE
IGHV,IGHV3-4JW6*33,"IGHV3-30-3*01_g150a_c189t,IGHV3-30*01,IGHV3-30-5*01_g113c_c114t_g150a_t201c_a317g",15,TRUE,TRUE,15,100,,FALSE
IGHV,IGHV4-4LVZ*10,IGHV4-28*05,15,TRUE,TRUE,15,101,,FALSE
IGHV,IGHV3-BXSZ*12,IGHV3-43*02,13,TRUE,TRUE,13,102,,FALSE
IGHV,IGHV1-5HTI*15,"IGHV1-69*10,IGHV1-69D*01_g6c_g54a_t184c_c191t_g244a",12,TRUE,TRUE,12,103,,FALSE
IGHV,IGHV3-3KMZ*01,IGHV3-7*05,12,TRUE,TRUE,12,104,,FALSE
IGHV,IGHV3-Z7O7*01,IGHV3-38-3*01,12,TRUE,TRUE,12,105,,FALSE
IGHV,IGHV1-5HTI*69,"IGHV1-69*05,IGHV1-69D*01_g6c_g238a",11,TRUE,TRUE,11,106,,FALSE
IGHV,IGHV2-4BCH*103,IGHV2-70*20,11,TRUE,TRUE,11,107,,FALSE
IGHV,IGHV4-4LVZ*01,IGHV4-28*07,11,TRUE,TRUE,11,108,,FALSE
IGHV,IGHV2-4BCH*01,"IGHV2-70D*04_t116c,IGHV2-70*05",10,TRUE,TRUE,10,109,,FALSE
IGHV,IGHV3-6CWJ*02,IGHV3-64D*09,10,TRUE,TRUE,10,110,,FALSE
IGHV,IGHV4-25M6*08,IGHV4-59*01_a138g,10,FALSE,TRUE,10,111,V4-59*01_a138g,TRUE
IGHV,IGHV4-2COR*09,IGHV4-38-2*01_g319c,10,FALSE,TRUE,10,112,,FALSE
IGHV,IGHV3-4JW6*32,"IGHV3-30-5*02_t201c,IGHV3-30*02_t201c",9,FALSE,TRUE,9,113,,FALSE
IGHV,IGHV3-6CWJ*05,IGHV3-64*07,9,TRUE,TRUE,9,114,,FALSE
IGHV,IGHV3-BGBQ*02,IGHV3-73*01_a59g,9,FALSE,TRUE,9,115,,FALSE
IGHV,IGHV3-CVJX*34,IGHV3-66*03,9,TRUE,TRUE,9,116,,FALSE
IGHV,IGHV3-3VYP*12,IGHV3-13*06,8,TRUE,TRUE,8,117,,FALSE
IGHV,IGHV1-5HTI*30,"IGHV1-69*15,IGHV1-69D*01_g6c_g163a",7,TRUE,TRUE,7,118,,FALSE
IGHV,IGHV1-PBWN*03,IGHV1-69-2*01_c201t,7,FALSE,TRUE,7,119,,FALSE
IGHV,IGHV3-2ZME*11,IGHV3-21*03,7,TRUE,TRUE,7,120,,FALSE
IGHV,IGHV3-GNJS*08,IGHV3-72*01_t186c,7,FALSE,TRUE,7,121,,FALSE
IGHV,IGHV3-XXAB*03,IGHV3-74*01_c21t,7,FALSE,TRUE,7,122,,FALSE
IGHV,IGHV4-2COR*07,IGHV4-39*07_g319c,7,FALSE,TRUE,7,123,,FALSE
IGHV,IGHV4-A7KV*01,IGHV4-61*11,7,TRUE,TRUE,7,124,,FALSE
IGHV,IGHV3-4JW6*01,"IGHV3-33*08,IGHV3-30*03_c170g_a171g_t288c",6,TRUE,TRUE,6,125,,FALSE
IGHV,IGHV4-5ZJ6*04,"IGHV4-30-4*07,IGHV4-31*11_a113c_c129g_a134c_c135a_c147a_c165t_t249c_t285c_g315c",6,TRUE,TRUE,6,126,,FALSE
IGHV,IGHV4-QA67*09,IGHV4-34*01_g319c_g320a,6,FALSE,TRUE,6,127,,FALSE
IGHV,IGHV1-5HTI*73,IGHV1-69D*01_g6c_g54a_g238a,5,FALSE,TRUE,5,128,,FALSE
IGHV,IGHV1-6QKX*10,IGHV1-58*02_g61t,5,FALSE,TRUE,5,129,,FALSE
IGHV,IGHV1-7EIU*01,IGHV1-3*05,5,TRUE,TRUE,5,130,,FALSE
IGHV,IGHV2-4BCH*55,IGHV2-70D*14,5,TRUE,TRUE,5,131,,FALSE
IGHV,IGHV3-4JW6*27,IGHV3-30*18_c170g_a171g,5,FALSE,TRUE,5,132,,FALSE
IGHV,IGHV4-25M6*19,IGHV4-59*11,5,TRUE,TRUE,5,133,,FALSE
IGHV,IGHV7-5PLP*01,IGHV7-81*01,5,TRUE,TRUE,5,134,,FALSE
IGHV,IGHV1-5HTI*04,"IGHV1-69D*01_g6c_g54a,IGHV1-69*13",4,TRUE,TRUE,4,135,,FALSE
IGHV,IGHV1-7EIU*04,IGHV1-3*02_t6c_g167t,4,FALSE,TRUE,4,136,,FALSE
IGHV,IGHV3-4JW6*08,IGHV3-30-3*01_c189t_c203t,4,FALSE,TRUE,4,137,,FALSE
IGHV,IGHV3-4JW6*11,"IGHV3-30*03,IGHV3-30-5*01_a317g",4,TRUE,TRUE,4,138,,FALSE
IGHV,IGHV3-4JW6*26,"IGHV3-30-5*03_g301a_g317a,IGHV3-30*18_c170g_a171g_g301a",4,FALSE,TRUE,4,139,,FALSE
IGHV,IGHV3-6CWJ*04,IGHV3-64D*08,4,TRUE,TRUE,4,140,,FALSE
IGHV,IGHV3-A46S*10,IGHV3-15*07_c159t,4,FALSE,TRUE,4,141,,FALSE
IGHV,IGHV3-Z7O7*06,IGHV3-38-3*01_t300c,4,FALSE,TRUE,4,142,,FALSE
IGHV,IGHV4-4LVZ*17,IGHV4-28*02,4,TRUE,TRUE,4,143,,FALSE
IGHV,IGHV4-5ZJ6*21,IGHV4-30-4*08_a107g_c134a_c198t_c249t_a291g_c315g,4,FALSE,TRUE,4,144,,FALSE
IGHV,IGHV1-5HTI*05,IGHV1-69*13_g163a,3,FALSE,TRUE,3,145,,FALSE
IGHV,IGHV1-5HTI*22,IGHV1-69*04_a163g,3,FALSE,TRUE,3,146,,FALSE
IGHV,IGHV1-5HTI*36,IGHV1-69*12_g48a,3,FALSE,TRUE,3,147,,FALSE
IGHV,IGHV1-7EIU*05,IGHV1-3*02_t6c_g167t_c309t,3,FALSE,TRUE,3,148,,FALSE
IGHV,IGHV1-BEMW*04,IGHV1-2*02_g39a,3,FALSE,TRUE,3,149,,FALSE
IGHV,IGHV1-GASB*01,IGHV1-8*02,3,TRUE,TRUE,3,150,,FALSE
IGHV,IGHV2-4BCH*09,IGHV2-70*05_a60g_c116t_t197a_a200g,3,FALSE,TRUE,3,151,,FALSE
IGHV,IGHV2-4BCH*10,IGHV2-70*05_a60g_c116t_t197a_a200g_a242c,3,FALSE,TRUE,3,152,,FALSE
IGHV,IGHV2-6RTA*09,IGHV2-26*04,3,TRUE,TRUE,3,153,,FALSE
IGHV,IGHV2-7UAK*03,IGHV2-5*02_a202g,3,FALSE,TRUE,3,154,,FALSE
IGHV,IGHV3-3KMZ*05,IGHV3-7*01_a8g,3,FALSE,TRUE,3,155,,FALSE
IGHV,IGHV3-3OOB*01,IGHV3-23*03,3,TRUE,TRUE,3,156,,FALSE
IGHV,IGHV3-4JW6*16,IGHV3-30*18_c54t,3,FALSE,TRUE,3,157,,FALSE
IGHV,IGHV3-E24Y*01,IGHV3-20*02,3,TRUE,TRUE,3,158,,FALSE
IGHV,IGHV4-25M6*18,IGHV4-4*08,3,TRUE,TRUE,3,159,,FALSE
IGHV,IGHV4-25M6*26,IGHV4-4*07_g234a_c245a,3,FALSE,TRUE,3,160,,FALSE
IGHV,IGHV4-HHP5*08,IGHV4-4*01,3,TRUE,TRUE,3,161,,FALSE
IGHV,IGHV5-36ED*01,IGHV5-51*07,3,TRUE,TRUE,3,162,,FALSE
IGHV,IGHV1-5HTI*09,"IGHV1-69*14,IGHV1-69D*01_g6c_g244a",2,TRUE,TRUE,2,163,,FALSE
IGHV,IGHV1-5HTI*10,IGHV1-69*14_g163a,2,FALSE,TRUE,2,164,,FALSE
IGHV,IGHV1-5HTI*13,IGHV1-69*09,2,TRUE,TRUE,2,165,,FALSE
IGHV,IGHV1-5HTI*23,IGHV1-69*04_a163g_a244g,2,FALSE,TRUE,2,166,,FALSE
IGHV,IGHV1-5HTI*45,IGHV1-69D*01_g6c_g112a_g163a_t184c_c191t,2,FALSE,TRUE,2,167,,FALSE
IGHV,IGHV1-5HTI*54,IGHV1-69D*01_g6c_g163a_g238a,2,FALSE,TRUE,2,168,,FALSE
IGHV,IGHV1-5HTI*68,IGHV1-69*17,2,TRUE,TRUE,2,169,,FALSE
IGHV,IGHV1-7CVC*04,IGHV1-24*01_t105c_t116g_t138c,2,FALSE,TRUE,2,170,,FALSE
IGHV,IGHV1-D5ET*04,IGHV1-45*03,2,TRUE,TRUE,2,171,,FALSE
IGHV,IGHV1-IQ67*05,IGHV1-18*01_a190g,2,FALSE,TRUE,2,172,,FALSE
IGHV,IGHV2-4BCH*15,IGHV2-70*05_a14g_c116t,2,FALSE,TRUE,2,173,,FALSE
IGHV,IGHV2-6RTA*06,IGHV2-26*02,2,TRUE,TRUE,2,174,,FALSE
IGHV,IGHV3-2C5B*01,IGHV3-47*01,2,TRUE,TRUE,2,175,,FALSE
IGHV,IGHV3-2ZME*08,IGHV3-21*01_g315a,2,FALSE,TRUE,2,176,,FALSE
IGHV,IGHV3-3OOB*09,IGHV3-23*01_t76a,2,FALSE,TRUE,2,177,,FALSE
IGHV,IGHV3-3VYP*02,IGHV3-13*01_c90t,2,FALSE,TRUE,2,178,,FALSE
IGHV,IGHV3-3VYP*08,IGHV3-13*01_g290a,2,FALSE,TRUE,2,179,,FALSE
IGHV,IGHV3-4JW6*12,IGHV3-30*03_c170g_a171g_a318c,2,FALSE,TRUE,2,180,,FALSE
IGHV,IGHV3-4JW6*31,IGHV3-30-5*02_g49a,2,FALSE,TRUE,2,181,,FALSE
IGHV,IGHV3-4TLZ*06,IGHV3-9*01_t194c,2,FALSE,TRUE,2,182,,FALSE
IGHV,IGHV3-A46S*02,IGHV3-15*01_c10g,2,FALSE,TRUE,2,183,,FALSE
IGHV,IGHV3-A46S*04,IGHV3-15*01_g147a,2,FALSE,TRUE,2,184,,FALSE
IGHV,IGHV3-A46S*05,IGHV3-15*01_g46a,2,FALSE,TRUE,2,185,,FALSE
IGHV,IGHV3-BXSZ*10,IGHV3-43D*04_c53t,2,FALSE,TRUE,2,186,,FALSE
IGHV,IGHV3-BXSZ*11,IGHV3-43D*05,2,TRUE,TRUE,2,187,,FALSE
IGHV,IGHV3-CVJX*03,IGHV3-53*01_g273a_c288t_c300t,2,FALSE,TRUE,2,188,,FALSE
IGHV,IGHV3-DDM3*05,IGHV3-35*01_g145c,2,FALSE,TRUE,2,189,,FALSE
IGHV,IGHV4-2COR*01,IGHV4-39*09,2,TRUE,TRUE,2,190,,FALSE
IGHV,IGHV4-4LVZ*05,IGHV4-28*01_a152c,2,FALSE,TRUE,2,191,,FALSE
IGHV,IGHV4-4LVZ*09,IGHV4-28*01_t196a_g289t,2,FALSE,TRUE,2,192,,FALSE
IGHV,IGHV4-5ZJ6*11,IGHV4-30-4*08_c134a,2,FALSE,TRUE,2,193,,FALSE
IGHV,IGHV4-A7KV*05,IGHV4-61*02_c34t_g164a,2,FALSE,TRUE,2,194,,FALSE
IGHV,IGHV4-HHP5*09,IGHV4-4*01_c46t,2,FALSE,TRUE,2,195,,FALSE
IGHV,IGHV7-2GXW*04,IGHV7-4-1*02_g221a,2,FALSE,TRUE,2,196,,FALSE
IGHV,IGHV1-5HTI*14,IGHV1-69*09_t49g_g54a,1,FALSE,TRUE,1,197,,FALSE
IGHV,IGHV1-5HTI*25,IGHV1-69*04_a244g,1,FALSE,TRUE,1,198,,FALSE
IGHV,IGHV1-5HTI*34,"IGHV1-69*12_c191t,IGHV1-69D*01_g6c_c191t",1,FALSE,TRUE,1,199,,FALSE
IGHV,IGHV1-5HTI*39,IGHV1-69D*01_a162g_t184c_c191t,1,FALSE,TRUE,1,200,,FALSE
IGHV,IGHV1-5HTI*40,IGHV1-69D*01_g6c_g48a_c191t,1,FALSE,TRUE,1,201,,FALSE
IGHV,IGHV1-5HTI*41,IGHV1-69D*01_g6c_g48a_g163a,1,FALSE,TRUE,1,202,,FALSE
IGHV,IGHV1-5HTI*48,IGHV1-69D*01_g54a,1,FALSE,TRUE,1,203,,FALSE
IGHV,IGHV1-5HTI*74,IGHV1-69*05_t184c_c191t,1,FALSE,TRUE,1,204,,FALSE
IGHV,IGHV1-6QKX*03,IGHV1-58*01_c201t,1,FALSE,TRUE,1,205,,FALSE
IGHV,IGHV1-6QKX*04,IGHV1-58*01_t163c,1,FALSE,TRUE,1,206,,FALSE
IGHV,IGHV1-7CVC*02,IGHV1-24*01_g297a,1,FALSE,TRUE,1,207,,FALSE
IGHV,IGHV1-7CVC*03,IGHV1-24*01_c300t,1,FALSE,TRUE,1,208,,FALSE
IGHV,IGHV1-7CVC*05,IGHV1-24*01_g270c,1,FALSE,TRUE,1,209,,FALSE
IGHV,IGHV1-GASB*04,IGHV1-8*01_a318-,1,FALSE,TRUE,1,210,,FALSE
IGHV,IGHV1-IOYO*01,IGHV1-46*04,1,TRUE,TRUE,1,211,,FALSE
IGHV,IGHV1-IOYO*03,IGHV1-46*01_a71t,1,FALSE,TRUE,1,212,,FALSE
IGHV,IGHV1-IOYO*04,IGHV1-46*01_c245t,1,FALSE,TRUE,1,213,,FALSE
IGHV,IGHV1-IQ67*04,IGHV1-18*01_t6g,1,FALSE,TRUE,1,214,,FALSE
IGHV,IGHV2-4BCH*58,IGHV2-70*01_g261t,1,FALSE,TRUE,1,215,,FALSE
IGHV,IGHV2-4BCH*63,IGHV2-70*01_c231a,1,FALSE,TRUE,1,216,,FALSE
IGHV,IGHV2-6RTA*02,IGHV2-26*01_g73a,1,FALSE,TRUE,1,217,,FALSE
IGHV,IGHV2-6RTA*04,IGHV2-26*01_g36a,1,FALSE,TRUE,1,218,,FALSE
IGHV,IGHV2-7UAK*05,IGHV2-5*01_a220g,1,FALSE,TRUE,1,219,,FALSE
IGHV,IGHV3-2ZME*07,IGHV3-21*01_g32a,1,FALSE,TRUE,1,220,,FALSE
IGHV,IGHV3-3H2D*03,IGHV3-11*04_c1g,1,FALSE,TRUE,1,221,,FALSE
IGHV,IGHV3-3KMZ*07,IGHV3-7*01_g315a,1,FALSE,TRUE,1,222,,FALSE
IGHV,IGHV3-3KMZ*09,IGHV3-7*03_g49a,1,FALSE,TRUE,1,223,,FALSE
IGHV,IGHV3-3OOB*04,IGHV3-23*04_t52a,1,FALSE,TRUE,1,224,,FALSE
IGHV,IGHV3-3OOB*06,IGHV3-23*04_g31a_t52a_c113g,1,FALSE,TRUE,1,225,,FALSE
IGHV,IGHV3-3OOB*07,IGHV3-23*04_t52a_c113g,1,FALSE,TRUE,1,226,,FALSE
IGHV,IGHV3-4JW6*04,IGHV3-30-3*01_c201t,1,FALSE,TRUE,1,227,,FALSE
IGHV,IGHV3-4JW6*10,IGHV3-30-3*01_g150a_c189t_t288c,1,FALSE,TRUE,1,228,,FALSE
IGHV,IGHV3-4JW6*18,IGHV3-30-5*01_t288c_t300c_a317g,1,FALSE,TRUE,1,229,,FALSE
IGHV,IGHV3-4JW6*20,IGHV3-30*18_c170g_a171g_a176g,1,FALSE,TRUE,1,230,,FALSE
IGHV,IGHV3-4TLZ*04,IGHV3-9*01_a104g,1,FALSE,TRUE,1,231,,FALSE
IGHV,IGHV3-4TLZ*05,IGHV3-9*01_a81c,1,FALSE,TRUE,1,232,,FALSE
IGHV,IGHV3-4TLZ*07,IGHV3-9*01_t194c_c198t,1,FALSE,TRUE,1,233,,FALSE
IGHV,IGHV3-6CWJ*09,IGHV3-64*01_t296c,1,FALSE,TRUE,1,234,,FALSE
IGHV,IGHV3-7LT5*01,IGHV3-19*01,1,TRUE,TRUE,1,235,,FALSE
IGHV,IGHV3-BXSZ*03,IGHV3-43*01_a195c,1,FALSE,TRUE,1,236,,FALSE
IGHV,IGHV3-CVJX*05,IGHV3-53*01_t267g,1,FALSE,TRUE,1,237,,FALSE
IGHV,IGHV3-CVJX*06,IGHV3-53*01_g273a,1,FALSE,TRUE,1,238,,FALSE
IGHV,IGHV3-CVJX*19,IGHV3-66*01_a193g,1,FALSE,TRUE,1,239,,FALSE
IGHV,IGHV3-CVJX*37,IGHV3-66*03_t175g,1,FALSE,TRUE,1,240,,FALSE
IGHV,IGHV3-DDM3*01,IGHV3-35*02,1,TRUE,TRUE,1,241,,FALSE
IGHV,IGHV3-GNJS*06,IGHV3-72*01_c54t,1,FALSE,TRUE,1,242,,FALSE
IGHV,IGHV3-M7QC*05,IGHV3-49*03_c309t,1,FALSE,TRUE,1,243,,FALSE
IGHV,IGHV3-M7QC*06,IGHV3-49*03_g207c,1,FALSE,TRUE,1,244,,FALSE
IGHV,IGHV3-M7QC*07,IGHV3-49*03_t262c,1,FALSE,TRUE,1,245,,FALSE
IGHV,IGHV3-N73X*01,IGHV3-16*02,1,TRUE,TRUE,1,246,,FALSE
IGHV,IGHV3-XXAB*02,IGHV3-74*01_a81g,1,FALSE,TRUE,1,247,,FALSE
IGHV,IGHV3-Z7O7*03,IGHV3-38-3*01_c262t,1,FALSE,TRUE,1,248,,FALSE
IGHV,IGHV4-25M6*03,IGHV4-61*01_c134a,1,FALSE,TRUE,1,249,,FALSE
IGHV,IGHV4-25M6*04,IGHV4-59*12,1,TRUE,TRUE,1,250,,FALSE
IGHV,IGHV4-25M6*14,IGHV4-59*01_g48a_g49c,1,FALSE,TRUE,1,251,,FALSE
IGHV,IGHV4-25M6*17,IGHV4-61*i04,1,TRUE,TRUE,1,252,,FALSE
IGHV,IGHV4-25M6*20,IGHV4-59*11_a147g_t163a_a164g,1,FALSE,TRUE,1,253,,FALSE
IGHV,IGHV4-2COR*03,IGHV4-39*i03,1,TRUE,TRUE,1,254,,FALSE
IGHV,IGHV4-2COR*11,IGHV4-38-2*02_g48a,1,FALSE,TRUE,1,255,,FALSE
IGHV,IGHV4-4LVZ*03,IGHV4-28*01_a50g_c51g_g70a_t82g_a83g_t196a_g289t,1,FALSE,TRUE,1,256,,FALSE
IGHV,IGHV4-4LVZ*11,IGHV4-28*05_c20t,1,FALSE,TRUE,1,257,,FALSE
IGHV,IGHV4-5ZJ6*08,IGHV4-30-4*08_a107g,1,FALSE,TRUE,1,258,,FALSE
IGHV,IGHV4-5ZJ6*12,IGHV4-30-4*08_c245g,1,FALSE,TRUE,1,259,,FALSE
IGHV,IGHV4-5ZJ6*14,IGHV4-30-4*08_g4c,1,FALSE,TRUE,1,260,,FALSE
IGHV,IGHV4-HHP5*01,IGHV4-4*10,1,TRUE,TRUE,1,261,,FALSE
IGHV,IGHV4-HHP5*03,IGHV4-4*02_a196t,1,FALSE,TRUE,1,262,,FALSE
IGHV,IGHV4-HHP5*10,IGHV4-4*03,1,TRUE,TRUE,1,263,,FALSE
IGHV,IGHV4-QA67*04,IGHV4-34*01_c195g,1,FALSE,TRUE,1,264,,FALSE
IGHV,IGHV4-UWUM*05,IGHV4-30-2*01_c4g_c21g_t25c_g70a_c113a_c285t_c315g,1,FALSE,TRUE,1,265,,FALSE
IGHV,IGHV4-UWUM*06,IGHV4-30-2*01_c288t,1,FALSE,TRUE,1,266,,FALSE
IGHV,IGHV6-6D6C*01,IGHV6-1*03,1,TRUE,TRUE,1,267,,FALSE
IGHD,IGHD1-RYEY*01,IGHD1-26*01,125,TRUE,TRUE,125,1,D1-26*01,TRUE
IGHD,IGHD2-Q36F*01,IGHD2-15*01,125,TRUE,TRUE,125,2,D2-15*01,TRUE
IGHD,IGHD3-52VS*01,IGHD3-9*01,125,TRUE,TRUE,125,3,D3-9*01,TRUE
IGHD,IGHD3-LCJ3*01,IGHD3-22*01,125,TRUE,TRUE,125,4,,FALSE
IGHD,IGHD4-UO7X*03,IGHD4-17*01,125,TRUE,TRUE,125,5,,FALSE
IGHD,IGHD4-ZMEQ*01,IGHD4-23*01,125,TRUE,TRUE,125,6,,FALSE
IGHD,IGHD5-GBAS*01,IGHD5-12*01,125,TRUE,TRUE,125,7,,FALSE
IGHD,IGHD5-IAIB*01,IGHD5-24*01,125,TRUE,TRUE,125,8,,FALSE
IGHD,IGHD5-KDQK*01,"IGHD5-18*02_a4g_t8c_g10-_t11-_g12-_c17t_a19g,IGHD5-5*01",125,TRUE,TRUE,125,9,,FALSE
IGHD,IGHD6-MLFK*04,IGHD6-19*01,125,TRUE,TRUE,125,10,,FALSE
IGHD,IGHD6-MLFK*06,IGHD6-13*01,125,TRUE,TRUE,125,11,,FALSE
IGHD,IGHD7-ZOID*01,IGHD7-27*01,125,TRUE,TRUE,125,12,,FALSE
IGHD,IGHD1-CO5H*03,IGHD1-1*01,124,TRUE,TRUE,124,13,,FALSE
IGHD,IGHD1-CO5H*04,IGHD1-14*01,124,TRUE,TRUE,124,14,,FALSE
IGHD,IGHD3-CFR7*03,IGHD3-16*02,124,TRUE,TRUE,124,15,,FALSE
IGHD,IGHD3-KLOQ*01,IGHD3-10*01,124,TRUE,TRUE,124,16,,FALSE
IGHD,IGHD4-UO7X*01,"IGHD4-11*01,IGHD4-4*01/IGHD4-11*01",123,TRUE,TRUE,123,17,,FALSE
IGHD,IGHD6-MLFK*02,IGHD6-25*01,122,TRUE,TRUE,122,18,,FALSE
IGHD,IGHD1-CO5H*07,IGHD1-7*01,116,TRUE,TRUE,116,19,,FALSE
IGHD,IGHD6-MLFK*01,IGHD6-6*01,116,TRUE,TRUE,116,20,,FALSE
IGHD,IGHD1-CO5H*01,IGHD1-20*01,113,TRUE,TRUE,113,21,,FALSE
IGHD,IGHD2-FQMB*01,IGHD2-21*02,113,TRUE,TRUE,113,22,,FALSE
IGHD,IGHD3-52VS*03,IGHD3-3*01,113,TRUE,TRUE,113,23,,FALSE
IGHD,IGHD2-GNCP*02,IGHD2-8*01,105,TRUE,TRUE,105,24,,FALSE
IGHD,IGHD2-3SVH*01,IGHD2-2*01,88,TRUE,TRUE,88,25,,FALSE
IGHD,IGHD2-3SVH*07,IGHD2-2*02,71,TRUE,TRUE,71,26,,FALSE
IGHD,IGHD2-FQMB*02,IGHD2-21*01,50,TRUE,TRUE,50,27,,FALSE
IGHD,IGHD3-CFR7*01,IGHD3-16*03,25,TRUE,TRUE,25,28,,FALSE
IGHD,IGHD2-GNCP*01,IGHD2-8*02,23,TRUE,TRUE,23,29,,FALSE
IGHD,IGHD3-KLOQ*02,IGHD3-10*03,23,TRUE,TRUE,23,30,,FALSE
IGHD,IGHD5-GBAS*03,"IGHD5-18*02,IGHD5-5*01_g4a_c8t_i9gtg_t14c_g16a",12,TRUE,TRUE,12,31,,FALSE
IGHD,IGHD3-52VS*04,IGHD3-3*01_g8a,6,FALSE,TRUE,6,32,D3-3*01_g8a,TRUE
IGHD,IGHD2-3SVH*02,IGHD2-2*01_g12t,5,FALSE,TRUE,5,33,,FALSE
IGHD,IGHD4-ZMEQ*02,IGHD4-23*01_c7t,3,FALSE,TRUE,3,34,,FALSE
IGHD,IGHD2-3SVH*06,IGHD2-2*01_g3c,2,FALSE,TRUE,2,35,,FALSE
IGHD,IGHD2-YGYG*01,IGHD2-15*01_g3a_g14a_g17a_g18c_a20t_g21a_a27c,2,FALSE,TRUE,2,36,,FALSE
IGHD,IGHD6-MLFK*03,IGHD6-25*01_g13a,2,FALSE,TRUE,2,37,,FALSE
IGHD,IGHD6-MLFK*05,IGHD6-19*01_g11-_t12-_g13-_t16a_g18a_a20c,2,FALSE,TRUE,2,38,,FALSE
IGHD,IGHD6-MLFK*07,IGHD6-13*01_a7-_g8-_c9-_a20c,2,FALSE,TRUE,2,39,,FALSE
IGHD,IGHD1-CO5H*05,IGHD1-14*01_g10a,1,FALSE,TRUE,1,40,,FALSE
IGHD,IGHD3-CFR7*04,IGHD3-16*02_c13t,1,FALSE,TRUE,1,41,,FALSE
IGHD,IGHD4-UO7X*02,IGHD4-11*01_c4a,1,FALSE,TRUE,1,42,,FALSE
IGHD,IGHD5-GBAS*02,IGHD5-12*01_g1a,1,FALSE,TRUE,1,43,,FALSE
IGHD,IGHD5-VZWE*01,IGHD5-12*01_t2g_t8c_t11c_c14g_g18a_a19g,1,FALSE,TRUE,1,44,,FALSE
IGHD,IGHD6-MLFK*08,IGHD6-13*01_a10g_t19a,1,FALSE,TRUE,1,45,,FALSE
IGHJ,IGHJ1-GJL4*01,IGHJ1*01,125,TRUE,TRUE,125,1,J1*01,TRUE
IGHJ,IGHJ2-INZU*01,IGHJ2*01,125,TRUE,TRUE,125,2,J2*01,TRUE
IGHJ,IGHJ3-U4ID*01,IGHJ3*02,125,TRUE,TRUE,125,3,J3*02,TRUE
IGHJ,IGHJ4-IOOB*01,IGHJ4*02,125,TRUE,TRUE,125,4,,FALSE
IGHJ,IGHJ5-32GS*01,IGHJ5*02,125,TRUE,TRUE,125,5,,FALSE
IGHJ,IGHJ6-DTHQ*01,IGHJ6*02,113,TRUE,TRUE,113,6,,FALSE
IGHJ,IGHJ6-DTHQ*03,IGHJ6*03,53,TRUE,TRUE,53,7,,FALSE
IGHJ,IGHJ4-IOOB*02,IGHJ4*02_c29g,11,FALSE,TRUE,11,8,J4*02_c29g,TRUE
IGHJ,IGHJ6-DTHQ*04,IGHJ6*03_t3-_a4-_c5-_a36c,4,FALSE,TRUE,4,9,,FALSE
IGHJ,IGHJ6-DTHQ*02,IGHJ6*02_c36a,1,FALSE,TRUE,1,10,,FALSE
IGKV,IGKV1-DUWK*01,"IGKV1-16*02,IGKV1D-16*01_t84c_g110a_c111t_g113a_g114t_a125t_a140g_g224a",158,TRUE,TRUE,158,1,V1-16*02†1,TRUE
IGKV,IGKV1-FKL5*01,IGKV1-12*01,158,TRUE,TRUE,158,2,V1-12*01,TRUE
IGKV,IGKV1-L65H*01,IGKV1-6*01,158,TRUE,TRUE,158,3,V1-6*01,TRUE
IGKV,IGKV1-NOS4*01,"IGKV1D-39*01,IGKV1-39*01,IGKV1-39*01/IGKV1D-39*01",158,TRUE,TRUE,158,4,,FALSE
IGKV,IGKV1-OC5J*01,"IGKV1D-33*01,IGKV1-33*01,IGKV1D-33*01/IGKV1-33*01",158,TRUE,TRUE,158,5,,FALSE
IGKV,IGKV2-G2PE*01,"IGKV2-28*01,IGKV2D-28*01,IGKV2-28*01/IGKV2D-28*01",158,TRUE,TRUE,158,6,,FALSE
IGKV,IGKV3-5E6W*01,"IGKV3-11*01,IGKV3D-11*02_g129a_c247t_a332c",158,TRUE,TRUE,158,7,,FALSE
IGKV,IGKV3-CCX7*01,"IGKV3D-20*01,IGKV3-20*01_g26c_a70g_a143t_t147g_g167a",158,TRUE,TRUE,158,8,,FALSE
IGKV,IGKV3-CCX7*05,"IGKV3-20*01,IGKV3D-20*01_c26g_g70a_t143a_g147t_a167g",158,TRUE,TRUE,158,9,,FALSE
IGKV,IGKV4-HIV4*03,IGKV4-1*01,158,TRUE,TRUE,158,10,,FALSE
IGKV,IGKV3-AE3X*07,"IGKV3-15*01,IGKV3D-15*01_c210t",157,TRUE,TRUE,157,11,,FALSE
IGKV,IGKV6-FFUB*01,"IGKV6D-21*02,IGKV6-21*02_a301g",157,TRUE,TRUE,157,12,,FALSE
IGKV,IGKV1-DUWK*04,"IGKV1D-16*01,IGKV1-16*02_c84t_a110g_t111c_a113g_t114g_t125a_g140a_a224g",156,TRUE,TRUE,156,13,,FALSE
IGKV,IGKV2-BQEN*04,"IGKV2D-30*01,IGKV2-30*01_c199t",156,TRUE,TRUE,156,14,,FALSE
IGKV,IGKV2-Q442*01,"IGKV2D-40*01,IGKV2D-40*01/IGKV2-40*01",156,TRUE,TRUE,156,15,,FALSE
IGKV,IGKV1-X533*01,IGKV1D-43*01,155,TRUE,TRUE,155,16,,FALSE
IGKV,IGKV2-A3RK*01,"IGKV2-24*01,IGKV2D-24*01_g33a_t68g_g169a_c314t",149,TRUE,TRUE,149,17,,FALSE
IGKV,IGKV6-FFUB*06,"IGKV6-21*02_a202t,IGKV6D-21*01",148,TRUE,TRUE,148,18,,FALSE
IGKV,IGKV1-3Y5S*07,IGKV1-5*03,146,TRUE,TRUE,146,19,,FALSE
IGKV,IGKV1-BK4T*13,IGKV1D-8*01,146,TRUE,TRUE,146,20,,FALSE
IGKV,IGKV1-FKL5*12,IGKV1D-12*01,146,TRUE,TRUE,146,21,,FALSE
IGKV,IGKV2-BQEN*02,"IGKV2-30*01,IGKV2D-30*01_t199c",145,TRUE,TRUE,145,22,,FALSE
IGKV,IGKV5-RLLS*04,IGKV5-2*01,145,TRUE,TRUE,145,23,,FALSE
IGKV,IGKV1-4H7U*01,IGKV1-27*01,144,TRUE,TRUE,144,24,,FALSE
IGKV,IGKV1-BKSL*01,IGKV1-9*01,144,TRUE,TRUE,144,25,,FALSE
IGKV,IGKV3-AO4Z*01,IGKV3D-7*01,143,TRUE,TRUE,143,26,,FALSE
IGKV,IGKV1-BK4T*05,IGKV1-8*01,141,TRUE,TRUE,141,27,,FALSE
IGKV,IGKV1-2UAW*11,IGKV1-13*01_a123g,138,FALSE,TRUE,138,28,V1-13*01_a123g,TRUE
IGKV,IGKV3-AE3X*01,"IGKV3D-15*01,IGKV3-15*01_t210c",138,TRUE,TRUE,138,29,,FALSE
IGKV,IGKV1-L65H*06,"IGKV1-17*01,IGKV1D-17*01_a3e5",137,TRUE,TRUE,137,30,,FALSE
IGKV,IGKV2-CGHO*05,IGKV2D-29*01,136,TRUE,TRUE,136,31,,FALSE
IGKV,IGKV2-PKSK*01,IGKV2D-26*03,119,TRUE,TRUE,119,32,,FALSE
IGKV,IGKV3-5E6W*15,"IGKV3D-11*01,IGKV3-11*01_a82g_a129g_t247c_c332a",110,TRUE,TRUE,110,33,,FALSE
IGKV,IGKV6-GFDV*01,IGKV6D-41*01,100,TRUE,TRUE,100,34,,FALSE
IGKV,IGKV3-5E6W*07,IGKV3D-11*02,89,TRUE,TRUE,89,35,,FALSE
IGKV,IGKV1-65SI*09,"IGKV1-17*03,IGKV1D-17*01_a1g_g78t_a155g",67,TRUE,TRUE,67,36,,FALSE
IGKV,IGKV2-CGHO*09,IGKV2D-29*02,63,TRUE,TRUE,63,37,,FALSE
IGKV,IGKV1-FKL5*08,IGKV1-12*01_c334t,58,FALSE,TRUE,58,38,,FALSE
IGKV,IGKV1-2UAW*04,IGKV1D-13*02,57,TRUE,TRUE,57,39,,FALSE
IGKV,IGKV2-A3RK*05,IGKV2D-24*01,57,TRUE,TRUE,57,40,,FALSE
IGKV,IGKV2-PKSK*05,IGKV2D-26*03_g63c,56,FALSE,TRUE,56,41,,FALSE
IGKV,IGKV1-BKSL*02,IGKV1-9*01_a2c_t29c_a258t_a270c,55,FALSE,TRUE,55,42,,FALSE
IGKV,IGKV5-RLLS*01,IGKV5-2*02,54,TRUE,TRUE,54,43,,FALSE
IGKV,IGKV1-65SI*01,"IGKV1D-17*01,IGKV1-17*03_g1a_t78g_g155a",51,TRUE,TRUE,51,44,,FALSE
IGKV,IGKV2-BQEN*01,"IGKV2-30*02,IGKV2D-30*01_t91c_t199c",49,TRUE,TRUE,49,45,,FALSE
IGKV,IGKV1-DFTS*01,IGKV1-NL1*01,47,TRUE,TRUE,47,46,,FALSE
IGKV,IGKV1-BK4T*01,IGKV1D-8*02,46,TRUE,TRUE,46,47,,FALSE
IGKV,IGKV1-3Y5S*02,IGKV1-5*04,45,TRUE,TRUE,45,48,,FALSE
IGKV,IGKV6-FFUB*08,IGKV6-21*02,42,TRUE,TRUE,42,49,,FALSE
IGKV,IGKV1-4H7U*07,IGKV1-27*02,40,TRUE,TRUE,40,50,,FALSE
IGKV,IGKV3-AE3X*18,IGKV3D-15*03,40,TRUE,TRUE,40,51,,FALSE
IGKV,IGKV2-CGHO*01,IGKV2-29*02,39,TRUE,TRUE,39,52,,FALSE
IGKV,IGKV1-BK4T*09,IGKV1-8*02,37,TRUE,TRUE,37,53,,FALSE
IGKV,IGKV1-NOS4*02,"IGKV1D-39*01_c29t_c306t_315gtgtg319_c330a,IGKV1-39*01_c29t_c306t_315gtgtg319_c330a",33,FALSE,TRUE,33,54,,FALSE
IGKV,IGKV1-BK4T*10,IGKV1-8*03,31,TRUE,TRUE,31,55,,FALSE
IGKV,IGKV2-A3RK*08,"IGKV2-24*02,IGKV2D-24*01_g33a_t68g_g169a",31,TRUE,TRUE,31,56,,FALSE
IGKV,IGKV2-G2PE*07,IGKV2D-28*01_g90c,31,FALSE,TRUE,31,57,,FALSE
IGKV,IGKV4-HIV4*01,IGKV4-1*02,23,TRUE,TRUE,23,58,,FALSE
IGKV,IGKV2-Q442*05,IGKV2D-40*01_c195t,21,FALSE,TRUE,21,59,,FALSE
IGKV,IGKV2-CGHO*03,IGKV2-29*01_a312c,19,FALSE,TRUE,19,60,,FALSE
IGKV,IGKV2-G2PE*05,IGKV2D-28*01_g141a,17,FALSE,TRUE,17,61,,FALSE
IGKV,IGKV3-AE3X*02,IGKV3D-15*01_c14t,17,FALSE,TRUE,17,62,,FALSE
IGKV,IGKV1-BK4T*21,IGKV1D-8*01_t276c,14,FALSE,TRUE,14,63,,FALSE
IGKV,IGKV1-L65H*05,IGKV1-6*01_g9a,14,FALSE,TRUE,14,64,,FALSE
IGKV,IGKV3-AE3X*04,IGKV3D-15*01_c197t,14,FALSE,TRUE,14,65,,FALSE
IGKV,IGKV1-3Y5S*05,IGKV1-5*01,13,TRUE,TRUE,13,66,,FALSE
IGKV,IGKV6-FFUB*07,IGKV6D-21*01_a301g,13,FALSE,TRUE,13,67,,FALSE
IGKV,IGKV2-G2PE*10,IGKV2D-28*01_t19c,12,FALSE,TRUE,12,68,,FALSE
IGKV,IGKV1-DUWK*10,IGKV1D-16*02,9,TRUE,TRUE,9,69,,FALSE
IGKV,IGKV3-AE3X*09,IGKV3-15*01_a117g,9,FALSE,TRUE,9,70,,FALSE
IGKV,IGKV1-BKSL*05,IGKV1-9*02,8,TRUE,TRUE,8,71,,FALSE
IGKV,IGKV3-AE3X*13,IGKV3-15*01_c280a,8,FALSE,TRUE,8,72,,FALSE
IGKV,IGKV2-A3RK*10,IGKV2-24*02_a33g,7,FALSE,TRUE,7,73,,FALSE
IGKV,IGKV1-BK4T*12,IGKV1-8*03_c231t,6,FALSE,TRUE,6,74,,FALSE
IGKV,IGKV1-BKSL*03,IGKV1-9*01_a2c,6,FALSE,TRUE,6,75,,FALSE
IGKV,IGKV3-5E6W*13,IGKV3D-11*02_g53a,5,FALSE,TRUE,5,76,,FALSE
IGKV,IGKV3-AE3X*11,IGKV3-15*01_c141g,5,FALSE,TRUE,5,77,,FALSE
IGKV,IGKV3-AO4Z*03,IGKV3D-7*01_c136a,5,FALSE,TRUE,5,78,,FALSE
IGKV,IGKV5-RLLS*03,IGKV5-2*02_t108g,5,FALSE,TRUE,5,79,,FALSE
IGKV,IGKV1-2UAW*10,IGKV1D-13*02_g238a_g326a,4,FALSE,TRUE,4,80,,FALSE
IGKV,IGKV1-BK4T*04,IGKV1D-8*04,4,TRUE,TRUE,4,81,,FALSE
IGKV,IGKV1-DUWK*05,IGKV1D-16*01_c156t,4,FALSE,TRUE,4,82,,FALSE
IGKV,IGKV1-FKL5*06,IGKV1-12*01_c270t,4,FALSE,TRUE,4,83,,FALSE
IGKV,IGKV1-OC5J*07,IGKV1-33*01_c286g,4,FALSE,TRUE,4,84,,FALSE
IGKV,IGKV2-G2PE*08,IGKV2D-28*01_g90c_g141a,4,FALSE,TRUE,4,85,,FALSE
IGKV,IGKV3-5E6W*04,IGKV3-11*01_g320a,4,FALSE,TRUE,4,86,,FALSE
IGKV,IGKV3-AE3X*17,IGKV3-15*01_t5c_g15a,4,FALSE,TRUE,4,87,,FALSE
IGKV,IGKV3-CCX7*07,IGKV3-20*01_a143t_t147g_g167a,4,FALSE,TRUE,4,88,,FALSE
IGKV,IGKV1-OC5J*08,IGKV1D-33*01_t319c,3,FALSE,TRUE,3,89,,FALSE
IGKV,IGKV1-X533*07,IGKV1D-43*01_c41t,3,FALSE,TRUE,3,90,,FALSE
IGKV,IGKV2-BQEN*03,IGKV2-30*01_g275t,3,FALSE,TRUE,3,91,,FALSE
IGKV,IGKV2-PKSK*07,IGKV2D-26*03_g63c_c237t,3,FALSE,TRUE,3,92,,FALSE
IGKV,IGKV1-4H7U*03,IGKV1-27*01_c309t,2,FALSE,TRUE,2,93,,FALSE
IGKV,IGKV1-65SI*10,IGKV1-17*03_c15a_g169t,2,FALSE,TRUE,2,94,,FALSE
IGKV,IGKV1-FKL5*02,IGKV1-12*01_c306t_t309c_g319t_c320t_c324t_g326a_t329a_c335a,2,FALSE,TRUE,2,95,,FALSE
IGKV,IGKV1-FKL5*11,IGKV1-12*01_g71a,2,FALSE,TRUE,2,96,,FALSE
IGKV,IGKV1-NOS4*05,IGKV1D-39*01_c29t,2,FALSE,TRUE,2,97,,FALSE
IGKV,IGKV2-BQEN*06,IGKV2D-30*01_c53t,2,FALSE,TRUE,2,98,,FALSE
IGKV,IGKV2-G2PE*06,IGKV2-28*01_g202t,2,FALSE,TRUE,2,99,,FALSE
IGKV,IGKV2-Q442*04,IGKV2D-40*01_g90t,2,FALSE,TRUE,2,100,,FALSE
IGKV,IGKV2-Q442*06,IGKV2D-40*01_g200a,2,FALSE,TRUE,2,101,,FALSE
IGKV,IGKV3-5E6W*11,IGKV3D-11*02_g320a,2,FALSE,TRUE,2,102,,FALSE
IGKV,IGKV3-AE3X*08,IGKV3-15*01_c27t,2,FALSE,TRUE,2,103,,FALSE
IGKV,IGKV3-AE3X*21,IGKV3D-15*03_g240a,2,FALSE,TRUE,2,104,,FALSE
IGKV,IGKV3-AO4Z*05,IGKV3-7*04,2,TRUE,TRUE,2,105,,FALSE
IGKV,IGKV4-HIV4*12,IGKV4-1*01_g72a,2,FALSE,TRUE,2,106,,FALSE
IGKV,IGKV6-GFDV*02,IGKV6D-41*01_a303t,2,FALSE,TRUE,2,107,,FALSE
IGKV,IGKV1-2UAW*08,IGKV1D-13*02_g110a_g326a,1,FALSE,TRUE,1,108,,FALSE
IGKV,IGKV1-3Y5S*03,IGKV1-5*04_c316g_t330c,1,FALSE,TRUE,1,109,,FALSE
IGKV,IGKV1-3Y5S*06,IGKV1-5*01_a323t,1,FALSE,TRUE,1,110,,FALSE
IGKV,IGKV1-3Y5S*08,IGKV1-5*03_c41t,1,FALSE,TRUE,1,111,,FALSE
IGKV,IGKV1-3Y5S*10,IGKV1-5*03_c70t,1,FALSE,TRUE,1,112,,FALSE
IGKV,IGKV1-3Y5S*11,IGKV1-5*03_a144c,1,FALSE,TRUE,1,113,,FALSE
IGKV,IGKV1-4H7U*02,IGKV1-27*01_a196g,1,FALSE,TRUE,1,114,,FALSE
IGKV,IGKV1-4H7U*06,IGKV1-27*01_g282a,1,FALSE,TRUE,1,115,,FALSE
IGKV,IGKV1-65SI*04,IGKV1D-17*01_a291t,1,FALSE,TRUE,1,116,,FALSE
IGKV,IGKV1-BK4T*02,IGKV1D-8*02_g139a,1,FALSE,TRUE,1,117,,FALSE
IGKV,IGKV1-BK4T*06,IGKV1-8*01_c136t,1,FALSE,TRUE,1,118,,FALSE
IGKV,IGKV1-BK4T*14,IGKV1D-8*01_a223g,1,FALSE,TRUE,1,119,,FALSE
IGKV,IGKV1-BK4T*17,IGKV1D-8*01_c263t,1,FALSE,TRUE,1,120,,FALSE
IGKV,IGKV1-BKSL*04,IGKV1-9*01_c75a,1,FALSE,TRUE,1,121,,FALSE
IGKV,IGKV1-BKSL*06,IGKV1-9*02_a2c_t29c_a258t_a270c,1,FALSE,TRUE,1,122,,FALSE
IGKV,IGKV1-FKL5*09,IGKV1-12*01_c59t,1,FALSE,TRUE,1,123,,FALSE
IGKV,IGKV1-FKL5*10,IGKV1-12*01_g201t,1,FALSE,TRUE,1,124,,FALSE
IGKV,IGKV1-FKL5*15,IGKV1D-12*01_t30c_g71a_t270c_c334t,1,FALSE,TRUE,1,125,,FALSE
IGKV,IGKV1-JQUW*01,IGKV1D-42*01,1,TRUE,TRUE,1,126,,FALSE
IGKV,IGKV1-L65H*02,IGKV1-6*01_c331t,1,FALSE,TRUE,1,127,,FALSE
IGKV,IGKV1-L65H*07,IGKV1-17*01_c6a,1,FALSE,TRUE,1,128,,FALSE
IGKV,IGKV1-NOS4*03,IGKV1-39*01_c162a,1,FALSE,TRUE,1,129,,FALSE
IGKV,IGKV1-NOS4*07,IGKV1D-39*01_g71a,1,FALSE,TRUE,1,130,,FALSE
IGKV,IGKV1-X533*03,IGKV1D-43*01_t155g,1,FALSE,TRUE,1,131,,FALSE
IGKV,IGKV2-A3RK*06,IGKV2D-24*01_A33G_G68T_A169G_T314C,1,FALSE,TRUE,1,132,,FALSE
IGKV,IGKV2-A3RK*07,IGKV2D-24*01_t68g,1,FALSE,TRUE,1,133,,FALSE
IGKV,IGKV2-BQEN*07,IGKV2D-30*01_g135t,1,FALSE,TRUE,1,134,,FALSE
IGKV,IGKV2-BQEN*08,IGKV2D-30*01_c110t,1,FALSE,TRUE,1,135,,FALSE
IGKV,IGKV2-BQEN*10,IGKV2D-30*01_g155a,1,FALSE,TRUE,1,136,,FALSE
IGKV,IGKV2-CGHO*06,IGKV2D-29*01_c27g,1,FALSE,TRUE,1,137,,FALSE
IGKV,IGKV2-CGHO*08,IGKV2D-29*01_t163c,1,FALSE,TRUE,1,138,,FALSE
IGKV,IGKV2-CGHO*13,IGKV2D-29*02_g33a,1,FALSE,TRUE,1,139,,FALSE
IGKV,IGKV2-G2PE*02,IGKV2-28*01_c142a,1,FALSE,TRUE,1,140,,FALSE
IGKV,IGKV2-PKSK*02,IGKV2D-26*03_g7a_g63c_c156a,1,FALSE,TRUE,1,141,,FALSE
IGKV,IGKV2-PKSK*03,IGKV2D-26*03_g7a,1,FALSE,TRUE,1,142,,FALSE
IGKV,IGKV2-PKSK*09,IGKV2D-26*03_t304a,1,FALSE,TRUE,1,143,,FALSE
IGKV,IGKV2-Q442*02,IGKV2-40*01_g280a,1,FALSE,TRUE,1,144,,FALSE
IGKV,IGKV2-Q442*03,IGKV2D-40*01_g320a,1,FALSE,TRUE,1,145,,FALSE
IGKV,IGKV3-5E6W*02,IGKV3-11*01_g48c,1,FALSE,TRUE,1,146,,FALSE
IGKV,IGKV3-5E6W*09,IGKV3D-11*02_g220a,1,FALSE,TRUE,1,147,,FALSE
IGKV,IGKV3-AE3X*14,IGKV3-15*01_c75t,1,FALSE,TRUE,1,148,,FALSE
IGKV,IGKV3-AE3X*15,IGKV3-15*01_g129a,1,FALSE,TRUE,1,149,,FALSE
IGKV,IGKV3-CCX7*03,IGKV3D-20*01_g70a,1,FALSE,TRUE,1,150,,FALSE
IGKV,IGKV3-CCX7*06,IGKV3-20*01_a221c,1,FALSE,TRUE,1,151,,FALSE
IGKV,IGKV3-CCX7*09,IGKV3-20*01_c57t,1,FALSE,TRUE,1,152,,FALSE
IGKV,IGKV3-CCX7*11,IGKV3-20*01_t147g,1,FALSE,TRUE,1,153,,FALSE
IGKV,IGKV4-HIV4*04,IGKV4-1*01_c283a,1,FALSE,TRUE,1,154,,FALSE
IGKV,IGKV5-RLLS*02,IGKV5-2*02_c5t,1,FALSE,TRUE,1,155,,FALSE
IGKV,IGKV6-FFUB*04,IGKV6D-21*02_g139t_g295a,1,FALSE,TRUE,1,156,,FALSE
IGKV,IGKV6-FFUB*05,IGKV6D-21*02_g295a,1,FALSE,TRUE,1,157,,FALSE
IGKJ,IGKJ1-CNBG*01,IGKJ1*01,158,TRUE,TRUE,158,1,J1*01,TRUE
IGKJ,IGKJ3-RD32*01,IGKJ3*01,158,TRUE,TRUE,158,2,J3*01,TRUE
IGKJ,IGKJ4-VQ2B*01,IGKJ4*01,158,TRUE,TRUE,158,3,J4*01,TRUE
IGKJ,IGKJ5-JJJS*01,IGKJ5*01,158,TRUE,TRUE,158,4,,FALSE
IGKJ,IGKJ2-366P*01,IGKJ2*01,155,TRUE,TRUE,155,5,,FALSE
IGKJ,IGKJ2-366P*09,IGKJ2*04,14,TRUE,TRUE,14,6,,FALSE
IGKJ,IGKJ2-366P*08,IGKJ2*03,12,TRUE,TRUE,12,7,,FALSE
IGKJ,IGKJ2-366P*02,IGKJ2*01_a37g,3,FALSE,TRUE,3,8,J2*01_a37g,TRUE
IGLV,IGLV2-2ATY*02,IGLV2-8*01,145,TRUE,TRUE,145,1,V2-8*01,TRUE
IGLV,IGLV2-2ATY*11,IGLV2-11*01,145,TRUE,TRUE,145,2,V2-11*01,TRUE
IGLV,IGLV3-6MZC*02,IGLV3-19*01,145,TRUE,TRUE,145,3,V3-19*01,TRUE
IGLV,IGLV3-AT7Q*01,IGLV3-27*01,145,TRUE,TRUE,145,4,,FALSE
IGLV,IGLV3-UJ3V*01,IGLV3-1*01,145,TRUE,TRUE,145,5,,FALSE
IGLV,IGLV4-VEQC*01,IGLV4-69*01,145,TRUE,TRUE,145,6,,FALSE
IGLV,IGLV9-6G6A*01,IGLV9-49*01,145,TRUE,TRUE,145,7,,FALSE
IGLV,IGLV1-7GPM*01,IGLV1-44*01,144,TRUE,TRUE,144,8,,FALSE
IGLV,IGLV1-I7TN*01,IGLV1-40*01,144,TRUE,TRUE,144,9,,FALSE
IGLV,IGLV5-OIYG*01,IGLV5-52*01,144,TRUE,TRUE,144,10,,FALSE
IGLV,IGLV7-B5AO*01,IGLV7-43*01,144,TRUE,TRUE,144,11,,FALSE
IGLV,IGLV1-F7S3*08,IGLV1-36*01,143,TRUE,TRUE,143,12,,FALSE
IGLV,IGLV3-3O5X*10,IGLV3-16*01,143,TRUE,TRUE,143,13,,FALSE
IGLV,IGLV3-HV54*02,IGLV3-9*01_337-----341,143,FALSE,TRUE,143,14,V3-9*01_337-----341,TRUE
IGLV,IGLV1-3LR7*01,IGLV1-51*01,139,TRUE,TRUE,139,15,,FALSE
IGLV,IGLV3-4KGD*01,IGLV3-10*01,139,TRUE,TRUE,139,16,,FALSE
IGLV,IGLV1-7GPM*11,IGLV1-47*01,137,TRUE,TRUE,137,17,,FALSE
IGLV,IGLV3-E7QG*05,IGLV3-22*01,136,TRUE,TRUE,136,18,,FALSE
IGLV,IGLV3-3O5X*01,IGLV3-25*03,134,TRUE,TRUE,134,19,,FALSE
IGLV,IGLV5-BICQ*05,IGLV5-37*01,134,TRUE,TRUE,134,20,,FALSE
IGLV,IGLV8-CZKU*02,IGLV8-61*01,131,TRUE,TRUE,131,21,,FALSE
IGLV,IGLV2-577O*05,IGLV2-18*02,128,TRUE,TRUE,128,22,,FALSE
IGLV,IGLV2-3H25*21,IGLV2-23*03,123,TRUE,TRUE,123,23,,FALSE
IGLV,IGLV10-4DES*08,IGLV10-54*01,109,TRUE,TRUE,109,24,,FALSE
IGLV,IGLV7-4QTE*02,IGLV7-46*01,105,TRUE,TRUE,105,25,,FALSE
IGLV,IGLV4-ABT7*13,IGLV4-60*03,103,TRUE,TRUE,103,26,,FALSE
IGLV,IGLV4-UDEI*01,IGLV4-3*01,99,TRUE,TRUE,99,27,,FALSE
IGLV,IGLV5-M6FZ*01,IGLV5-48*01,99,TRUE,TRUE,99,28,,FALSE
IGLV,IGLV7-4QTE*06,IGLV7-46*04,99,TRUE,TRUE,99,29,,FALSE
IGLV,IGLV5-7AGX*02,IGLV5-45*02,93,TRUE,TRUE,93,30,,FALSE
IGLV,IGLV2-3H25*11,IGLV2-23*02,88,TRUE,TRUE,88,31,,FALSE
IGLV,IGLV3-DROU*07,IGLV3-21*02,88,TRUE,TRUE,88,32,,FALSE
IGLV,IGLV2-3H25*01,IGLV2-14*01,86,TRUE,TRUE,86,33,,FALSE
IGLV,IGLV3-DROU*08,IGLV3-21*04,86,TRUE,TRUE,86,34,,FALSE
IGLV,IGLV5-7AGX*10,IGLV5-45*03,84,TRUE,TRUE,84,35,,FALSE
IGLV,IGLV5-MQIJ*01,IGLV5-39*01,82,TRUE,TRUE,82,36,,FALSE
IGLV,IGLV2-3H25*08,IGLV2-14*03,81,TRUE,TRUE,81,37,,FALSE
IGLV,IGLV6-26WE*05,IGLV6-57*02,77,TRUE,TRUE,77,38,,FALSE
IGLV,IGLV1-2N7T*02,IGLV1-41*01,76,TRUE,TRUE,76,39,,FALSE
IGLV,IGLV2-577O*01,IGLV2-18*01,76,TRUE,TRUE,76,40,,FALSE
IGLV,IGLV3-4AYZ*03,IGLV3-12*02,64,TRUE,TRUE,64,41,,FALSE
IGLV,IGLV6-26WE*01,IGLV6-57*01,64,TRUE,TRUE,64,42,,FALSE
IGLV,IGLV10-4DES*04,IGLV10-54*02,61,TRUE,TRUE,61,43,,FALSE
IGLV,IGLV2-3H25*06,IGLV2-14*04,51,TRUE,TRUE,51,44,,FALSE
IGLV,IGLV6-26WE*04,IGLV6-57*04,51,TRUE,TRUE,51,45,,FALSE
IGLV,IGLV1-3LR7*06,IGLV1-51*02,42,TRUE,TRUE,42,46,,FALSE
IGLV,IGLV3-DROU*01,IGLV3-21*03,42,TRUE,TRUE,42,47,,FALSE
IGLV,IGLV8-CZKU*01,IGLV8-61*02,41,TRUE,TRUE,41,48,,FALSE
IGLV,IGLV3-3O5X*21,IGLV3-25*03_g74c,40,TRUE,TRUE,40,49,,FALSE
IGLV,IGLV6-26WE*06,IGLV6-57*03,39,TRUE,TRUE,39,50,,FALSE
IGLV,IGLV5-7AGX*07,IGLV5-45*01,38,TRUE,TRUE,38,51,,FALSE
IGLV,IGLV3-4AYZ*01,IGLV3-12*01,36,TRUE,TRUE,36,52,,FALSE
IGLV,IGLV10-4DES*12,IGLV10-54*04,34,TRUE,TRUE,34,53,,FALSE
IGLV,IGLV4-ABT7*01,IGLV4-60*02,28,TRUE,TRUE,28,54,,FALSE
IGLV,IGLV1-7GPM*19,IGLV1-47*02,27,TRUE,TRUE,27,55,,FALSE
IGLV,IGLV3-4KGD*05,IGLV3-10*01_g115c,26,FALSE,TRUE,26,56,,FALSE
IGLV,IGLV1-F7S3*01,IGLV1-36*01_c330g,22,TRUE,TRUE,22,57,,FALSE
IGLV,IGLV7-4QTE*01,IGLV7-46*02,22,TRUE,TRUE,22,58,,FALSE
IGLV,IGLV3-3O5X*22,IGLV3-25*02,21,TRUE,TRUE,21,59,,FALSE
IGLV,IGLV5-BICQ*01,IGLV5-37*03,21,TRUE,TRUE,21,60,,FALSE
IGLV,IGLV2-3H25*14,IGLV2-14*01_g168t_t198g_c337t,20,TRUE,TRUE,20,61,,FALSE
IGLV,IGLV4-ABT7*03,IGLV4-60*03_c259t,19,TRUE,TRUE,19,62,,FALSE
IGLV,IGLV1-2N7T*06,IGLV1-41*01_c81t_c332t,13,FALSE,TRUE,13,63,,FALSE
IGLV,IGLV3-3O5X*15,IGLV3-16*01_g332c,11,FALSE,TRUE,11,64,,FALSE
IGLV,IGLV3-3O5X*20,IGLV3-16*01_t145g_t146c,10,TRUE,TRUE,10,65,,FALSE
IGLV,IGLV3-DROU*05,IGLV3-21*03_g27a,10,FALSE,TRUE,10,66,,FALSE
IGLV,IGLV5-BICQ*02,IGLV5-37*02,10,TRUE,TRUE,10,67,,FALSE
IGLV,IGLV1-2N7T*05,IGLV1-41*01_c332t,8,FALSE,TRUE,8,68,,FALSE
IGLV,IGLV10-4DES*01,IGLV10-54*05,8,TRUE,TRUE,8,69,,FALSE
IGLV,IGLV2-2ATY*01,IGLV2-8*03,8,TRUE,TRUE,8,70,,FALSE
IGLV,IGLV2-3H25*04,IGLV2-14*01_g168t_t198g_c337t_t337c,8,FALSE,TRUE,8,71,,FALSE
IGLV,IGLV4-ABT7*12,IGLV4-60*03_g251t,8,FALSE,TRUE,8,72,,FALSE
IGLV,IGLV5-7AGX*01,IGLV5-45*04,8,TRUE,TRUE,8,73,,FALSE
IGLV,IGLV1-7GPM*17,IGLV1-47*01_g39t,7,FALSE,TRUE,7,74,,FALSE
IGLV,IGLV1-3LR7*03,IGLV1-51*01_c312t,6,FALSE,TRUE,6,75,,FALSE
IGLV,IGLV2-3H25*16,IGLV2-23*04_a279g,5,FALSE,TRUE,5,76,,FALSE
IGLV,IGLV3-4AYZ*04,IGLV3-12*02_c195a_a267g,5,FALSE,TRUE,5,77,,FALSE
IGLV,IGLV3-DROU*11,IGLV3-21*04_t166g,5,FALSE,TRUE,5,78,,FALSE
IGLV,IGLV3-E7QG*04,IGLV3-22*03_t37g_t330c,5,FALSE,TRUE,5,79,,FALSE
IGLV,IGLV5-MQIJ*02,IGLV5-39*01_g198a,5,FALSE,TRUE,5,80,,FALSE
IGLV,IGLV1-2N7T*03,IGLV1-41*01_a328g,4,FALSE,TRUE,4,81,,FALSE
IGLV,IGLV1-7GPM*05,IGLV1-44*01_t168g,4,FALSE,TRUE,4,82,,FALSE
IGLV,IGLV1-I7TN*08,IGLV1-40*01_c275g,4,FALSE,TRUE,4,83,,FALSE
IGLV,IGLV1-IRYE*01,IGLV1-50*01,4,TRUE,TRUE,4,84,,FALSE
IGLV,IGLV7-B5AO*03,IGLV7-43*01_c155t,4,FALSE,TRUE,4,85,,FALSE
IGLV,IGLV1-7GPM*20,IGLV1-47*02_g291a,3,FALSE,TRUE,3,86,,FALSE
IGLV,IGLV2-3H25*12,IGLV2-23*02_a320g,3,FALSE,TRUE,3,87,,FALSE
IGLV,IGLV2-3H25*23,IGLV2-23*03_t32a,3,FALSE,TRUE,3,88,,FALSE
IGLV,IGLV3-3O5X*17,IGLV3-16*01_t163a,3,FALSE,TRUE,3,89,,FALSE
IGLV,IGLV3-4KGD*03,IGLV3-10*01_c299a,3,FALSE,TRUE,3,90,,FALSE
IGLV,IGLV3-DROU*10,IGLV3-21*04_t124g,3,FALSE,TRUE,3,91,,FALSE
IGLV,IGLV3-E7QG*11,IGLV3-22*01_c53a_g106a,3,FALSE,TRUE,3,92,,FALSE
IGLV,IGLV7-4QTE*04,IGLV7-46*01_g39a,3,FALSE,TRUE,3,93,,FALSE
IGLV,IGLV1-3LR7*09,IGLV1-51*02_g255c,2,FALSE,TRUE,2,94,,FALSE
IGLV,IGLV1-7GPM*06,IGLV1-44*01_t168g_t286g,2,FALSE,TRUE,2,95,,FALSE
IGLV,IGLV1-7GPM*16,IGLV1-47*01_g145a,2,FALSE,TRUE,2,96,,FALSE
IGLV,IGLV1-F7S3*04,IGLV1-36*01_c203t,2,FALSE,TRUE,2,97,,FALSE
IGLV,IGLV1-F7S3*05,IGLV1-36*01_g112a,2,FALSE,TRUE,2,98,,FALSE
IGLV,IGLV2-2ATY*06,IGLV2-8*01_c43t,2,FALSE,TRUE,2,99,,FALSE
IGLV,IGLV2-35JA*01,IGLV2-33*01,2,TRUE,TRUE,2,100,,FALSE
IGLV,IGLV2-3H25*02,IGLV2-14*01_g168t_t198g_c337t_g198t,2,FALSE,TRUE,2,101,,FALSE
IGLV,IGLV2-3H25*13,IGLV2-23*02_g168c,2,FALSE,TRUE,2,102,,FALSE
IGLV,IGLV2-3H25*20,IGLV2-14*05_g132a_g168t,2,FALSE,TRUE,2,103,,FALSE
IGLV,IGLV3-6MZC*01,IGLV3-19*02,2,TRUE,TRUE,2,104,,FALSE
IGLV,IGLV3-AT7Q*03,IGLV3-27*01_g60t,2,FALSE,TRUE,2,105,,FALSE
IGLV,IGLV4-ABT7*11,IGLV4-60*03_g176a,2,FALSE,TRUE,2,106,,FALSE
IGLV,IGLV4-VEQC*02,IGLV4-69*01_g54a,2,FALSE,TRUE,2,107,,FALSE
IGLV,IGLV5-7AGX*14,IGLV5-45*03_t306c,2,FALSE,TRUE,2,108,,FALSE
IGLV,IGLV5-BICQ*08,IGLV5-37*01_t163a_c223t,2,FALSE,TRUE,2,109,,FALSE
IGLV,IGLV6-26WE*03,IGLV6-57*01_c73t,2,FALSE,TRUE,2,110,,FALSE
IGLV,IGLV9-6G6A*02,IGLV9-49*01_g295a,2,FALSE,TRUE,2,111,,FALSE
IGLV,IGLV9-6G6A*03,IGLV9-49*01_a13g,2,FALSE,TRUE,2,112,,FALSE
IGLV,IGLV1-3LR7*05,IGLV1-51*01_g301a,1,FALSE,TRUE,1,113,,FALSE
IGLV,IGLV1-7GPM*02,IGLV1-44*01_a112t_c113a_t168g_t288c,1,FALSE,TRUE,1,114,,FALSE
IGLV,IGLV1-7GPM*07,IGLV1-44*01_t168g_t288c,1,FALSE,TRUE,1,115,,FALSE
IGLV,IGLV1-7GPM*10,IGLV1-44*03,1,TRUE,TRUE,1,116,,FALSE
IGLV,IGLV1-7GPM*15,IGLV1-47*01_c147t,1,FALSE,TRUE,1,117,,FALSE
IGLV,IGLV1-7GPM*18,IGLV1-47*01_t111g,1,FALSE,TRUE,1,118,,FALSE
IGLV,IGLV1-F7S3*02,IGLV1-36*01_a335g,1,FALSE,TRUE,1,119,,FALSE
IGLV,IGLV1-F7S3*06,IGLV1-36*01_g224a,1,FALSE,TRUE,1,120,,FALSE
IGLV,IGLV1-I7TN*05,IGLV1-40*01_g329c,1,FALSE,TRUE,1,121,,FALSE
IGLV,IGLV1-I7TN*06,IGLV1-40*01_g38a,1,FALSE,TRUE,1,122,,FALSE
IGLV,IGLV1-I7TN*10,IGLV1-40*01_c90t,1,FALSE,TRUE,1,123,,FALSE
IGLV,IGLV10-4DES*05,IGLV10-54*02_c54t,1,FALSE,TRUE,1,124,,FALSE
IGLV,IGLV10-4DES*09,IGLV10-54*01_c119t,1,FALSE,TRUE,1,125,,FALSE
IGLV,IGLV2-2ATY*03,IGLV2-8*01_a313t,1,FALSE,TRUE,1,126,,FALSE
IGLV,IGLV2-2ATY*04,IGLV2-8*01_c87t,1,FALSE,TRUE,1,127,,FALSE
IGLV,IGLV2-2ATY*07,IGLV2-8*01_c257t,1,FALSE,TRUE,1,128,,FALSE
IGLV,IGLV2-2ATY*08,IGLV2-8*01_c154a,1,FALSE,TRUE,1,129,,FALSE
IGLV,IGLV2-2ATY*09,IGLV2-8*01_g200a,1,FALSE,TRUE,1,130,,FALSE
IGLV,IGLV2-2ATY*10,IGLV2-8*01_g271a,1,FALSE,TRUE,1,131,,FALSE
IGLV,IGLV2-2ATY*13,IGLV2-11*01_a193g_g198t_c199t_t212c_a221g_c223t,1,FALSE,TRUE,1,132,,FALSE
IGLV,IGLV2-2ATY*16,IGLV2-11*01_t168g,1,FALSE,TRUE,1,133,,FALSE
IGLV,IGLV2-3H25*03,IGLV2-14*01_g168t_t198g_c337t_t168a,1,FALSE,TRUE,1,134,,FALSE
IGLV,IGLV2-3H25*10,IGLV2-14*03_c270t,1,FALSE,TRUE,1,135,,FALSE
IGLV,IGLV2-3H25*15,IGLV2-23*04,1,TRUE,TRUE,1,136,,FALSE
IGLV,IGLV2-3H25*18,IGLV2-14*05,1,TRUE,TRUE,1,137,,FALSE
IGLV,IGLV2-577O*06,IGLV2-18*02_g285a,1,FALSE,TRUE,1,138,,FALSE
IGLV,IGLV2-577O*08,IGLV2-18*02_g168t,1,FALSE,TRUE,1,139,,FALSE
IGLV,IGLV3-3O5X*08,IGLV3-25*03_g74c_c223a,1,FALSE,TRUE,1,140,,FALSE
IGLV,IGLV3-AT7Q*02,IGLV3-27*01_c276t,1,FALSE,TRUE,1,141,,FALSE
IGLV,IGLV3-AT7Q*04,IGLV3-27*01_g200a,1,FALSE,TRUE,1,142,,FALSE
IGLV,IGLV3-AT7Q*05,IGLV3-27*01_c231t,1,FALSE,TRUE,1,143,,FALSE
IGLV,IGLV3-DROU*12,IGLV3-21*04_t166g_t324c,1,FALSE,TRUE,1,144,,FALSE
IGLV,IGLV3-E7QG*01,IGLV3-22*03,1,TRUE,TRUE,1,145,,FALSE
IGLV,IGLV3-E7QG*02,IGLV3-22*03_a322g_t330c,1,FALSE,TRUE,1,146,,FALSE
IGLV,IGLV3-E7QG*06,IGLV3-22*01_g106a,1,FALSE,TRUE,1,147,,FALSE
IGLV,IGLV3-HV54*03,IGLV3-9*01_g289a_337-----341,1,FALSE,TRUE,1,148,,FALSE
IGLV,IGLV3-UJ3V*02,IGLV3-1*01_g295a,1,FALSE,TRUE,1,149,,FALSE
IGLV,IGLV3-UJ3V*05,IGLV3-1*01_a134g,1,FALSE,TRUE,1,150,,FALSE
IGLV,IGLV4-UDEI*02,IGLV4-3*01_c326a,1,FALSE,TRUE,1,151,,FALSE
IGLV,IGLV4-VEQC*05,IGLV4-69*01_c42t,1,FALSE,TRUE,1,152,,FALSE
IGLV,IGLV5-7AGX*11,IGLV5-45*03_g4c,1,FALSE,TRUE,1,153,,FALSE
IGLV,IGLV5-BICQ*06,IGLV5-37*01_c36t,1,FALSE,TRUE,1,154,,FALSE
IGLV,IGLV5-OIYG*02,IGLV5-52*01_g269t,1,FALSE,TRUE,1,155,,FALSE
IGLV,IGLV5-OIYG*03,IGLV5-52*01_g269a,1,FALSE,TRUE,1,156,,FALSE
IGLV,IGLV5-OIYG*06,IGLV5-52*01_c44t,1,FALSE,TRUE,1,157,,FALSE
IGLV,IGLV7-4QTE*03,IGLV7-46*01_c31t,1,FALSE,TRUE,1,158,,FALSE
IGLV,IGLV7-B5AO*02,IGLV7-43*01_c206g,1,FALSE,TRUE,1,159,,FALSE
IGLV,IGLV7-B5AO*05,IGLV7-43*01_c65t,1,FALSE,TRUE,1,160,,FALSE
IGLV,IGLV8-CZKU*03,IGLV8-61*01_c223a,1,FALSE,TRUE,1,161,,FALSE
IGLV,IGLV8-TQ2W*01,IGLV8-61*01_C223C_G331A_G332T_C333A_A334T_T335G_T336G_T337G_C338T,1,FALSE,TRUE,1,162,,FALSE
IGLV,IGLV9-6G6A*07,IGLV9-49*01_c53t,1,FALSE,TRUE,1,163,,FALSE
IGLV,IGLV9-6G6A*09,IGLV9-49*01_g77a,1,FALSE,TRUE,1,164,,FALSE
IGLJ,IGLJ1-Q3GE*01,IGLJ1*01,145,TRUE,TRUE,145,1,J1*01,TRUE
IGLJ,IGLJ7-BG5J*02,IGLJ7*01,144,TRUE,TRUE,144,2,J7*01,TRUE
IGLJ,IGLJ2/3-32ZQ*01,"IGLJ3-4*01,IGLJ3-2*01,IGLJ3-3*01_g2t_t3g_a7g,IGLJ3-1*01,IGLJ2*01_g2t_t3g_a7g,IGLJ3*02/IGLJ3-1*01/IGLJ3-4*01/IGLJ3-2*01",140,TRUE,TRUE,140,3,J3-4*01†1,TRUE
IGLJ,IGLJ2/3-32ZQ*04,"IGLJ2*01,IGLJ3-1*01_t2g_g3t_g7a,IGLJ3-3*01,IGLJ3-2*01_t2g_g3t_g7a,IGLJ3-4*01_t2g_g3t_g7a,IGLJ2*01/IGLJ3-3*01",138,TRUE,TRUE,138,4,,FALSE
IGLJ,IGLJ6-PJ6F*01,IGLJ6*01,59,TRUE,TRUE,59,5,,FALSE
IGLJ,IGLJ3-32ZQ*03,"IGLJ3-1*01_g38a,IGLJ3-4*01_g38a",3,FALSE,TRUE,3,6,J3-1*01_g38a†2,TRUE
IGLJ,IGLJ7-BG5J*01,IGLJ7*02,3,TRUE,TRUE,3,7,,FALSE
