chain,gene_type,allele,novel,AFR,AMR,EAS,EUR,MIXED,SAS
IGH,IGHD,IGHD1-CO5H*01,FALSE,TRUE,TRUE,TRUE,TRUE,TRUE,TRUE
IGH,IGHD,IGHD1-CO5H*02,TRUE,FALSE,TRUE,FALSE,FALSE,FALSE,FALSE
IGH,IGHD,IGHD1-CO5H*03,FALSE,TRUE,TRUE,TRUE,TRUE,TRUE,TRUE
IGH,IGHD,IGHD1-CO5H*04,FALSE,TRUE,TRUE,TRUE,TRUE,TRUE,TRUE
IGH,IGHD,IGHD1-CO5H*05,TRUE,FALSE,FALSE,TRUE,FALSE,FALSE,FALSE
IGH,IGHD,IGHD1-CO5H*06,TRUE,FALSE,TRUE,FALSE,FALSE,FALSE,FALSE
IGH,IGHD,IGHD1-CO5H*07,FALSE,TRUE,TRUE,TRUE,TRUE,TRUE,TRUE
IGH,IGHD,IGHD1-RYEY*01,FALSE,TRUE,TRUE,TRUE,TRUE,TRUE,TRUE
IGH,IGHD,IGHD2-3SVH*01,FALSE,TRUE,TRUE,TRUE,TRUE,TRUE,TRUE
IGH,IGHD,IGHD2-3SVH*02,TRUE,TRUE,FALSE,FALSE,TRUE,FALSE,FALSE
IGH,IGHD,IGHD2-3SVH*03,TRUE,TRUE,FALSE,FALSE,FALSE,FALSE,FALSE
IGH,IGHD,IGHD2-3SVH*04,TRUE,TRUE,FALSE,FALSE,FALSE,FALSE,FALSE
IGH,IGHD,IGHD2-3SVH*05,TRUE,FALSE,FALSE,FALSE,TRUE,FALSE,FALSE
IGH,IGHD,IGHD2-3SVH*06,TRUE,TRUE,TRUE,FALSE,FALSE,FALSE,FALSE
IGH,IGHD,IGHD2-3SVH*07,FALSE,TRUE,TRUE,TRUE,TRUE,TRUE,TRUE
IGH,IGHD,IGHD2-FQMB*01,FALSE,TRUE,TRUE,TRUE,TRUE,TRUE,TRUE
IGH,IGHD,IGHD2-FQMB*02,FALSE,TRUE,TRUE,TRUE,TRUE,TRUE,TRUE
IGH,IGHD,IGHD2-GNCP*01,FALSE,TRUE,TRUE,TRUE,TRUE,FALSE,TRUE
IGH,IGHD,IGHD2-GNCP*02,FALSE,TRUE,TRUE,TRUE,TRUE,TRUE,TRUE
IGH,IGHD,IGHD2-Q36F*01,FALSE,TRUE,TRUE,TRUE,TRUE,TRUE,TRUE
IGH,IGHD,IGHD2-YGYG*01,TRUE,FALSE,TRUE,FALSE,FALSE,FALSE,FALSE
IGH,IGHD,IGHD3-52VS*01,FALSE,TRUE,TRUE,TRUE,TRUE,TRUE,TRUE
IGH,IGHD,IGHD3-52VS*02,TRUE,FALSE,FALSE,FALSE,FALSE,FALSE,TRUE
IGH,IGHD,IGHD3-52VS*03,FALSE,TRUE,TRUE,TRUE,TRUE,TRUE,TRUE
IGH,IGHD,IGHD3-52VS*04,TRUE,TRUE,FALSE,FALSE,TRUE,FALSE,FALSE
IGH,IGHD,IGHD3-CFR7*01,FALSE,TRUE,TRUE,TRUE,TRUE,FALSE,TRUE
IGH,IGHD,IGHD3-CFR7*02,TRUE,FALSE,FALSE,FALSE,TRUE,FALSE,FALSE
IGH,IGHD,IGHD3-CFR7*03,FALSE,TRUE,TRUE,TRUE,TRUE,TRUE,TRUE
IGH,IGHD,IGHD3-CFR7*04,TRUE,FALSE,FALSE,FALSE,TRUE,FALSE,FALSE
IGH,IGHD,IGHD3-CFR7*05,TRUE,TRUE,FALSE,FALSE,FALSE,FALSE,FALSE
IGH,IGHD,IGHD3-KLOQ*01,FALSE,TRUE,TRUE,TRUE,TRUE,TRUE,TRUE
IGH,IGHD,IGHD3-KLOQ*02,FALSE,TRUE,TRUE,TRUE,TRUE,FALSE,TRUE
IGH,IGHD,IGHD3-LCJ3*01,FALSE,TRUE,TRUE,TRUE,TRUE,TRUE,TRUE
IGH,IGHD,IGHD4-UO7X*01,FALSE,TRUE,TRUE,TRUE,TRUE,TRUE,TRUE
IGH,IGHD,IGHD4-UO7X*02,TRUE,FALSE,TRUE,FALSE,FALSE,FALSE,FALSE
IGH,IGHD,IGHD4-UO7X*03,FALSE,TRUE,TRUE,TRUE,TRUE,TRUE,TRUE
IGH,IGHD,IGHD4-ZMEQ*01,FALSE,TRUE,TRUE,TRUE,TRUE,TRUE,TRUE
IGH,IGHD,IGHD4-ZMEQ*02,TRUE,TRUE,FALSE,FALSE,FALSE,FALSE,TRUE
IGH,IGHD,IGHD5-GBAS*01,FALSE,TRUE,TRUE,TRUE,TRUE,TRUE,TRUE
IGH,IGHD,IGHD5-GBAS*02,TRUE,FALSE,FALSE,FALSE,TRUE,FALSE,FALSE
IGH,IGHD,IGHD5-GBAS*03,FALSE,TRUE,TRUE,TRUE,TRUE,FALSE,TRUE
IGH,IGHD,IGHD5-IAIB*01,FALSE,TRUE,TRUE,TRUE,TRUE,TRUE,TRUE
IGH,IGHD,IGHD5-KDQK*01,FALSE,TRUE,TRUE,TRUE,TRUE,TRUE,TRUE
IGH,IGHD,IGHD5-VZWE*01,TRUE,FALSE,TRUE,FALSE,FALSE,FALSE,FALSE
IGH,IGHD,IGHD6-IZU4*01,TRUE,FALSE,FALSE,TRUE,FALSE,FALSE,FALSE
IGH,IGHD,IGHD6-MLFK*01,FALSE,TRUE,TRUE,TRUE,TRUE,TRUE,TRUE
IGH,IGHD,IGHD6-MLFK*02,FALSE,TRUE,TRUE,TRUE,TRUE,TRUE,TRUE
IGH,IGHD,IGHD6-MLFK*03,TRUE,TRUE,TRUE,FALSE,FALSE,FALSE,FALSE
IGH,IGHD,IGHD6-MLFK*04,FALSE,TRUE,TRUE,TRUE,TRUE,TRUE,TRUE
IGH,IGHD,IGHD6-MLFK*05,TRUE,FALSE,TRUE,FALSE,FALSE,FALSE,FALSE
IGH,IGHD,IGHD6-MLFK*06,FALSE,TRUE,TRUE,TRUE,TRUE,TRUE,TRUE
IGH,IGHD,IGHD6-MLFK*07,TRUE,FALSE,TRUE,FALSE,FALSE,FALSE,FALSE
IGH,IGHD,IGHD6-MLFK*08,TRUE,FALSE,TRUE,FALSE,FALSE,FALSE,FALSE
IGH,IGHD,IGHD6-MLFK*09,TRUE,FALSE,FALSE,FALSE,FALSE,FALSE,TRUE
IGH,IGHD,IGHD6-MLFK*10,TRUE,TRUE,FALSE,FALSE,FALSE,FALSE,FALSE
IGH,IGHD,IGHD7-ZOID*01,FALSE,TRUE,TRUE,TRUE,TRUE,TRUE,TRUE
IGH,IGHJ,IGHJ1-GJL4*01,FALSE,TRUE,TRUE,TRUE,TRUE,TRUE,TRUE
IGH,IGHJ,IGHJ2-INZU*01,FALSE,TRUE,TRUE,TRUE,TRUE,TRUE,TRUE
IGH,IGHJ,IGHJ3-U4ID*01,FALSE,TRUE,TRUE,TRUE,TRUE,TRUE,TRUE
IGH,IGHJ,IGHJ4-IOOB*01,FALSE,TRUE,TRUE,TRUE,TRUE,TRUE,TRUE
IGH,IGHJ,IGHJ4-IOOB*02,TRUE,TRUE,TRUE,FALSE,TRUE,FALSE,FALSE
IGH,IGHJ,IGHJ5-32GS*01,FALSE,TRUE,TRUE,TRUE,TRUE,TRUE,TRUE
IGH,IGHJ,IGHJ6-DTHQ*01,FALSE,TRUE,TRUE,TRUE,TRUE,TRUE,TRUE
IGH,IGHJ,IGHJ6-DTHQ*02,TRUE,FALSE,FALSE,FALSE,TRUE,FALSE,FALSE
IGH,IGHJ,IGHJ6-DTHQ*03,FALSE,TRUE,TRUE,TRUE,TRUE,TRUE,TRUE
IGH,IGHJ,IGHJ6-DTHQ*04,TRUE,TRUE,FALSE,FALSE,TRUE,TRUE,FALSE
IGH,IGHV,IGHV1-5HTI*01,FALSE,TRUE,TRUE,TRUE,TRUE,TRUE,TRUE
IGH,IGHV,IGHV1-5HTI*02,TRUE,FALSE,TRUE,FALSE,FALSE,FALSE,FALSE
IGH,IGHV,IGHV1-5HTI*03,TRUE,FALSE,FALSE,FALSE,TRUE,FALSE,FALSE
IGH,IGHV,IGHV1-5HTI*04,FALSE,TRUE,FALSE,FALSE,FALSE,TRUE,FALSE
IGH,IGHV,IGHV1-5HTI*05,TRUE,TRUE,FALSE,FALSE,FALSE,FALSE,FALSE
IGH,IGHV,IGHV1-5HTI*06,TRUE,TRUE,FALSE,FALSE,FALSE,FALSE,FALSE
IGH,IGHV,IGHV1-5HTI*07,FALSE,FALSE,TRUE,TRUE,TRUE,FALSE,TRUE
IGH,IGHV,IGHV1-5HTI*08,TRUE,FALSE,FALSE,FALSE,FALSE,FALSE,TRUE
IGH,IGHV,IGHV1-5HTI*09,FALSE,TRUE,TRUE,FALSE,TRUE,FALSE,FALSE
IGH,IGHV,IGHV1-5HTI*10,TRUE,TRUE,TRUE,FALSE,FALSE,FALSE,FALSE
IGH,IGHV,IGHV1-5HTI*11,TRUE,TRUE,FALSE,FALSE,FALSE,FALSE,FALSE
IGH,IGHV,IGHV1-5HTI*13,FALSE,TRUE,TRUE,TRUE,TRUE,FALSE,TRUE
IGH,IGHV,IGHV1-5HTI*14,TRUE,FALSE,FALSE,FALSE,TRUE,FALSE,FALSE
IGH,IGHV,IGHV1-5HTI*15,FALSE,TRUE,TRUE,TRUE,TRUE,TRUE,TRUE
IGH,IGHV,IGHV1-5HTI*16,TRUE,TRUE,FALSE,FALSE,FALSE,FALSE,FALSE
IGH,IGHV,IGHV1-5HTI*17,TRUE,FALSE,FALSE,FALSE,TRUE,FALSE,FALSE
IGH,IGHV,IGHV1-5HTI*18,TRUE,FALSE,FALSE,TRUE,FALSE,FALSE,FALSE
IGH,IGHV,IGHV1-5HTI*19,TRUE,FALSE,FALSE,TRUE,FALSE,FALSE,FALSE
IGH,IGHV,IGHV1-5HTI*20,FALSE,TRUE,TRUE,TRUE,TRUE,TRUE,TRUE
IGH,IGHV,IGHV1-5HTI*21,TRUE,FALSE,FALSE,FALSE,TRUE,FALSE,FALSE
IGH,IGHV,IGHV1-5HTI*22,TRUE,TRUE,TRUE,FALSE,TRUE,FALSE,TRUE
IGH,IGHV,IGHV1-5HTI*23,TRUE,TRUE,FALSE,FALSE,FALSE,FALSE,FALSE
IGH,IGHV,IGHV1-5HTI*24,TRUE,TRUE,FALSE,FALSE,FALSE,FALSE,FALSE
IGH,IGHV,IGHV1-5HTI*25,TRUE,FALSE,TRUE,TRUE,TRUE,FALSE,FALSE
IGH,IGHV,IGHV1-5HTI*26,TRUE,TRUE,FALSE,FALSE,FALSE,FALSE,FALSE
IGH,IGHV,IGHV1-5HTI*27,TRUE,TRUE,FALSE,FALSE,FALSE,FALSE,FALSE
IGH,IGHV,IGHV1-5HTI*28,TRUE,FALSE,FALSE,TRUE,FALSE,FALSE,TRUE
IGH,IGHV,IGHV1-5HTI*30,FALSE,TRUE,TRUE,FALSE,FALSE,FALSE,FALSE
IGH,IGHV,IGHV1-5HTI*31,TRUE,TRUE,FALSE,FALSE,FALSE,FALSE,FALSE
IGH,IGHV,IGHV1-5HTI*32,FALSE,TRUE,TRUE,TRUE,TRUE,TRUE,TRUE
IGH,IGHV,IGHV1-5HTI*33,TRUE,TRUE,FALSE,FALSE,FALSE,FALSE,FALSE
IGH,IGHV,IGHV1-5HTI*34,TRUE,TRUE,FALSE,FALSE,FALSE,FALSE,FALSE
IGH,IGHV,IGHV1-5HTI*35,TRUE,TRUE,FALSE,FALSE,FALSE,FALSE,FALSE
IGH,IGHV,IGHV1-5HTI*36,TRUE,TRUE,TRUE,FALSE,TRUE,TRUE,FALSE
IGH,IGHV,IGHV1-5HTI*37,TRUE,TRUE,FALSE,FALSE,FALSE,FALSE,FALSE
IGH,IGHV,IGHV1-5HTI*38,FALSE,TRUE,TRUE,TRUE,TRUE,TRUE,TRUE
IGH,IGHV,IGHV1-5HTI*39,TRUE,FALSE,FALSE,FALSE,TRUE,FALSE,FALSE
IGH,IGHV,IGHV1-5HTI*40,TRUE,TRUE,FALSE,FALSE,FALSE,FALSE,FALSE
IGH,IGHV,IGHV1-5HTI*41,TRUE,TRUE,FALSE,FALSE,FALSE,FALSE,FALSE
IGH,IGHV,IGHV1-5HTI*42,TRUE,FALSE,FALSE,FALSE,TRUE,FALSE,FALSE
IGH,IGHV,IGHV1-5HTI*43,TRUE,FALSE,FALSE,FALSE,TRUE,FALSE,FALSE
IGH,IGHV,IGHV1-5HTI*44,TRUE,FALSE,FALSE,FALSE,FALSE,FALSE,TRUE
IGH,IGHV,IGHV1-5HTI*45,TRUE,TRUE,FALSE,FALSE,FALSE,FALSE,FALSE
IGH,IGHV,IGHV1-5HTI*46,TRUE,FALSE,FALSE,TRUE,FALSE,FALSE,FALSE
IGH,IGHV,IGHV1-5HTI*47,TRUE,FALSE,FALSE,FALSE,TRUE,FALSE,FALSE
IGH,IGHV,IGHV1-5HTI*48,TRUE,FALSE,TRUE,TRUE,FALSE,FALSE,FALSE
IGH,IGHV,IGHV1-5HTI*49,TRUE,TRUE,FALSE,FALSE,FALSE,FALSE,FALSE
IGH,IGHV,IGHV1-5HTI*50,TRUE,TRUE,FALSE,FALSE,FALSE,FALSE,FALSE
IGH,IGHV,IGHV1-5HTI*51,TRUE,TRUE,FALSE,FALSE,FALSE,FALSE,FALSE
IGH,IGHV,IGHV1-5HTI*52,TRUE,TRUE,FALSE,FALSE,TRUE,FALSE,FALSE
IGH,IGHV,IGHV1-5HTI*53,TRUE,TRUE,FALSE,FALSE,FALSE,FALSE,FALSE
IGH,IGHV,IGHV1-5HTI*54,TRUE,TRUE,TRUE,FALSE,FALSE,FALSE,FALSE
IGH,IGHV,IGHV1-5HTI*55,TRUE,FALSE,TRUE,FALSE,FALSE,FALSE,FALSE
IGH,IGHV,IGHV1-5HTI*56,TRUE,TRUE,FALSE,FALSE,FALSE,FALSE,FALSE
IGH,IGHV,IGHV1-5HTI*57,TRUE,TRUE,FALSE,TRUE,FALSE,FALSE,FALSE
IGH,IGHV,IGHV1-5HTI*58,TRUE,TRUE,FALSE,FALSE,FALSE,FALSE,FALSE
IGH,IGHV,IGHV1-5HTI*59,TRUE,FALSE,TRUE,FALSE,FALSE,FALSE,FALSE
IGH,IGHV,IGHV1-5HTI*60,TRUE,TRUE,FALSE,FALSE,FALSE,FALSE,FALSE
IGH,IGHV,IGHV1-5HTI*61,TRUE,TRUE,FALSE,FALSE,FALSE,FALSE,FALSE
IGH,IGHV,IGHV1-5HTI*62,TRUE,TRUE,FALSE,FALSE,FALSE,FALSE,FALSE
IGH,IGHV,IGHV1-5HTI*63,TRUE,FALSE,TRUE,FALSE,FALSE,FALSE,FALSE
IGH,IGHV,IGHV1-5HTI*64,FALSE,TRUE,TRUE,TRUE,TRUE,TRUE,TRUE
IGH,IGHV,IGHV1-5HTI*65,TRUE,TRUE,FALSE,FALSE,FALSE,FALSE,FALSE
IGH,IGHV,IGHV1-5HTI*66,TRUE,FALSE,FALSE,FALSE,FALSE,FALSE,TRUE
IGH,IGHV,IGHV1-5HTI*67,FALSE,TRUE,FALSE,FALSE,FALSE,FALSE,FALSE
IGH,IGHV,IGHV1-5HTI*68,FALSE,FALSE,TRUE,FALSE,TRUE,TRUE,FALSE
IGH,IGHV,IGHV1-5HTI*69,FALSE,TRUE,TRUE,FALSE,FALSE,FALSE,TRUE
IGH,IGHV,IGHV1-5HTI*70,TRUE,TRUE,FALSE,FALSE,FALSE,FALSE,FALSE
IGH,IGHV,IGHV1-5HTI*71,TRUE,TRUE,FALSE,FALSE,FALSE,FALSE,FALSE
IGH,IGHV,IGHV1-5HTI*72,TRUE,TRUE,FALSE,FALSE,FALSE,FALSE,FALSE
IGH,IGHV,IGHV1-5HTI*73,TRUE,TRUE,TRUE,FALSE,TRUE,TRUE,FALSE
IGH,IGHV,IGHV1-5HTI*74,TRUE,TRUE,FALSE,FALSE,FALSE,FALSE,FALSE
IGH,IGHV,IGHV1-5HTI*75,TRUE,TRUE,FALSE,FALSE,FALSE,FALSE,FALSE
IGH,IGHV,IGHV1-6QKX*02,FALSE,TRUE,TRUE,TRUE,TRUE,TRUE,TRUE
IGH,IGHV,IGHV1-6QKX*03,TRUE,FALSE,FALSE,TRUE,FALSE,FALSE,FALSE
IGH,IGHV,IGHV1-6QKX*04,TRUE,FALSE,FALSE,FALSE,FALSE,TRUE,FALSE
IGH,IGHV,IGHV1-6QKX*05,TRUE,TRUE,FALSE,FALSE,FALSE,FALSE,FALSE
IGH,IGHV,IGHV1-6QKX*06,TRUE,FALSE,TRUE,FALSE,FALSE,FALSE,FALSE
IGH,IGHV,IGHV1-6QKX*07,FALSE,TRUE,TRUE,TRUE,TRUE,TRUE,TRUE
IGH,IGHV,IGHV1-6QKX*08,TRUE,FALSE,TRUE,TRUE,FALSE,FALSE,FALSE
IGH,IGHV,IGHV1-6QKX*09,TRUE,FALSE,FALSE,FALSE,FALSE,FALSE,TRUE
IGH,IGHV,IGHV1-6QKX*10,TRUE,TRUE,TRUE,FALSE,TRUE,FALSE,TRUE
IGH,IGHV,IGHV1-7CVC*01,FALSE,TRUE,TRUE,TRUE,TRUE,TRUE,TRUE
IGH,IGHV,IGHV1-7CVC*02,TRUE,FALSE,FALSE,TRUE,FALSE,FALSE,FALSE
IGH,IGHV,IGHV1-7CVC*03,TRUE,FALSE,FALSE,TRUE,FALSE,FALSE,FALSE
IGH,IGHV,IGHV1-7CVC*04,TRUE,TRUE,FALSE,FALSE,TRUE,FALSE,FALSE
IGH,IGHV,IGHV1-7CVC*05,TRUE,TRUE,FALSE,FALSE,FALSE,FALSE,FALSE
IGH,IGHV,IGHV1-7CVC*06,TRUE,FALSE,FALSE,TRUE,FALSE,FALSE,FALSE
IGH,IGHV,IGHV1-7EIU*01,FALSE,TRUE,FALSE,FALSE,TRUE,FALSE,FALSE
IGH,IGHV,IGHV1-7EIU*02,FALSE,TRUE,FALSE,FALSE,FALSE,FALSE,FALSE
IGH,IGHV,IGHV1-7EIU*03,FALSE,TRUE,TRUE,TRUE,TRUE,TRUE,TRUE
IGH,IGHV,IGHV1-7EIU*04,TRUE,TRUE,FALSE,FALSE,TRUE,FALSE,FALSE
IGH,IGHV,IGHV1-7EIU*05,TRUE,TRUE,TRUE,FALSE,FALSE,FALSE,FALSE
IGH,IGHV,IGHV1-7EIU*06,FALSE,TRUE,TRUE,TRUE,TRUE,TRUE,TRUE
IGH,IGHV,IGHV1-7EIU*07,TRUE,TRUE,FALSE,FALSE,FALSE,FALSE,TRUE
IGH,IGHV,IGHV1-7EIU*08,TRUE,TRUE,TRUE,FALSE,FALSE,FALSE,FALSE
IGH,IGHV,IGHV1-BEMW*01,FALSE,TRUE,TRUE,TRUE,TRUE,TRUE,TRUE
IGH,IGHV,IGHV1-BEMW*02,FALSE,TRUE,TRUE,TRUE,TRUE,TRUE,TRUE
IGH,IGHV,IGHV1-BEMW*03,TRUE,FALSE,FALSE,FALSE,FALSE,TRUE,FALSE
IGH,IGHV,IGHV1-BEMW*04,TRUE,TRUE,FALSE,FALSE,FALSE,FALSE,FALSE
IGH,IGHV,IGHV1-BEMW*05,FALSE,TRUE,TRUE,TRUE,TRUE,TRUE,TRUE
IGH,IGHV,IGHV1-BEMW*07,FALSE,TRUE,TRUE,TRUE,TRUE,TRUE,TRUE
IGH,IGHV,IGHV1-D5ET*01,FALSE,TRUE,TRUE,TRUE,TRUE,TRUE,TRUE
IGH,IGHV,IGHV1-D5ET*02,TRUE,FALSE,FALSE,TRUE,FALSE,FALSE,FALSE
IGH,IGHV,IGHV1-D5ET*03,TRUE,TRUE,FALSE,FALSE,FALSE,FALSE,FALSE
IGH,IGHV,IGHV1-D5ET*04,FALSE,TRUE,TRUE,TRUE,TRUE,TRUE,TRUE
IGH,IGHV,IGHV1-GASB*01,FALSE,TRUE,TRUE,FALSE,TRUE,FALSE,FALSE
IGH,IGHV,IGHV1-GASB*02,FALSE,TRUE,TRUE,TRUE,TRUE,TRUE,FALSE
IGH,IGHV,IGHV1-GASB*03,FALSE,TRUE,TRUE,TRUE,TRUE,TRUE,TRUE
IGH,IGHV,IGHV1-GASB*04,TRUE,TRUE,FALSE,FALSE,FALSE,FALSE,FALSE
IGH,IGHV,IGHV1-GASB*05,TRUE,FALSE,FALSE,FALSE,TRUE,FALSE,FALSE
IGH,IGHV,IGHV1-IOYO*01,FALSE,FALSE,TRUE,FALSE,TRUE,TRUE,TRUE
IGH,IGHV,IGHV1-IOYO*02,FALSE,TRUE,TRUE,TRUE,TRUE,TRUE,TRUE
IGH,IGHV,IGHV1-IOYO*03,TRUE,TRUE,TRUE,FALSE,FALSE,TRUE,FALSE
IGH,IGHV,IGHV1-IOYO*04,TRUE,TRUE,FALSE,FALSE,FALSE,FALSE,FALSE
IGH,IGHV,IGHV1-IOYO*05,FALSE,TRUE,TRUE,TRUE,TRUE,TRUE,TRUE
IGH,IGHV,IGHV1-IQ67*02,FALSE,TRUE,TRUE,TRUE,TRUE,TRUE,TRUE
IGH,IGHV,IGHV1-IQ67*03,FALSE,TRUE,TRUE,TRUE,TRUE,TRUE,TRUE
IGH,IGHV,IGHV1-IQ67*04,TRUE,FALSE,TRUE,FALSE,FALSE,FALSE,FALSE
IGH,IGHV,IGHV1-IQ67*05,TRUE,TRUE,TRUE,FALSE,FALSE,FALSE,FALSE
IGH,IGHV,IGHV1-IQ67*06,TRUE,FALSE,FALSE,FALSE,TRUE,FALSE,FALSE
IGH,IGHV,IGHV1-IQ67*07,TRUE,TRUE,FALSE,FALSE,FALSE,FALSE,FALSE
IGH,IGHV,IGHV1-PBWN*01,FALSE,TRUE,TRUE,TRUE,TRUE,TRUE,TRUE
IGH,IGHV,IGHV1-PBWN*02,TRUE,TRUE,TRUE,FALSE,FALSE,FALSE,FALSE
IGH,IGHV,IGHV1-PBWN*03,TRUE,TRUE,TRUE,FALSE,FALSE,TRUE,FALSE
IGH,IGHV,IGHV1-PBWN*04,TRUE,FALSE,FALSE,FALSE,TRUE,FALSE,FALSE
IGH,IGHV,IGHV1-PBWN*05,TRUE,TRUE,FALSE,FALSE,FALSE,FALSE,FALSE
IGH,IGHV,IGHV1-PBWN*06,TRUE,TRUE,FALSE,FALSE,FALSE,FALSE,FALSE
IGH,IGHV,IGHV2-4BCH*01,FALSE,TRUE,TRUE,TRUE,TRUE,TRUE,TRUE
IGH,IGHV,IGHV2-4BCH*02,TRUE,TRUE,FALSE,FALSE,FALSE,FALSE,FALSE
IGH,IGHV,IGHV2-4BCH*03,TRUE,TRUE,FALSE,FALSE,FALSE,FALSE,FALSE
IGH,IGHV,IGHV2-4BCH*04,TRUE,TRUE,FALSE,FALSE,FALSE,FALSE,FALSE
IGH,IGHV,IGHV2-4BCH*05,TRUE,TRUE,FALSE,FALSE,FALSE,FALSE,FALSE
IGH,IGHV,IGHV2-4BCH*06,TRUE,TRUE,FALSE,FALSE,FALSE,FALSE,FALSE
IGH,IGHV,IGHV2-4BCH*07,TRUE,TRUE,FALSE,FALSE,FALSE,FALSE,FALSE
IGH,IGHV,IGHV2-4BCH*08,TRUE,TRUE,FALSE,FALSE,FALSE,FALSE,FALSE
IGH,IGHV,IGHV2-4BCH*09,TRUE,TRUE,TRUE,TRUE,TRUE,TRUE,FALSE
IGH,IGHV,IGHV2-4BCH*10,TRUE,TRUE,TRUE,TRUE,TRUE,FALSE,TRUE
IGH,IGHV,IGHV2-4BCH*100,TRUE,TRUE,FALSE,FALSE,FALSE,FALSE,FALSE
IGH,IGHV,IGHV2-4BCH*101,TRUE,TRUE,FALSE,FALSE,FALSE,FALSE,FALSE
IGH,IGHV,IGHV2-4BCH*102,TRUE,FALSE,FALSE,FALSE,TRUE,FALSE,FALSE
IGH,IGHV,IGHV2-4BCH*103,FALSE,TRUE,TRUE,FALSE,FALSE,FALSE,TRUE
IGH,IGHV,IGHV2-4BCH*104,TRUE,TRUE,FALSE,FALSE,FALSE,FALSE,FALSE
IGH,IGHV,IGHV2-4BCH*105,TRUE,TRUE,FALSE,FALSE,FALSE,FALSE,FALSE
IGH,IGHV,IGHV2-4BCH*106,TRUE,TRUE,FALSE,FALSE,FALSE,FALSE,FALSE
IGH,IGHV,IGHV2-4BCH*107,TRUE,TRUE,FALSE,FALSE,FALSE,FALSE,FALSE
IGH,IGHV,IGHV2-4BCH*108,TRUE,TRUE,FALSE,FALSE,FALSE,FALSE,FALSE
IGH,IGHV,IGHV2-4BCH*109,TRUE,TRUE,FALSE,FALSE,FALSE,FALSE,FALSE
IGH,IGHV,IGHV2-4BCH*11,TRUE,TRUE,FALSE,FALSE,FALSE,FALSE,FALSE
IGH,IGHV,IGHV2-4BCH*12,TRUE,TRUE,FALSE,FALSE,FALSE,FALSE,FALSE
IGH,IGHV,IGHV2-4BCH*13,FALSE,TRUE,TRUE,TRUE,TRUE,TRUE,TRUE
IGH,IGHV,IGHV2-4BCH*14,TRUE,TRUE,FALSE,FALSE,FALSE,FALSE,FALSE
IGH,IGHV,IGHV2-4BCH*15,TRUE,TRUE,FALSE,FALSE,FALSE,TRUE,FALSE
IGH,IGHV,IGHV2-4BCH*16,TRUE,FALSE,FALSE,FALSE,FALSE,FALSE,TRUE
IGH,IGHV,IGHV2-4BCH*17,TRUE,TRUE,FALSE,FALSE,FALSE,FALSE,FALSE
IGH,IGHV,IGHV2-4BCH*18,TRUE,FALSE,FALSE,FALSE,TRUE,FALSE,FALSE
IGH,IGHV,IGHV2-4BCH*19,TRUE,FALSE,TRUE,FALSE,FALSE,FALSE,FALSE
IGH,IGHV,IGHV2-4BCH*20,TRUE,TRUE,FALSE,FALSE,FALSE,FALSE,FALSE
IGH,IGHV,IGHV2-4BCH*21,TRUE,FALSE,TRUE,FALSE,FALSE,FALSE,FALSE
IGH,IGHV,IGHV2-4BCH*22,TRUE,TRUE,FALSE,FALSE,FALSE,FALSE,FALSE
IGH,IGHV,IGHV2-4BCH*23,TRUE,TRUE,FALSE,FALSE,FALSE,FALSE,FALSE
IGH,IGHV,IGHV2-4BCH*24,TRUE,TRUE,FALSE,FALSE,FALSE,FALSE,FALSE
IGH,IGHV,IGHV2-4BCH*25,TRUE,TRUE,TRUE,FALSE,FALSE,FALSE,FALSE
IGH,IGHV,IGHV2-4BCH*26,TRUE,FALSE,FALSE,TRUE,FALSE,FALSE,FALSE
IGH,IGHV,IGHV2-4BCH*27,TRUE,TRUE,FALSE,FALSE,FALSE,FALSE,FALSE
IGH,IGHV,IGHV2-4BCH*28,TRUE,TRUE,FALSE,FALSE,FALSE,FALSE,FALSE
IGH,IGHV,IGHV2-4BCH*29,TRUE,FALSE,TRUE,FALSE,FALSE,FALSE,FALSE
IGH,IGHV,IGHV2-4BCH*30,TRUE,TRUE,FALSE,FALSE,FALSE,FALSE,FALSE
IGH,IGHV,IGHV2-4BCH*31,TRUE,TRUE,FALSE,FALSE,FALSE,FALSE,FALSE
IGH,IGHV,IGHV2-4BCH*32,TRUE,TRUE,FALSE,FALSE,FALSE,FALSE,FALSE
IGH,IGHV,IGHV2-4BCH*33,TRUE,FALSE,FALSE,FALSE,FALSE,FALSE,TRUE
IGH,IGHV,IGHV2-4BCH*34,TRUE,TRUE,FALSE,FALSE,FALSE,FALSE,FALSE
IGH,IGHV,IGHV2-4BCH*35,TRUE,FALSE,FALSE,FALSE,TRUE,FALSE,FALSE
IGH,IGHV,IGHV2-4BCH*36,TRUE,TRUE,FALSE,FALSE,FALSE,FALSE,FALSE
IGH,IGHV,IGHV2-4BCH*37,TRUE,TRUE,FALSE,FALSE,FALSE,FALSE,FALSE
IGH,IGHV,IGHV2-4BCH*38,TRUE,FALSE,FALSE,TRUE,FALSE,FALSE,FALSE
IGH,IGHV,IGHV2-4BCH*39,TRUE,TRUE,FALSE,FALSE,FALSE,FALSE,FALSE
IGH,IGHV,IGHV2-4BCH*40,TRUE,FALSE,TRUE,FALSE,FALSE,FALSE,FALSE
IGH,IGHV,IGHV2-4BCH*41,TRUE,FALSE,FALSE,FALSE,FALSE,FALSE,TRUE
IGH,IGHV,IGHV2-4BCH*42,TRUE,FALSE,FALSE,FALSE,TRUE,FALSE,FALSE
IGH,IGHV,IGHV2-4BCH*43,TRUE,TRUE,FALSE,FALSE,FALSE,FALSE,FALSE
IGH,IGHV,IGHV2-4BCH*44,TRUE,FALSE,TRUE,FALSE,TRUE,FALSE,FALSE
IGH,IGHV,IGHV2-4BCH*45,TRUE,FALSE,FALSE,FALSE,TRUE,FALSE,FALSE
IGH,IGHV,IGHV2-4BCH*46,TRUE,TRUE,FALSE,FALSE,FALSE,FALSE,FALSE
IGH,IGHV,IGHV2-4BCH*47,TRUE,FALSE,TRUE,FALSE,FALSE,FALSE,FALSE
IGH,IGHV,IGHV2-4BCH*48,TRUE,FALSE,FALSE,FALSE,TRUE,FALSE,FALSE
IGH,IGHV,IGHV2-4BCH*49,TRUE,TRUE,FALSE,FALSE,FALSE,FALSE,FALSE
IGH,IGHV,IGHV2-4BCH*50,TRUE,TRUE,FALSE,FALSE,FALSE,FALSE,FALSE
IGH,IGHV,IGHV2-4BCH*51,TRUE,FALSE,FALSE,FALSE,TRUE,FALSE,FALSE
IGH,IGHV,IGHV2-4BCH*52,TRUE,FALSE,FALSE,TRUE,FALSE,FALSE,FALSE
IGH,IGHV,IGHV2-4BCH*53,TRUE,FALSE,FALSE,FALSE,TRUE,FALSE,FALSE
IGH,IGHV,IGHV2-4BCH*54,TRUE,FALSE,FALSE,FALSE,TRUE,FALSE,FALSE
IGH,IGHV,IGHV2-4BCH*55,FALSE,TRUE,TRUE,FALSE,FALSE,FALSE,FALSE
IGH,IGHV,IGHV2-4BCH*56,TRUE,TRUE,FALSE,FALSE,FALSE,FALSE,FALSE
IGH,IGHV,IGHV2-4BCH*57,FALSE,TRUE,TRUE,TRUE,TRUE,TRUE,TRUE
IGH,IGHV,IGHV2-4BCH*58,TRUE,FALSE,FALSE,FALSE,TRUE,FALSE,FALSE
IGH,IGHV,IGHV2-4BCH*59,TRUE,FALSE,FALSE,FALSE,TRUE,FALSE,FALSE
IGH,IGHV,IGHV2-4BCH*60,TRUE,FALSE,FALSE,FALSE,TRUE,FALSE,FALSE
IGH,IGHV,IGHV2-4BCH*61,TRUE,FALSE,FALSE,FALSE,FALSE,FALSE,TRUE
IGH,IGHV,IGHV2-4BCH*62,TRUE,FALSE,FALSE,FALSE,FALSE,FALSE,TRUE
IGH,IGHV,IGHV2-4BCH*63,TRUE,FALSE,FALSE,TRUE,FALSE,FALSE,FALSE
IGH,IGHV,IGHV2-4BCH*64,TRUE,FALSE,FALSE,FALSE,TRUE,FALSE,FALSE
IGH,IGHV,IGHV2-4BCH*65,TRUE,FALSE,TRUE,FALSE,FALSE,FALSE,FALSE
IGH,IGHV,IGHV2-4BCH*66,TRUE,FALSE,TRUE,FALSE,FALSE,FALSE,FALSE
IGH,IGHV,IGHV2-4BCH*67,TRUE,FALSE,FALSE,FALSE,TRUE,FALSE,FALSE
IGH,IGHV,IGHV2-4BCH*68,TRUE,FALSE,FALSE,TRUE,FALSE,FALSE,FALSE
IGH,IGHV,IGHV2-4BCH*69,TRUE,FALSE,FALSE,FALSE,FALSE,FALSE,TRUE
IGH,IGHV,IGHV2-4BCH*70,TRUE,FALSE,TRUE,FALSE,FALSE,FALSE,FALSE
IGH,IGHV,IGHV2-4BCH*71,TRUE,TRUE,FALSE,FALSE,FALSE,FALSE,FALSE
IGH,IGHV,IGHV2-4BCH*72,TRUE,FALSE,FALSE,FALSE,TRUE,FALSE,FALSE
IGH,IGHV,IGHV2-4BCH*73,TRUE,FALSE,FALSE,FALSE,TRUE,FALSE,FALSE
IGH,IGHV,IGHV2-4BCH*74,TRUE,TRUE,FALSE,FALSE,FALSE,FALSE,FALSE
IGH,IGHV,IGHV2-4BCH*75,TRUE,FALSE,FALSE,FALSE,TRUE,FALSE,FALSE
IGH,IGHV,IGHV2-4BCH*76,TRUE,FALSE,FALSE,FALSE,FALSE,FALSE,TRUE
IGH,IGHV,IGHV2-4BCH*77,TRUE,FALSE,FALSE,FALSE,TRUE,FALSE,FALSE
IGH,IGHV,IGHV2-4BCH*78,FALSE,TRUE,TRUE,TRUE,TRUE,TRUE,TRUE
IGH,IGHV,IGHV2-4BCH*79,TRUE,TRUE,FALSE,FALSE,FALSE,FALSE,FALSE
IGH,IGHV,IGHV2-4BCH*80,TRUE,FALSE,FALSE,TRUE,FALSE,FALSE,FALSE
IGH,IGHV,IGHV2-4BCH*81,TRUE,TRUE,FALSE,FALSE,FALSE,FALSE,FALSE
IGH,IGHV,IGHV2-4BCH*82,TRUE,FALSE,FALSE,FALSE,TRUE,FALSE,FALSE
IGH,IGHV,IGHV2-4BCH*83,TRUE,FALSE,FALSE,FALSE,TRUE,FALSE,FALSE
IGH,IGHV,IGHV2-4BCH*84,TRUE,TRUE,FALSE,FALSE,FALSE,FALSE,FALSE
IGH,IGHV,IGHV2-4BCH*85,TRUE,TRUE,FALSE,FALSE,FALSE,FALSE,FALSE
IGH,IGHV,IGHV2-4BCH*86,TRUE,FALSE,TRUE,FALSE,FALSE,FALSE,FALSE
IGH,IGHV,IGHV2-4BCH*87,TRUE,FALSE,TRUE,FALSE,FALSE,FALSE,FALSE
IGH,IGHV,IGHV2-4BCH*88,TRUE,FALSE,FALSE,FALSE,TRUE,FALSE,FALSE
IGH,IGHV,IGHV2-4BCH*89,TRUE,TRUE,FALSE,FALSE,FALSE,FALSE,FALSE
IGH,IGHV,IGHV2-4BCH*90,TRUE,FALSE,FALSE,FALSE,TRUE,FALSE,FALSE
IGH,IGHV,IGHV2-4BCH*91,TRUE,FALSE,FALSE,FALSE,FALSE,FALSE,TRUE
IGH,IGHV,IGHV2-4BCH*92,TRUE,FALSE,FALSE,TRUE,FALSE,FALSE,FALSE
IGH,IGHV,IGHV2-4BCH*93,TRUE,FALSE,TRUE,FALSE,TRUE,FALSE,FALSE
IGH,IGHV,IGHV2-4BCH*94,TRUE,FALSE,FALSE,FALSE,FALSE,FALSE,TRUE
IGH,IGHV,IGHV2-4BCH*95,TRUE,FALSE,FALSE,FALSE,FALSE,FALSE,TRUE
IGH,IGHV,IGHV2-4BCH*96,TRUE,FALSE,FALSE,FALSE,TRUE,FALSE,FALSE
IGH,IGHV,IGHV2-4BCH*97,TRUE,TRUE,FALSE,FALSE,FALSE,FALSE,FALSE
IGH,IGHV,IGHV2-4BCH*98,TRUE,TRUE,FALSE,FALSE,FALSE,FALSE,FALSE
IGH,IGHV,IGHV2-4BCH*99,TRUE,FALSE,FALSE,FALSE,FALSE,FALSE,TRUE
IGH,IGHV,IGHV2-6O23*01,TRUE,FALSE,FALSE,TRUE,FALSE,FALSE,FALSE
IGH,IGHV,IGHV2-6RTA*01,FALSE,TRUE,TRUE,TRUE,TRUE,TRUE,TRUE
IGH,IGHV,IGHV2-6RTA*02,TRUE,FALSE,TRUE,FALSE,FALSE,FALSE,FALSE
IGH,IGHV,IGHV2-6RTA*03,TRUE,TRUE,FALSE,FALSE,FALSE,FALSE,FALSE
IGH,IGHV,IGHV2-6RTA*04,TRUE,TRUE,TRUE,FALSE,FALSE,FALSE,FALSE
IGH,IGHV,IGHV2-6RTA*05,TRUE,FALSE,FALSE,TRUE,FALSE,FALSE,FALSE
IGH,IGHV,IGHV2-6RTA*06,FALSE,TRUE,TRUE,TRUE,TRUE,FALSE,FALSE
IGH,IGHV,IGHV2-6RTA*07,TRUE,TRUE,FALSE,FALSE,FALSE,FALSE,FALSE
IGH,IGHV,IGHV2-6RTA*08,TRUE,TRUE,FALSE,FALSE,FALSE,FALSE,FALSE
IGH,IGHV,IGHV2-6RTA*09,FALSE,TRUE,TRUE,TRUE,TRUE,FALSE,TRUE
IGH,IGHV,IGHV2-6RTA*10,TRUE,FALSE,FALSE,TRUE,FALSE,FALSE,FALSE
IGH,IGHV,IGHV2-6RTA*11,TRUE,TRUE,FALSE,FALSE,TRUE,FALSE,TRUE
IGH,IGHV,IGHV2-7UAK*01,FALSE,TRUE,TRUE,TRUE,TRUE,TRUE,TRUE
IGH,IGHV,IGHV2-7UAK*02,TRUE,TRUE,FALSE,FALSE,FALSE,FALSE,FALSE
IGH,IGHV,IGHV2-7UAK*03,TRUE,TRUE,TRUE,FALSE,TRUE,FALSE,FALSE
IGH,IGHV,IGHV2-7UAK*04,FALSE,TRUE,TRUE,TRUE,TRUE,TRUE,TRUE
IGH,IGHV,IGHV2-7UAK*05,TRUE,FALSE,FALSE,FALSE,FALSE,FALSE,TRUE
IGH,IGHV,IGHV2-FKTH*01,TRUE,FALSE,TRUE,FALSE,FALSE,FALSE,FALSE
IGH,IGHV,IGHV2-ZWSX*01,TRUE,FALSE,FALSE,FALSE,TRUE,FALSE,FALSE
IGH,IGHV,IGHV3-2ZME*01,FALSE,TRUE,TRUE,TRUE,TRUE,TRUE,TRUE
IGH,IGHV,IGHV3-2ZME*02,FALSE,TRUE,TRUE,TRUE,TRUE,TRUE,TRUE
IGH,IGHV,IGHV3-2ZME*03,TRUE,TRUE,FALSE,FALSE,FALSE,FALSE,FALSE
IGH,IGHV,IGHV3-2ZME*06,FALSE,TRUE,TRUE,TRUE,TRUE,TRUE,TRUE
IGH,IGHV,IGHV3-2ZME*07,TRUE,FALSE,FALSE,FALSE,TRUE,FALSE,FALSE
IGH,IGHV,IGHV3-2ZME*08,TRUE,TRUE,TRUE,FALSE,FALSE,TRUE,FALSE
IGH,IGHV,IGHV3-2ZME*09,TRUE,TRUE,FALSE,FALSE,FALSE,FALSE,FALSE
IGH,IGHV,IGHV3-2ZME*10,FALSE,TRUE,TRUE,TRUE,TRUE,TRUE,TRUE
IGH,IGHV,IGHV3-2ZME*11,FALSE,TRUE,TRUE,FALSE,TRUE,FALSE,FALSE
IGH,IGHV,IGHV3-2ZME*12,FALSE,TRUE,TRUE,TRUE,TRUE,TRUE,TRUE
IGH,IGHV,IGHV3-3H2D*01,FALSE,TRUE,TRUE,TRUE,TRUE,TRUE,TRUE
IGH,IGHV,IGHV3-3H2D*02,TRUE,TRUE,FALSE,FALSE,FALSE,FALSE,FALSE
IGH,IGHV,IGHV3-3H2D*03,TRUE,TRUE,FALSE,FALSE,FALSE,FALSE,FALSE
IGH,IGHV,IGHV3-3H2D*04,FALSE,TRUE,TRUE,TRUE,TRUE,TRUE,TRUE
IGH,IGHV,IGHV3-3H2D*05,TRUE,FALSE,FALSE,FALSE,TRUE,FALSE,FALSE
IGH,IGHV,IGHV3-3H2D*06,FALSE,TRUE,TRUE,TRUE,TRUE,FALSE,TRUE
IGH,IGHV,IGHV3-3H2D*07,TRUE,FALSE,TRUE,FALSE,FALSE,FALSE,FALSE
IGH,IGHV,IGHV3-3H2D*08,TRUE,FALSE,FALSE,FALSE,FALSE,FALSE,TRUE
IGH,IGHV,IGHV3-3H2D*09,FALSE,TRUE,TRUE,TRUE,TRUE,TRUE,TRUE
IGH,IGHV,IGHV3-3H2D*10,TRUE,FALSE,FALSE,TRUE,FALSE,FALSE,FALSE
IGH,IGHV,IGHV3-3KMZ*01,FALSE,TRUE,TRUE,TRUE,TRUE,FALSE,TRUE
IGH,IGHV,IGHV3-3KMZ*02,FALSE,TRUE,TRUE,TRUE,TRUE,TRUE,TRUE
IGH,IGHV,IGHV3-3KMZ*03,FALSE,TRUE,TRUE,TRUE,TRUE,TRUE,TRUE
IGH,IGHV,IGHV3-3KMZ*04,TRUE,FALSE,FALSE,FALSE,FALSE,FALSE,TRUE
IGH,IGHV,IGHV3-3KMZ*05,TRUE,TRUE,TRUE,FALSE,FALSE,FALSE,FALSE
IGH,IGHV,IGHV3-3KMZ*06,TRUE,TRUE,FALSE,FALSE,FALSE,FALSE,FALSE
IGH,IGHV,IGHV3-3KMZ*07,TRUE,TRUE,FALSE,FALSE,FALSE,TRUE,FALSE
IGH,IGHV,IGHV3-3KMZ*08,FALSE,TRUE,TRUE,TRUE,TRUE,TRUE,TRUE
IGH,IGHV,IGHV3-3KMZ*09,TRUE,FALSE,FALSE,TRUE,FALSE,FALSE,FALSE
IGH,IGHV,IGHV3-3KMZ*10,TRUE,FALSE,FALSE,FALSE,TRUE,FALSE,FALSE
IGH,IGHV,IGHV3-3OOB*01,FALSE,TRUE,TRUE,TRUE,TRUE,FALSE,TRUE
IGH,IGHV,IGHV3-3OOB*02,TRUE,TRUE,FALSE,FALSE,FALSE,FALSE,FALSE
IGH,IGHV,IGHV3-3OOB*03,FALSE,TRUE,TRUE,TRUE,TRUE,TRUE,TRUE
IGH,IGHV,IGHV3-3OOB*04,TRUE,TRUE,FALSE,FALSE,FALSE,FALSE,FALSE
IGH,IGHV,IGHV3-3OOB*05,TRUE,FALSE,FALSE,FALSE,FALSE,FALSE,TRUE
IGH,IGHV,IGHV3-3OOB*06,TRUE,TRUE,FALSE,FALSE,FALSE,FALSE,FALSE
IGH,IGHV,IGHV3-3OOB*07,TRUE,TRUE,FALSE,FALSE,FALSE,TRUE,FALSE
IGH,IGHV,IGHV3-3OOB*08,FALSE,TRUE,TRUE,TRUE,TRUE,TRUE,TRUE
IGH,IGHV,IGHV3-3OOB*09,TRUE,TRUE,FALSE,FALSE,FALSE,FALSE,FALSE
IGH,IGHV,IGHV3-3OOB*10,TRUE,FALSE,FALSE,FALSE,FALSE,FALSE,TRUE
IGH,IGHV,IGHV3-3VYP*01,FALSE,TRUE,TRUE,TRUE,TRUE,TRUE,TRUE
IGH,IGHV,IGHV3-3VYP*02,TRUE,TRUE,FALSE,FALSE,TRUE,FALSE,FALSE
IGH,IGHV,IGHV3-3VYP*03,TRUE,FALSE,FALSE,FALSE,FALSE,FALSE,TRUE
IGH,IGHV,IGHV3-3VYP*04,TRUE,TRUE,FALSE,FALSE,FALSE,FALSE,FALSE
IGH,IGHV,IGHV3-3VYP*05,TRUE,TRUE,TRUE,TRUE,TRUE,TRUE,FALSE
IGH,IGHV,IGHV3-3VYP*06,TRUE,TRUE,FALSE,FALSE,TRUE,FALSE,FALSE
IGH,IGHV,IGHV3-3VYP*07,TRUE,TRUE,FALSE,FALSE,FALSE,FALSE,FALSE
IGH,IGHV,IGHV3-3VYP*08,TRUE,TRUE,TRUE,FALSE,FALSE,FALSE,TRUE
IGH,IGHV,IGHV3-3VYP*09,TRUE,FALSE,FALSE,FALSE,FALSE,FALSE,TRUE
IGH,IGHV,IGHV3-3VYP*10,FALSE,TRUE,TRUE,TRUE,TRUE,TRUE,TRUE
IGH,IGHV,IGHV3-3VYP*11,TRUE,FALSE,FALSE,FALSE,FALSE,FALSE,TRUE
IGH,IGHV,IGHV3-3VYP*12,FALSE,TRUE,TRUE,TRUE,TRUE,TRUE,TRUE
IGH,IGHV,IGHV3-3VYP*13,FALSE,TRUE,TRUE,TRUE,TRUE,FALSE,TRUE
IGH,IGHV,IGHV3-4JW6*01,FALSE,TRUE,TRUE,TRUE,TRUE,FALSE,TRUE
IGH,IGHV,IGHV3-4JW6*02,FALSE,TRUE,TRUE,TRUE,TRUE,TRUE,TRUE
IGH,IGHV,IGHV3-4JW6*03,FALSE,TRUE,TRUE,TRUE,TRUE,TRUE,TRUE
IGH,IGHV,IGHV3-4JW6*04,TRUE,FALSE,FALSE,FALSE,TRUE,FALSE,FALSE
IGH,IGHV,IGHV3-4JW6*05,TRUE,FALSE,FALSE,FALSE,TRUE,FALSE,FALSE
IGH,IGHV,IGHV3-4JW6*06,TRUE,TRUE,FALSE,FALSE,TRUE,FALSE,FALSE
IGH,IGHV,IGHV3-4JW6*07,TRUE,FALSE,FALSE,FALSE,TRUE,FALSE,FALSE
IGH,IGHV,IGHV3-4JW6*08,TRUE,TRUE,FALSE,TRUE,TRUE,FALSE,TRUE
IGH,IGHV,IGHV3-4JW6*09,TRUE,FALSE,FALSE,FALSE,FALSE,FALSE,TRUE
IGH,IGHV,IGHV3-4JW6*10,TRUE,TRUE,TRUE,FALSE,FALSE,FALSE,FALSE
IGH,IGHV,IGHV3-4JW6*11,FALSE,FALSE,TRUE,FALSE,TRUE,FALSE,FALSE
IGH,IGHV,IGHV3-4JW6*12,TRUE,TRUE,FALSE,FALSE,FALSE,FALSE,FALSE
IGH,IGHV,IGHV3-4JW6*13,FALSE,TRUE,TRUE,TRUE,TRUE,TRUE,TRUE
IGH,IGHV,IGHV3-4JW6*14,TRUE,FALSE,FALSE,FALSE,TRUE,FALSE,FALSE
IGH,IGHV,IGHV3-4JW6*15,TRUE,FALSE,FALSE,FALSE,TRUE,FALSE,FALSE
IGH,IGHV,IGHV3-4JW6*16,TRUE,TRUE,FALSE,FALSE,FALSE,TRUE,FALSE
IGH,IGHV,IGHV3-4JW6*17,TRUE,TRUE,TRUE,TRUE,TRUE,FALSE,FALSE
IGH,IGHV,IGHV3-4JW6*18,TRUE,FALSE,FALSE,FALSE,TRUE,FALSE,FALSE
IGH,IGHV,IGHV3-4JW6*19,TRUE,FALSE,FALSE,FALSE,TRUE,FALSE,FALSE
IGH,IGHV,IGHV3-4JW6*20,TRUE,TRUE,FALSE,FALSE,FALSE,FALSE,FALSE
IGH,IGHV,IGHV3-4JW6*21,TRUE,FALSE,FALSE,FALSE,TRUE,FALSE,FALSE
IGH,IGHV,IGHV3-4JW6*22,TRUE,FALSE,FALSE,TRUE,FALSE,FALSE,FALSE
IGH,IGHV,IGHV3-4JW6*23,TRUE,TRUE,FALSE,FALSE,FALSE,FALSE,FALSE
IGH,IGHV,IGHV3-4JW6*25,TRUE,TRUE,FALSE,FALSE,FALSE,FALSE,FALSE
IGH,IGHV,IGHV3-4JW6*26,TRUE,TRUE,TRUE,TRUE,FALSE,FALSE,TRUE
IGH,IGHV,IGHV3-4JW6*27,TRUE,TRUE,FALSE,FALSE,FALSE,FALSE,FALSE
IGH,IGHV,IGHV3-4JW6*28,FALSE,TRUE,TRUE,TRUE,TRUE,TRUE,TRUE
IGH,IGHV,IGHV3-4JW6*29,TRUE,TRUE,FALSE,FALSE,FALSE,FALSE,FALSE
IGH,IGHV,IGHV3-4JW6*30,TRUE,FALSE,FALSE,FALSE,FALSE,FALSE,TRUE
IGH,IGHV,IGHV3-4JW6*31,TRUE,FALSE,TRUE,FALSE,TRUE,FALSE,TRUE
IGH,IGHV,IGHV3-4JW6*32,TRUE,TRUE,TRUE,FALSE,TRUE,FALSE,TRUE
IGH,IGHV,IGHV3-4JW6*33,FALSE,TRUE,TRUE,FALSE,TRUE,FALSE,TRUE
IGH,IGHV,IGHV3-4JW6*34,FALSE,TRUE,TRUE,TRUE,TRUE,TRUE,TRUE
IGH,IGHV,IGHV3-4JW6*35,TRUE,FALSE,FALSE,TRUE,FALSE,FALSE,FALSE
IGH,IGHV,IGHV3-4JW6*36,TRUE,FALSE,FALSE,FALSE,FALSE,FALSE,TRUE
IGH,IGHV,IGHV3-4JW6*37,TRUE,FALSE,FALSE,TRUE,FALSE,FALSE,FALSE
IGH,IGHV,IGHV3-4JW6*40,FALSE,TRUE,TRUE,TRUE,TRUE,TRUE,TRUE
IGH,IGHV,IGHV3-4JW6*41,TRUE,FALSE,FALSE,TRUE,FALSE,FALSE,FALSE
IGH,IGHV,IGHV3-4JW6*42,TRUE,FALSE,TRUE,TRUE,FALSE,FALSE,FALSE
IGH,IGHV,IGHV3-4TLZ*01,FALSE,TRUE,TRUE,TRUE,TRUE,TRUE,FALSE
IGH,IGHV,IGHV3-4TLZ*03,FALSE,TRUE,TRUE,TRUE,TRUE,TRUE,TRUE
IGH,IGHV,IGHV3-4TLZ*04,TRUE,FALSE,FALSE,TRUE,TRUE,FALSE,FALSE
IGH,IGHV,IGHV3-4TLZ*05,TRUE,FALSE,FALSE,TRUE,FALSE,FALSE,FALSE
IGH,IGHV,IGHV3-4TLZ*06,TRUE,TRUE,TRUE,FALSE,FALSE,FALSE,TRUE
IGH,IGHV,IGHV3-4TLZ*07,TRUE,TRUE,FALSE,FALSE,FALSE,FALSE,FALSE
IGH,IGHV,IGHV3-6CWJ*01,FALSE,TRUE,TRUE,TRUE,TRUE,TRUE,TRUE
IGH,IGHV,IGHV3-6CWJ*02,FALSE,TRUE,TRUE,TRUE,TRUE,FALSE,TRUE
IGH,IGHV,IGHV3-6CWJ*03,TRUE,FALSE,TRUE,FALSE,FALSE,FALSE,FALSE
IGH,IGHV,IGHV3-6CWJ*04,FALSE,TRUE,TRUE,TRUE,TRUE,FALSE,TRUE
IGH,IGHV,IGHV3-6CWJ*05,FALSE,TRUE,TRUE,FALSE,TRUE,FALSE,TRUE
IGH,IGHV,IGHV3-6CWJ*06,FALSE,TRUE,TRUE,TRUE,TRUE,TRUE,TRUE
IGH,IGHV,IGHV3-6CWJ*07,FALSE,TRUE,TRUE,TRUE,TRUE,TRUE,TRUE
IGH,IGHV,IGHV3-6CWJ*08,TRUE,FALSE,FALSE,FALSE,FALSE,FALSE,TRUE
IGH,IGHV,IGHV3-6CWJ*09,TRUE,TRUE,FALSE,FALSE,FALSE,FALSE,FALSE
IGH,IGHV,IGHV3-7KNP*01,FALSE,TRUE,TRUE,TRUE,TRUE,TRUE,TRUE
IGH,IGHV,IGHV3-7KNP*02,FALSE,TRUE,TRUE,TRUE,TRUE,TRUE,TRUE
IGH,IGHV,IGHV3-7KNP*03,TRUE,FALSE,FALSE,FALSE,TRUE,FALSE,FALSE
IGH,IGHV,IGHV3-7KNP*04,TRUE,FALSE,TRUE,FALSE,FALSE,FALSE,FALSE
IGH,IGHV,IGHV3-7KNP*05,TRUE,TRUE,FALSE,FALSE,FALSE,FALSE,FALSE
IGH,IGHV,IGHV3-7KNP*07,TRUE,TRUE,TRUE,FALSE,TRUE,FALSE,FALSE
IGH,IGHV,IGHV3-A46S*01,FALSE,TRUE,TRUE,TRUE,TRUE,TRUE,TRUE
IGH,IGHV,IGHV3-A46S*02,TRUE,TRUE,FALSE,FALSE,TRUE,FALSE,FALSE
IGH,IGHV,IGHV3-A46S*03,TRUE,TRUE,FALSE,FALSE,FALSE,FALSE,FALSE
IGH,IGHV,IGHV3-A46S*04,TRUE,TRUE,TRUE,FALSE,FALSE,FALSE,FALSE
IGH,IGHV,IGHV3-A46S*05,TRUE,FALSE,FALSE,TRUE,TRUE,FALSE,FALSE
IGH,IGHV,IGHV3-A46S*06,TRUE,TRUE,FALSE,FALSE,FALSE,FALSE,FALSE
IGH,IGHV,IGHV3-A46S*07,TRUE,TRUE,FALSE,FALSE,FALSE,FALSE,FALSE
IGH,IGHV,IGHV3-A46S*08,TRUE,TRUE,FALSE,FALSE,FALSE,FALSE,FALSE
IGH,IGHV,IGHV3-A46S*09,FALSE,TRUE,TRUE,TRUE,TRUE,TRUE,TRUE
IGH,IGHV,IGHV3-A46S*10,TRUE,TRUE,FALSE,FALSE,TRUE,FALSE,FALSE
IGH,IGHV,IGHV3-BGBQ*01,FALSE,TRUE,TRUE,TRUE,TRUE,TRUE,TRUE
IGH,IGHV,IGHV3-BGBQ*02,TRUE,TRUE,TRUE,FALSE,FALSE,TRUE,TRUE
IGH,IGHV,IGHV3-BGBQ*03,FALSE,TRUE,TRUE,TRUE,TRUE,TRUE,TRUE
IGH,IGHV,IGHV3-BGBQ*04,TRUE,TRUE,FALSE,FALSE,FALSE,FALSE,FALSE
IGH,IGHV,IGHV3-BXSZ*01,FALSE,TRUE,TRUE,TRUE,TRUE,TRUE,TRUE
IGH,IGHV,IGHV3-BXSZ*02,TRUE,TRUE,FALSE,FALSE,FALSE,FALSE,FALSE
IGH,IGHV,IGHV3-BXSZ*03,TRUE,TRUE,FALSE,FALSE,FALSE,TRUE,FALSE
IGH,IGHV,IGHV3-BXSZ*04,TRUE,TRUE,FALSE,FALSE,FALSE,FALSE,FALSE
IGH,IGHV,IGHV3-BXSZ*05,TRUE,TRUE,FALSE,FALSE,TRUE,FALSE,FALSE
IGH,IGHV,IGHV3-BXSZ*06,TRUE,TRUE,FALSE,FALSE,FALSE,FALSE,FALSE
IGH,IGHV,IGHV3-BXSZ*07,FALSE,TRUE,TRUE,TRUE,TRUE,TRUE,TRUE
IGH,IGHV,IGHV3-BXSZ*08,FALSE,TRUE,TRUE,TRUE,TRUE,TRUE,TRUE
IGH,IGHV,IGHV3-BXSZ*09,TRUE,FALSE,FALSE,FALSE,FALSE,FALSE,TRUE
IGH,IGHV,IGHV3-BXSZ*10,TRUE,TRUE,FALSE,FALSE,FALSE,FALSE,FALSE
IGH,IGHV,IGHV3-BXSZ*11,FALSE,FALSE,FALSE,FALSE,TRUE,FALSE,TRUE
IGH,IGHV,IGHV3-BXSZ*12,FALSE,TRUE,TRUE,TRUE,TRUE,TRUE,TRUE
IGH,IGHV,IGHV3-CVJX*01,FALSE,TRUE,TRUE,TRUE,TRUE,TRUE,TRUE
IGH,IGHV,IGHV3-CVJX*02,TRUE,TRUE,FALSE,FALSE,TRUE,FALSE,FALSE
IGH,IGHV,IGHV3-CVJX*03,TRUE,TRUE,FALSE,FALSE,FALSE,FALSE,FALSE
IGH,IGHV,IGHV3-CVJX*04,TRUE,TRUE,FALSE,FALSE,FALSE,FALSE,FALSE
IGH,IGHV,IGHV3-CVJX*05,TRUE,FALSE,FALSE,FALSE,TRUE,FALSE,FALSE
IGH,IGHV,IGHV3-CVJX*06,TRUE,TRUE,TRUE,FALSE,TRUE,FALSE,TRUE
IGH,IGHV,IGHV3-CVJX*07,TRUE,TRUE,FALSE,FALSE,FALSE,FALSE,FALSE
IGH,IGHV,IGHV3-CVJX*08,TRUE,TRUE,FALSE,FALSE,FALSE,FALSE,FALSE
IGH,IGHV,IGHV3-CVJX*09,FALSE,TRUE,TRUE,TRUE,TRUE,TRUE,TRUE
IGH,IGHV,IGHV3-CVJX*10,TRUE,TRUE,TRUE,FALSE,FALSE,TRUE,FALSE
IGH,IGHV,IGHV3-CVJX*11,TRUE,FALSE,FALSE,FALSE,TRUE,FALSE,FALSE
IGH,IGHV,IGHV3-CVJX*12,TRUE,FALSE,TRUE,FALSE,FALSE,FALSE,FALSE
IGH,IGHV,IGHV3-CVJX*13,FALSE,TRUE,TRUE,TRUE,TRUE,TRUE,TRUE
IGH,IGHV,IGHV3-CVJX*14,TRUE,TRUE,FALSE,FALSE,FALSE,FALSE,FALSE
IGH,IGHV,IGHV3-CVJX*15,TRUE,TRUE,FALSE,FALSE,FALSE,FALSE,FALSE
IGH,IGHV,IGHV3-CVJX*16,TRUE,TRUE,FALSE,FALSE,FALSE,FALSE,FALSE
IGH,IGHV,IGHV3-CVJX*17,TRUE,FALSE,FALSE,FALSE,TRUE,FALSE,FALSE
IGH,IGHV,IGHV3-CVJX*18,FALSE,TRUE,TRUE,TRUE,TRUE,TRUE,TRUE
IGH,IGHV,IGHV3-CVJX*19,TRUE,TRUE,FALSE,FALSE,TRUE,TRUE,FALSE
IGH,IGHV,IGHV3-CVJX*20,TRUE,FALSE,FALSE,FALSE,FALSE,FALSE,TRUE
IGH,IGHV,IGHV3-CVJX*21,TRUE,TRUE,TRUE,TRUE,TRUE,TRUE,TRUE
IGH,IGHV,IGHV3-CVJX*22,TRUE,TRUE,FALSE,FALSE,FALSE,FALSE,FALSE
IGH,IGHV,IGHV3-CVJX*23,TRUE,TRUE,FALSE,FALSE,FALSE,FALSE,FALSE
IGH,IGHV,IGHV3-CVJX*24,TRUE,FALSE,FALSE,FALSE,FALSE,FALSE,TRUE
IGH,IGHV,IGHV3-CVJX*25,TRUE,FALSE,FALSE,TRUE,FALSE,FALSE,FALSE
IGH,IGHV,IGHV3-CVJX*26,TRUE,FALSE,FALSE,TRUE,FALSE,FALSE,FALSE
IGH,IGHV,IGHV3-CVJX*27,FALSE,TRUE,TRUE,TRUE,TRUE,TRUE,TRUE
IGH,IGHV,IGHV3-CVJX*28,TRUE,TRUE,FALSE,FALSE,FALSE,FALSE,FALSE
IGH,IGHV,IGHV3-CVJX*29,TRUE,FALSE,FALSE,TRUE,FALSE,FALSE,FALSE
IGH,IGHV,IGHV3-CVJX*30,TRUE,TRUE,FALSE,FALSE,TRUE,FALSE,FALSE
IGH,IGHV,IGHV3-CVJX*31,TRUE,TRUE,FALSE,TRUE,FALSE,FALSE,FALSE
IGH,IGHV,IGHV3-CVJX*33,TRUE,TRUE,FALSE,FALSE,FALSE,FALSE,FALSE
IGH,IGHV,IGHV3-CVJX*34,FALSE,TRUE,TRUE,TRUE,TRUE,TRUE,TRUE
IGH,IGHV,IGHV3-CVJX*35,TRUE,TRUE,FALSE,FALSE,FALSE,FALSE,FALSE
IGH,IGHV,IGHV3-CVJX*36,TRUE,FALSE,FALSE,FALSE,TRUE,FALSE,FALSE
IGH,IGHV,IGHV3-CVJX*37,TRUE,FALSE,FALSE,TRUE,FALSE,FALSE,FALSE
IGH,IGHV,IGHV3-CVJX*38,TRUE,FALSE,FALSE,FALSE,TRUE,FALSE,FALSE
IGH,IGHV,IGHV3-DDM3*01,FALSE,TRUE,TRUE,TRUE,TRUE,FALSE,TRUE
IGH,IGHV,IGHV3-DDM3*02,TRUE,TRUE,FALSE,FALSE,FALSE,FALSE,FALSE
IGH,IGHV,IGHV3-DDM3*03,FALSE,TRUE,TRUE,TRUE,TRUE,TRUE,TRUE
IGH,IGHV,IGHV3-DDM3*04,TRUE,FALSE,FALSE,FALSE,TRUE,FALSE,FALSE
IGH,IGHV,IGHV3-DDM3*05,TRUE,TRUE,TRUE,TRUE,TRUE,TRUE,TRUE
IGH,IGHV,IGHV3-DDM3*06,TRUE,FALSE,FALSE,TRUE,FALSE,FALSE,FALSE
IGH,IGHV,IGHV3-DDM3*07,TRUE,FALSE,FALSE,FALSE,FALSE,FALSE,TRUE
IGH,IGHV,IGHV3-E24Y*02,FALSE,TRUE,TRUE,TRUE,TRUE,TRUE,TRUE
IGH,IGHV,IGHV3-E24Y*03,FALSE,TRUE,TRUE,TRUE,TRUE,TRUE,TRUE
IGH,IGHV,IGHV3-E24Y*04,TRUE,TRUE,FALSE,TRUE,FALSE,FALSE,TRUE
IGH,IGHV,IGHV3-FW4V*02,TRUE,TRUE,FALSE,FALSE,TRUE,FALSE,TRUE
IGH,IGHV,IGHV3-FW4V*03,TRUE,TRUE,FALSE,FALSE,FALSE,FALSE,FALSE
IGH,IGHV,IGHV3-FW4V*04,TRUE,TRUE,TRUE,FALSE,FALSE,FALSE,FALSE
IGH,IGHV,IGHV3-GNJS*01,FALSE,TRUE,TRUE,TRUE,TRUE,TRUE,TRUE
IGH,IGHV,IGHV3-GNJS*02,TRUE,FALSE,FALSE,TRUE,FALSE,FALSE,TRUE
IGH,IGHV,IGHV3-GNJS*03,TRUE,FALSE,FALSE,TRUE,FALSE,FALSE,FALSE
IGH,IGHV,IGHV3-GNJS*04,TRUE,FALSE,FALSE,TRUE,TRUE,FALSE,FALSE
IGH,IGHV,IGHV3-GNJS*05,TRUE,FALSE,FALSE,TRUE,FALSE,FALSE,FALSE
IGH,IGHV,IGHV3-GNJS*06,TRUE,TRUE,FALSE,FALSE,FALSE,TRUE,FALSE
IGH,IGHV,IGHV3-GNJS*07,TRUE,TRUE,FALSE,FALSE,FALSE,FALSE,FALSE
IGH,IGHV,IGHV3-GNJS*08,TRUE,TRUE,TRUE,FALSE,FALSE,TRUE,TRUE
IGH,IGHV,IGHV3-M7QC*01,FALSE,TRUE,TRUE,TRUE,TRUE,TRUE,TRUE
IGH,IGHV,IGHV3-M7QC*02,TRUE,FALSE,FALSE,FALSE,FALSE,FALSE,TRUE
IGH,IGHV,IGHV3-M7QC*03,FALSE,TRUE,TRUE,TRUE,TRUE,TRUE,TRUE
IGH,IGHV,IGHV3-M7QC*04,FALSE,TRUE,TRUE,TRUE,TRUE,TRUE,TRUE
IGH,IGHV,IGHV3-M7QC*05,TRUE,FALSE,FALSE,TRUE,FALSE,FALSE,FALSE
IGH,IGHV,IGHV3-M7QC*06,TRUE,FALSE,TRUE,FALSE,FALSE,FALSE,FALSE
IGH,IGHV,IGHV3-M7QC*07,TRUE,FALSE,TRUE,FALSE,TRUE,FALSE,TRUE
IGH,IGHV,IGHV3-N73X*01,FALSE,TRUE,TRUE,TRUE,TRUE,TRUE,TRUE
IGH,IGHV,IGHV3-N73X*02,TRUE,TRUE,FALSE,FALSE,FALSE,FALSE,FALSE
IGH,IGHV,IGHV3-N73X*03,TRUE,FALSE,TRUE,FALSE,FALSE,FALSE,FALSE
IGH,IGHV,IGHV3-N73X*04,TRUE,FALSE,FALSE,TRUE,FALSE,FALSE,FALSE
IGH,IGHV,IGHV3-N73X*05,TRUE,FALSE,FALSE,FALSE,TRUE,FALSE,FALSE
IGH,IGHV,IGHV3-N73X*06,TRUE,TRUE,TRUE,FALSE,FALSE,FALSE,FALSE
IGH,IGHV,IGHV3-N73X*07,TRUE,TRUE,FALSE,FALSE,TRUE,FALSE,FALSE
IGH,IGHV,IGHV3-N73X*08,FALSE,TRUE,TRUE,TRUE,TRUE,FALSE,TRUE
IGH,IGHV,IGHV3-N73X*09,FALSE,TRUE,TRUE,TRUE,TRUE,FALSE,FALSE
IGH,IGHV,IGHV3-XXAB*01,FALSE,TRUE,TRUE,TRUE,TRUE,TRUE,TRUE
IGH,IGHV,IGHV3-XXAB*02,TRUE,FALSE,FALSE,FALSE,TRUE,FALSE,TRUE
IGH,IGHV,IGHV3-XXAB*03,TRUE,TRUE,TRUE,FALSE,FALSE,TRUE,TRUE
IGH,IGHV,IGHV3-XXAB*04,TRUE,FALSE,FALSE,FALSE,FALSE,FALSE,TRUE
IGH,IGHV,IGHV3-XXAB*05,TRUE,TRUE,FALSE,FALSE,FALSE,FALSE,FALSE
IGH,IGHV,IGHV3-XXAB*06,TRUE,TRUE,FALSE,FALSE,FALSE,FALSE,FALSE
IGH,IGHV,IGHV3-XXAB*07,TRUE,TRUE,FALSE,FALSE,FALSE,FALSE,FALSE
IGH,IGHV,IGHV3-Z7O7*01,FALSE,TRUE,TRUE,TRUE,TRUE,TRUE,TRUE
IGH,IGHV,IGHV3-Z7O7*02,TRUE,FALSE,FALSE,FALSE,TRUE,FALSE,FALSE
IGH,IGHV,IGHV3-Z7O7*03,TRUE,TRUE,FALSE,FALSE,FALSE,FALSE,FALSE
IGH,IGHV,IGHV3-Z7O7*04,TRUE,FALSE,FALSE,TRUE,FALSE,FALSE,FALSE
IGH,IGHV,IGHV3-Z7O7*05,TRUE,FALSE,FALSE,FALSE,FALSE,FALSE,TRUE
IGH,IGHV,IGHV3-Z7O7*06,TRUE,TRUE,TRUE,FALSE,FALSE,FALSE,FALSE
IGH,IGHV,IGHV4-25M6*02,FALSE,TRUE,TRUE,TRUE,TRUE,TRUE,TRUE
IGH,IGHV,IGHV4-25M6*03,TRUE,FALSE,TRUE,FALSE,FALSE,FALSE,FALSE
IGH,IGHV,IGHV4-25M6*04,FALSE,TRUE,TRUE,FALSE,FALSE,FALSE,TRUE
IGH,IGHV,IGHV4-25M6*05,TRUE,TRUE,FALSE,FALSE,FALSE,FALSE,FALSE
IGH,IGHV,IGHV4-25M6*06,TRUE,TRUE,FALSE,FALSE,TRUE,FALSE,FALSE
IGH,IGHV,IGHV4-25M6*07,FALSE,TRUE,TRUE,TRUE,TRUE,TRUE,TRUE
IGH,IGHV,IGHV4-25M6*08,TRUE,TRUE,TRUE,TRUE,TRUE,FALSE,TRUE
IGH,IGHV,IGHV4-25M6*09,TRUE,TRUE,FALSE,FALSE,FALSE,FALSE,FALSE
IGH,IGHV,IGHV4-25M6*10,TRUE,FALSE,FALSE,FALSE,TRUE,FALSE,FALSE
IGH,IGHV,IGHV4-25M6*11,TRUE,TRUE,FALSE,FALSE,FALSE,FALSE,FALSE
IGH,IGHV,IGHV4-25M6*12,TRUE,FALSE,TRUE,FALSE,FALSE,FALSE,FALSE
IGH,IGHV,IGHV4-25M6*13,TRUE,TRUE,FALSE,FALSE,FALSE,FALSE,FALSE
IGH,IGHV,IGHV4-25M6*14,TRUE,TRUE,FALSE,FALSE,FALSE,FALSE,FALSE
IGH,IGHV,IGHV4-25M6*15,TRUE,TRUE,FALSE,FALSE,FALSE,FALSE,FALSE
IGH,IGHV,IGHV4-25M6*17,FALSE,FALSE,FALSE,FALSE,TRUE,FALSE,FALSE
IGH,IGHV,IGHV4-25M6*18,FALSE,TRUE,FALSE,FALSE,TRUE,FALSE,FALSE
IGH,IGHV,IGHV4-25M6*19,FALSE,TRUE,TRUE,FALSE,TRUE,FALSE,TRUE
IGH,IGHV,IGHV4-25M6*20,TRUE,TRUE,FALSE,FALSE,FALSE,FALSE,FALSE
IGH,IGHV,IGHV4-25M6*21,TRUE,TRUE,TRUE,FALSE,FALSE,FALSE,FALSE
IGH,IGHV,IGHV4-25M6*22,FALSE,TRUE,TRUE,TRUE,TRUE,TRUE,TRUE
IGH,IGHV,IGHV4-25M6*23,TRUE,FALSE,FALSE,FALSE,TRUE,FALSE,FALSE
IGH,IGHV,IGHV4-25M6*24,TRUE,TRUE,TRUE,FALSE,FALSE,TRUE,FALSE
IGH,IGHV,IGHV4-25M6*25,TRUE,TRUE,FALSE,FALSE,FALSE,FALSE,FALSE
IGH,IGHV,IGHV4-25M6*26,TRUE,TRUE,FALSE,FALSE,TRUE,FALSE,FALSE
IGH,IGHV,IGHV4-25M6*28,FALSE,TRUE,FALSE,FALSE,FALSE,FALSE,FALSE
IGH,IGHV,IGHV4-25M6*29,TRUE,TRUE,FALSE,FALSE,FALSE,FALSE,FALSE
IGH,IGHV,IGHV4-2COR*01,FALSE,FALSE,FALSE,FALSE,TRUE,FALSE,TRUE
IGH,IGHV,IGHV4-2COR*02,FALSE,FALSE,FALSE,FALSE,FALSE,FALSE,TRUE
IGH,IGHV,IGHV4-2COR*03,FALSE,FALSE,TRUE,FALSE,TRUE,FALSE,TRUE
IGH,IGHV,IGHV4-2COR*04,FALSE,TRUE,TRUE,TRUE,TRUE,TRUE,TRUE
IGH,IGHV,IGHV4-2COR*05,TRUE,FALSE,FALSE,FALSE,FALSE,FALSE,TRUE
IGH,IGHV,IGHV4-2COR*06,TRUE,FALSE,FALSE,TRUE,FALSE,FALSE,FALSE
IGH,IGHV,IGHV4-2COR*07,TRUE,TRUE,TRUE,FALSE,FALSE,FALSE,TRUE
IGH,IGHV,IGHV4-2COR*08,FALSE,TRUE,TRUE,TRUE,TRUE,FALSE,TRUE
IGH,IGHV,IGHV4-2COR*09,TRUE,TRUE,TRUE,FALSE,FALSE,TRUE,TRUE
IGH,IGHV,IGHV4-2COR*10,FALSE,TRUE,TRUE,TRUE,TRUE,TRUE,TRUE
IGH,IGHV,IGHV4-2COR*11,TRUE,FALSE,FALSE,FALSE,FALSE,TRUE,FALSE
IGH,IGHV,IGHV4-2COR*12,TRUE,TRUE,FALSE,FALSE,FALSE,FALSE,FALSE
IGH,IGHV,IGHV4-2COR*13,TRUE,TRUE,FALSE,FALSE,FALSE,FALSE,FALSE
IGH,IGHV,IGHV4-2COR*14,TRUE,FALSE,TRUE,FALSE,FALSE,FALSE,FALSE
IGH,IGHV,IGHV4-2COR*15,FALSE,TRUE,TRUE,TRUE,TRUE,TRUE,TRUE
IGH,IGHV,IGHV4-2COR*16,TRUE,FALSE,FALSE,FALSE,FALSE,TRUE,FALSE
IGH,IGHV,IGHV4-2COR*17,TRUE,TRUE,FALSE,FALSE,FALSE,FALSE,FALSE
IGH,IGHV,IGHV4-4LVZ*01,FALSE,TRUE,TRUE,TRUE,TRUE,TRUE,TRUE
IGH,IGHV,IGHV4-4LVZ*02,FALSE,TRUE,TRUE,TRUE,TRUE,TRUE,TRUE
IGH,IGHV,IGHV4-4LVZ*03,TRUE,TRUE,TRUE,TRUE,FALSE,FALSE,FALSE
IGH,IGHV,IGHV4-4LVZ*04,TRUE,FALSE,FALSE,FALSE,TRUE,FALSE,FALSE
IGH,IGHV,IGHV4-4LVZ*05,TRUE,TRUE,FALSE,FALSE,TRUE,FALSE,TRUE
IGH,IGHV,IGHV4-4LVZ*06,TRUE,FALSE,FALSE,TRUE,FALSE,FALSE,FALSE
IGH,IGHV,IGHV4-4LVZ*07,TRUE,FALSE,FALSE,FALSE,TRUE,FALSE,FALSE
IGH,IGHV,IGHV4-4LVZ*08,TRUE,TRUE,FALSE,FALSE,FALSE,FALSE,FALSE
IGH,IGHV,IGHV4-4LVZ*09,TRUE,TRUE,TRUE,FALSE,TRUE,FALSE,TRUE
IGH,IGHV,IGHV4-4LVZ*10,FALSE,TRUE,TRUE,TRUE,TRUE,TRUE,TRUE
IGH,IGHV,IGHV4-4LVZ*11,TRUE,TRUE,FALSE,FALSE,FALSE,FALSE,FALSE
IGH,IGHV,IGHV4-4LVZ*12,TRUE,FALSE,FALSE,FALSE,FALSE,FALSE,TRUE
IGH,IGHV,IGHV4-4LVZ*13,TRUE,FALSE,TRUE,FALSE,FALSE,FALSE,TRUE
IGH,IGHV,IGHV4-4LVZ*14,TRUE,TRUE,FALSE,FALSE,FALSE,FALSE,FALSE
IGH,IGHV,IGHV4-4LVZ*15,TRUE,FALSE,FALSE,FALSE,FALSE,FALSE,TRUE
IGH,IGHV,IGHV4-4LVZ*17,FALSE,TRUE,TRUE,FALSE,TRUE,FALSE,TRUE
IGH,IGHV,IGHV4-5ZJ6*01,FALSE,TRUE,FALSE,FALSE,FALSE,FALSE,FALSE
IGH,IGHV,IGHV4-5ZJ6*02,FALSE,TRUE,TRUE,TRUE,TRUE,TRUE,TRUE
IGH,IGHV,IGHV4-5ZJ6*03,TRUE,FALSE,FALSE,FALSE,FALSE,FALSE,TRUE
IGH,IGHV,IGHV4-5ZJ6*04,FALSE,TRUE,TRUE,FALSE,TRUE,TRUE,TRUE
IGH,IGHV,IGHV4-5ZJ6*05,TRUE,TRUE,FALSE,FALSE,FALSE,FALSE,FALSE
IGH,IGHV,IGHV4-5ZJ6*06,FALSE,TRUE,TRUE,FALSE,TRUE,FALSE,TRUE
IGH,IGHV,IGHV4-5ZJ6*07,FALSE,TRUE,TRUE,FALSE,TRUE,TRUE,FALSE
IGH,IGHV,IGHV4-5ZJ6*08,TRUE,TRUE,FALSE,FALSE,FALSE,FALSE,FALSE
IGH,IGHV,IGHV4-5ZJ6*09,TRUE,TRUE,FALSE,FALSE,FALSE,FALSE,FALSE
IGH,IGHV,IGHV4-5ZJ6*10,TRUE,TRUE,FALSE,FALSE,FALSE,FALSE,FALSE
IGH,IGHV,IGHV4-5ZJ6*11,TRUE,TRUE,FALSE,FALSE,FALSE,TRUE,TRUE
IGH,IGHV,IGHV4-5ZJ6*12,TRUE,TRUE,TRUE,TRUE,FALSE,FALSE,FALSE
IGH,IGHV,IGHV4-5ZJ6*13,TRUE,TRUE,FALSE,FALSE,FALSE,FALSE,FALSE
IGH,IGHV,IGHV4-5ZJ6*14,TRUE,TRUE,FALSE,FALSE,FALSE,FALSE,FALSE
IGH,IGHV,IGHV4-5ZJ6*15,FALSE,FALSE,TRUE,FALSE,TRUE,FALSE,FALSE
IGH,IGHV,IGHV4-5ZJ6*16,TRUE,TRUE,FALSE,FALSE,FALSE,FALSE,FALSE
IGH,IGHV,IGHV4-5ZJ6*17,FALSE,TRUE,TRUE,TRUE,TRUE,TRUE,TRUE
IGH,IGHV,IGHV4-5ZJ6*18,TRUE,FALSE,FALSE,FALSE,FALSE,FALSE,TRUE
IGH,IGHV,IGHV4-5ZJ6*19,TRUE,FALSE,FALSE,TRUE,FALSE,FALSE,FALSE
IGH,IGHV,IGHV4-5ZJ6*20,TRUE,FALSE,FALSE,FALSE,FALSE,FALSE,TRUE
IGH,IGHV,IGHV4-5ZJ6*21,TRUE,TRUE,TRUE,TRUE,FALSE,FALSE,TRUE
IGH,IGHV,IGHV4-A7KV*01,FALSE,TRUE,FALSE,FALSE,TRUE,FALSE,FALSE
IGH,IGHV,IGHV4-A7KV*02,FALSE,TRUE,TRUE,TRUE,TRUE,TRUE,TRUE
IGH,IGHV,IGHV4-A7KV*03,TRUE,TRUE,FALSE,FALSE,FALSE,FALSE,FALSE
IGH,IGHV,IGHV4-A7KV*04,TRUE,TRUE,FALSE,FALSE,FALSE,FALSE,FALSE
IGH,IGHV,IGHV4-A7KV*05,TRUE,TRUE,TRUE,FALSE,TRUE,FALSE,TRUE
IGH,IGHV,IGHV4-A7KV*06,TRUE,TRUE,FALSE,FALSE,TRUE,FALSE,FALSE
IGH,IGHV,IGHV4-HHP5*02,FALSE,TRUE,TRUE,TRUE,TRUE,TRUE,TRUE
IGH,IGHV,IGHV4-HHP5*03,TRUE,TRUE,FALSE,FALSE,FALSE,FALSE,FALSE
IGH,IGHV,IGHV4-HHP5*04,TRUE,FALSE,TRUE,FALSE,FALSE,FALSE,FALSE
IGH,IGHV,IGHV4-HHP5*05,TRUE,FALSE,FALSE,TRUE,FALSE,FALSE,TRUE
IGH,IGHV,IGHV4-HHP5*06,TRUE,TRUE,TRUE,FALSE,FALSE,FALSE,FALSE
IGH,IGHV,IGHV4-HHP5*07,TRUE,FALSE,TRUE,FALSE,FALSE,FALSE,FALSE
IGH,IGHV,IGHV4-HHP5*08,FALSE,TRUE,TRUE,TRUE,TRUE,TRUE,TRUE
IGH,IGHV,IGHV4-HHP5*09,TRUE,TRUE,TRUE,FALSE,TRUE,TRUE,FALSE
IGH,IGHV,IGHV4-HHP5*10,FALSE,TRUE,TRUE,FALSE,FALSE,FALSE,FALSE
IGH,IGHV,IGHV4-QA67*01,FALSE,TRUE,TRUE,TRUE,TRUE,TRUE,TRUE
IGH,IGHV,IGHV4-QA67*02,TRUE,TRUE,FALSE,FALSE,FALSE,FALSE,FALSE
IGH,IGHV,IGHV4-QA67*03,TRUE,TRUE,FALSE,FALSE,FALSE,FALSE,FALSE
IGH,IGHV,IGHV4-QA67*04,TRUE,FALSE,FALSE,FALSE,TRUE,FALSE,FALSE
IGH,IGHV,IGHV4-QA67*05,TRUE,TRUE,FALSE,FALSE,FALSE,FALSE,TRUE
IGH,IGHV,IGHV4-QA67*06,TRUE,TRUE,FALSE,FALSE,FALSE,FALSE,FALSE
IGH,IGHV,IGHV4-QA67*07,TRUE,FALSE,FALSE,TRUE,FALSE,FALSE,FALSE
IGH,IGHV,IGHV4-QA67*08,TRUE,FALSE,FALSE,FALSE,FALSE,FALSE,TRUE
IGH,IGHV,IGHV4-QA67*09,TRUE,TRUE,TRUE,FALSE,TRUE,FALSE,TRUE
IGH,IGHV,IGHV4-QA67*10,TRUE,FALSE,FALSE,FALSE,FALSE,FALSE,TRUE
IGH,IGHV,IGHV4-UWUM*01,TRUE,FALSE,TRUE,FALSE,FALSE,FALSE,FALSE
IGH,IGHV,IGHV4-UWUM*02,TRUE,FALSE,FALSE,FALSE,TRUE,FALSE,FALSE
IGH,IGHV,IGHV4-UWUM*04,FALSE,TRUE,TRUE,TRUE,TRUE,TRUE,TRUE
IGH,IGHV,IGHV4-UWUM*05,TRUE,TRUE,FALSE,FALSE,FALSE,FALSE,FALSE
IGH,IGHV,IGHV4-UWUM*06,TRUE,FALSE,TRUE,FALSE,FALSE,FALSE,FALSE
IGH,IGHV,IGHV4-UWUM*07,TRUE,FALSE,FALSE,TRUE,FALSE,FALSE,FALSE
IGH,IGHV,IGHV4-UWUM*08,TRUE,FALSE,FALSE,FALSE,FALSE,FALSE,TRUE
IGH,IGHV,IGHV4-UWUM*09,TRUE,FALSE,FALSE,FALSE,TRUE,FALSE,FALSE
IGH,IGHV,IGHV4-UWUM*10,TRUE,TRUE,FALSE,FALSE,FALSE,FALSE,FALSE
IGH,IGHV,IGHV4-UWUM*11,TRUE,TRUE,FALSE,FALSE,TRUE,FALSE,FALSE
IGH,IGHV,IGHV4-UWUM*12,TRUE,TRUE,FALSE,FALSE,FALSE,FALSE,FALSE
IGH,IGHV,IGHV4-UWUM*13,TRUE,TRUE,FALSE,FALSE,FALSE,FALSE,FALSE
IGH,IGHV,IGHV5-36ED*01,FALSE,FALSE,FALSE,TRUE,TRUE,FALSE,TRUE
IGH,IGHV,IGHV5-36ED*02,FALSE,TRUE,FALSE,FALSE,FALSE,FALSE,FALSE
IGH,IGHV,IGHV5-36ED*03,FALSE,TRUE,TRUE,TRUE,TRUE,TRUE,TRUE
IGH,IGHV,IGHV5-36ED*04,TRUE,FALSE,FALSE,FALSE,FALSE,FALSE,TRUE
IGH,IGHV,IGHV5-36ED*05,FALSE,TRUE,TRUE,TRUE,TRUE,TRUE,TRUE
IGH,IGHV,IGHV5-36ED*06,TRUE,FALSE,FALSE,FALSE,FALSE,FALSE,TRUE
IGH,IGHV,IGHV5-36ED*07,TRUE,FALSE,TRUE,FALSE,FALSE,FALSE,FALSE
IGH,IGHV,IGHV5-ANAE*01,FALSE,TRUE,TRUE,TRUE,TRUE,FALSE,TRUE
IGH,IGHV,IGHV5-ANAE*02,FALSE,TRUE,TRUE,TRUE,TRUE,TRUE,TRUE
IGH,IGHV,IGHV6-6D6C*02,FALSE,TRUE,TRUE,TRUE,TRUE,TRUE,TRUE
IGH,IGHV,IGHV7-2GXW*03,FALSE,TRUE,TRUE,TRUE,TRUE,TRUE,TRUE
IGH,IGHV,IGHV7-2GXW*04,TRUE,TRUE,FALSE,FALSE,FALSE,TRUE,FALSE
IGH,IGHV,IGHV7-2GXW*05,FALSE,TRUE,TRUE,TRUE,TRUE,TRUE,TRUE
IGH,IGHV,IGHV7-5PLP*01,FALSE,TRUE,TRUE,TRUE,TRUE,TRUE,TRUE
IGH,IGHV,IGHV7-5PLP*02,TRUE,FALSE,FALSE,FALSE,TRUE,FALSE,FALSE
IGH,IGHV,IGHV7-5PLP*03,TRUE,FALSE,TRUE,FALSE,FALSE,FALSE,FALSE
IGH,IGHV,IGHV7-5PLP*04,TRUE,TRUE,TRUE,TRUE,TRUE,FALSE,TRUE
IGH,IGHV,IGHV7-5PLP*05,TRUE,TRUE,TRUE,FALSE,FALSE,FALSE,FALSE
IGH,IGHV,IGHV7-5PLP*06,TRUE,TRUE,FALSE,FALSE,FALSE,FALSE,FALSE
IGH,IGHV,IGHV7-5PLP*07,TRUE,FALSE,FALSE,FALSE,FALSE,FALSE,TRUE
IGH,IGHV,IGHV7-5PLP*08,TRUE,TRUE,TRUE,TRUE,TRUE,TRUE,FALSE
IGH,IGHV,IGHV7-5PLP*09,TRUE,TRUE,TRUE,FALSE,FALSE,FALSE,FALSE
IGH,IGHV,IGHV7-5PLP*10,TRUE,FALSE,TRUE,FALSE,TRUE,FALSE,FALSE
IGH,IGHV,IGHV7-5PLP*11,TRUE,FALSE,FALSE,FALSE,FALSE,FALSE,TRUE
IGH,IGHV,IGHV8-D4TJ*01,FALSE,TRUE,TRUE,TRUE,TRUE,FALSE,TRUE
IGH,IGHV,IGHV8-D4TJ*02,TRUE,FALSE,FALSE,FALSE,FALSE,FALSE,TRUE
IGH,IGHV,IGHV8-D4TJ*03,TRUE,TRUE,TRUE,FALSE,FALSE,FALSE,TRUE
IGH,IGHV,IGHV8-D4TJ*04,TRUE,FALSE,FALSE,FALSE,TRUE,FALSE,FALSE
IGH,IGHV,IGHV8-D4TJ*05,FALSE,TRUE,TRUE,TRUE,TRUE,FALSE,TRUE
IGH,IGHV,IGHV8-D4TJ*06,TRUE,FALSE,TRUE,FALSE,TRUE,TRUE,TRUE
IGH,IGHV,IGHV8-D4TJ*07,TRUE,TRUE,FALSE,FALSE,FALSE,FALSE,FALSE
IGH,IGHV,IGHV8-D4TJ*08,TRUE,TRUE,TRUE,FALSE,FALSE,TRUE,FALSE
IGH,IGHV,IGHV8-D4TJ*09,FALSE,TRUE,TRUE,TRUE,TRUE,TRUE,TRUE
IGK,IGKJ,IGKJ1-CNBG*01,FALSE,TRUE,TRUE,TRUE,TRUE,TRUE,TRUE
IGK,IGKJ,IGKJ2-366P*01,FALSE,TRUE,TRUE,TRUE,TRUE,TRUE,TRUE
IGK,IGKJ,IGKJ2-366P*02,TRUE,TRUE,FALSE,FALSE,FALSE,FALSE,FALSE
IGK,IGKJ,IGKJ2-366P*03,TRUE,TRUE,FALSE,FALSE,FALSE,FALSE,FALSE
IGK,IGKJ,IGKJ2-366P*04,TRUE,FALSE,FALSE,FALSE,TRUE,FALSE,FALSE
IGK,IGKJ,IGKJ2-366P*05,TRUE,FALSE,TRUE,FALSE,FALSE,FALSE,FALSE
IGK,IGKJ,IGKJ2-366P*06,TRUE,FALSE,FALSE,FALSE,TRUE,FALSE,TRUE
IGK,IGKJ,IGKJ2-366P*07,TRUE,TRUE,FALSE,FALSE,FALSE,FALSE,FALSE
IGK,IGKJ,IGKJ2-366P*08,FALSE,TRUE,TRUE,TRUE,TRUE,TRUE,TRUE
IGK,IGKJ,IGKJ2-366P*09,FALSE,TRUE,TRUE,FALSE,TRUE,TRUE,TRUE
IGK,IGKJ,IGKJ3-RD32*01,FALSE,TRUE,TRUE,TRUE,TRUE,TRUE,TRUE
IGK,IGKJ,IGKJ3-RD32*02,TRUE,FALSE,FALSE,TRUE,FALSE,FALSE,FALSE
IGK,IGKJ,IGKJ3-RD32*03,TRUE,FALSE,TRUE,FALSE,FALSE,FALSE,FALSE
IGK,IGKJ,IGKJ3-RD32*04,TRUE,TRUE,FALSE,FALSE,TRUE,FALSE,FALSE
IGK,IGKJ,IGKJ4-VQ2B*01,FALSE,TRUE,TRUE,TRUE,TRUE,TRUE,TRUE
IGK,IGKJ,IGKJ4-VQ2B*02,TRUE,TRUE,FALSE,FALSE,FALSE,FALSE,FALSE
IGK,IGKJ,IGKJ4-VQ2B*03,TRUE,FALSE,TRUE,FALSE,FALSE,FALSE,TRUE
IGK,IGKJ,IGKJ4-VQ2B*04,TRUE,FALSE,FALSE,FALSE,TRUE,FALSE,FALSE
IGK,IGKJ,IGKJ4-VQ2B*05,TRUE,FALSE,FALSE,FALSE,TRUE,FALSE,FALSE
IGK,IGKJ,IGKJ5-JJJS*01,FALSE,TRUE,TRUE,TRUE,TRUE,TRUE,TRUE
IGK,IGKV,IGKV1-2UAW*02,TRUE,FALSE,FALSE,FALSE,FALSE,FALSE,TRUE
IGK,IGKV,IGKV1-2UAW*03,TRUE,TRUE,FALSE,FALSE,FALSE,FALSE,FALSE
IGK,IGKV,IGKV1-2UAW*04,FALSE,TRUE,TRUE,TRUE,TRUE,TRUE,TRUE
IGK,IGKV,IGKV1-2UAW*05,TRUE,TRUE,FALSE,FALSE,FALSE,FALSE,FALSE
IGK,IGKV,IGKV1-2UAW*06,TRUE,TRUE,FALSE,FALSE,FALSE,FALSE,FALSE
IGK,IGKV,IGKV1-2UAW*07,TRUE,FALSE,FALSE,FALSE,TRUE,FALSE,FALSE
IGK,IGKV,IGKV1-2UAW*08,TRUE,FALSE,FALSE,FALSE,TRUE,FALSE,FALSE
IGK,IGKV,IGKV1-2UAW*09,TRUE,FALSE,FALSE,FALSE,TRUE,FALSE,FALSE
IGK,IGKV,IGKV1-2UAW*10,TRUE,TRUE,TRUE,FALSE,TRUE,FALSE,FALSE
IGK,IGKV,IGKV1-2UAW*11,TRUE,TRUE,TRUE,TRUE,TRUE,TRUE,TRUE
IGK,IGKV,IGKV1-2UAW*12,TRUE,TRUE,FALSE,FALSE,FALSE,FALSE,FALSE
IGK,IGKV,IGKV1-3Y5S*01,FALSE,FALSE,FALSE,FALSE,TRUE,FALSE,FALSE
IGK,IGKV,IGKV1-3Y5S*02,FALSE,TRUE,TRUE,TRUE,TRUE,TRUE,TRUE
IGK,IGKV,IGKV1-3Y5S*03,TRUE,TRUE,FALSE,FALSE,FALSE,FALSE,FALSE
IGK,IGKV,IGKV1-3Y5S*04,TRUE,FALSE,FALSE,TRUE,FALSE,FALSE,FALSE
IGK,IGKV,IGKV1-3Y5S*05,FALSE,TRUE,TRUE,TRUE,TRUE,TRUE,TRUE
IGK,IGKV,IGKV1-3Y5S*06,TRUE,FALSE,FALSE,FALSE,TRUE,FALSE,FALSE
IGK,IGKV,IGKV1-3Y5S*07,FALSE,TRUE,TRUE,TRUE,TRUE,TRUE,TRUE
IGK,IGKV,IGKV1-3Y5S*08,TRUE,FALSE,FALSE,FALSE,TRUE,FALSE,FALSE
IGK,IGKV,IGKV1-3Y5S*09,TRUE,TRUE,FALSE,FALSE,FALSE,FALSE,FALSE
IGK,IGKV,IGKV1-3Y5S*10,TRUE,TRUE,FALSE,FALSE,FALSE,FALSE,FALSE
IGK,IGKV,IGKV1-3Y5S*11,TRUE,FALSE,FALSE,FALSE,TRUE,FALSE,FALSE
IGK,IGKV,IGKV1-4H7U*01,FALSE,TRUE,TRUE,TRUE,TRUE,TRUE,TRUE
IGK,IGKV,IGKV1-4H7U*02,TRUE,TRUE,FALSE,TRUE,FALSE,FALSE,FALSE
IGK,IGKV,IGKV1-4H7U*03,TRUE,TRUE,FALSE,FALSE,TRUE,FALSE,FALSE
IGK,IGKV,IGKV1-4H7U*04,TRUE,TRUE,FALSE,FALSE,FALSE,FALSE,FALSE
IGK,IGKV,IGKV1-4H7U*05,TRUE,FALSE,FALSE,FALSE,TRUE,FALSE,FALSE
IGK,IGKV,IGKV1-4H7U*06,TRUE,TRUE,FALSE,FALSE,FALSE,FALSE,FALSE
IGK,IGKV,IGKV1-4H7U*07,FALSE,TRUE,TRUE,TRUE,TRUE,TRUE,TRUE
IGK,IGKV,IGKV1-4H7U*08,TRUE,FALSE,FALSE,TRUE,FALSE,FALSE,TRUE
IGK,IGKV,IGKV1-4H7U*09,TRUE,FALSE,FALSE,TRUE,FALSE,FALSE,FALSE
IGK,IGKV,IGKV1-65SI*01,FALSE,TRUE,TRUE,TRUE,TRUE,TRUE,TRUE
IGK,IGKV,IGKV1-65SI*02,TRUE,TRUE,FALSE,FALSE,FALSE,FALSE,FALSE
IGK,IGKV,IGKV1-65SI*03,TRUE,FALSE,FALSE,FALSE,TRUE,FALSE,FALSE
IGK,IGKV,IGKV1-65SI*04,TRUE,TRUE,TRUE,FALSE,TRUE,TRUE,FALSE
IGK,IGKV,IGKV1-65SI*05,TRUE,FALSE,FALSE,FALSE,FALSE,FALSE,TRUE
IGK,IGKV,IGKV1-65SI*06,TRUE,TRUE,FALSE,FALSE,FALSE,FALSE,FALSE
IGK,IGKV,IGKV1-65SI*07,TRUE,FALSE,FALSE,TRUE,FALSE,FALSE,FALSE
IGK,IGKV,IGKV1-65SI*08,TRUE,TRUE,FALSE,FALSE,FALSE,FALSE,FALSE
IGK,IGKV,IGKV1-65SI*09,FALSE,TRUE,TRUE,TRUE,TRUE,TRUE,TRUE
IGK,IGKV,IGKV1-65SI*10,TRUE,TRUE,FALSE,FALSE,FALSE,FALSE,FALSE
IGK,IGKV,IGKV1-65SI*11,TRUE,TRUE,FALSE,FALSE,FALSE,FALSE,FALSE
IGK,IGKV,IGKV1-BK4T*01,FALSE,TRUE,TRUE,TRUE,TRUE,TRUE,TRUE
IGK,IGKV,IGKV1-BK4T*02,TRUE,TRUE,FALSE,FALSE,FALSE,FALSE,TRUE
IGK,IGKV,IGKV1-BK4T*03,TRUE,TRUE,FALSE,FALSE,FALSE,FALSE,FALSE
IGK,IGKV,IGKV1-BK4T*04,FALSE,TRUE,TRUE,TRUE,TRUE,FALSE,FALSE
IGK,IGKV,IGKV1-BK4T*05,FALSE,TRUE,TRUE,TRUE,TRUE,TRUE,TRUE
IGK,IGKV,IGKV1-BK4T*06,TRUE,FALSE,FALSE,FALSE,TRUE,FALSE,FALSE
IGK,IGKV,IGKV1-BK4T*07,TRUE,FALSE,FALSE,TRUE,FALSE,FALSE,FALSE
IGK,IGKV,IGKV1-BK4T*08,TRUE,FALSE,FALSE,FALSE,FALSE,FALSE,TRUE
IGK,IGKV,IGKV1-BK4T*09,FALSE,TRUE,TRUE,TRUE,TRUE,TRUE,TRUE
IGK,IGKV,IGKV1-BK4T*10,FALSE,TRUE,TRUE,TRUE,TRUE,TRUE,TRUE
IGK,IGKV,IGKV1-BK4T*11,TRUE,FALSE,FALSE,FALSE,TRUE,FALSE,FALSE
IGK,IGKV,IGKV1-BK4T*12,TRUE,TRUE,TRUE,FALSE,TRUE,FALSE,FALSE
IGK,IGKV,IGKV1-BK4T*13,FALSE,TRUE,TRUE,TRUE,TRUE,TRUE,TRUE
IGK,IGKV,IGKV1-BK4T*14,TRUE,FALSE,FALSE,FALSE,TRUE,FALSE,FALSE
IGK,IGKV,IGKV1-BK4T*15,TRUE,FALSE,FALSE,FALSE,TRUE,FALSE,FALSE
IGK,IGKV,IGKV1-BK4T*16,TRUE,FALSE,FALSE,TRUE,FALSE,FALSE,FALSE
IGK,IGKV,IGKV1-BK4T*17,TRUE,FALSE,FALSE,TRUE,TRUE,FALSE,TRUE
IGK,IGKV,IGKV1-BK4T*18,TRUE,FALSE,FALSE,FALSE,FALSE,FALSE,TRUE
IGK,IGKV,IGKV1-BK4T*19,TRUE,FALSE,FALSE,FALSE,TRUE,FALSE,FALSE
IGK,IGKV,IGKV1-BK4T*20,TRUE,FALSE,FALSE,TRUE,FALSE,FALSE,FALSE
IGK,IGKV,IGKV1-BK4T*21,TRUE,TRUE,TRUE,TRUE,TRUE,TRUE,TRUE
IGK,IGKV,IGKV1-BK4T*22,TRUE,TRUE,FALSE,FALSE,FALSE,FALSE,FALSE
IGK,IGKV,IGKV1-BK4T*23,TRUE,FALSE,FALSE,FALSE,TRUE,FALSE,FALSE
IGK,IGKV,IGKV1-BKSL*01,FALSE,TRUE,TRUE,TRUE,TRUE,TRUE,TRUE
IGK,IGKV,IGKV1-BKSL*02,TRUE,TRUE,TRUE,TRUE,TRUE,TRUE,TRUE
IGK,IGKV,IGKV1-BKSL*03,TRUE,TRUE,FALSE,FALSE,TRUE,FALSE,FALSE
IGK,IGKV,IGKV1-BKSL*04,TRUE,FALSE,FALSE,FALSE,TRUE,FALSE,FALSE
IGK,IGKV,IGKV1-BKSL*05,FALSE,TRUE,TRUE,FALSE,TRUE,FALSE,FALSE
IGK,IGKV,IGKV1-BKSL*06,TRUE,TRUE,FALSE,FALSE,FALSE,FALSE,FALSE
IGK,IGKV,IGKV1-DFTS*01,FALSE,TRUE,TRUE,TRUE,TRUE,TRUE,TRUE
IGK,IGKV,IGKV1-DUWK*01,FALSE,TRUE,TRUE,TRUE,TRUE,TRUE,TRUE
IGK,IGKV,IGKV1-DUWK*02,TRUE,TRUE,FALSE,FALSE,FALSE,FALSE,FALSE
IGK,IGKV,IGKV1-DUWK*03,TRUE,TRUE,FALSE,FALSE,FALSE,FALSE,FALSE
IGK,IGKV,IGKV1-DUWK*04,FALSE,TRUE,TRUE,TRUE,TRUE,TRUE,TRUE
IGK,IGKV,IGKV1-DUWK*05,TRUE,TRUE,TRUE,FALSE,FALSE,FALSE,FALSE
IGK,IGKV,IGKV1-DUWK*06,TRUE,TRUE,FALSE,FALSE,FALSE,FALSE,FALSE
IGK,IGKV,IGKV1-DUWK*07,TRUE,FALSE,FALSE,FALSE,TRUE,FALSE,FALSE
IGK,IGKV,IGKV1-DUWK*08,TRUE,FALSE,FALSE,FALSE,FALSE,FALSE,TRUE
IGK,IGKV,IGKV1-DUWK*09,TRUE,FALSE,TRUE,FALSE,FALSE,FALSE,FALSE
IGK,IGKV,IGKV1-DUWK*10,FALSE,TRUE,TRUE,TRUE,TRUE,TRUE,TRUE
IGK,IGKV,IGKV1-FKL5*01,FALSE,TRUE,TRUE,TRUE,TRUE,TRUE,TRUE
IGK,IGKV,IGKV1-FKL5*02,TRUE,TRUE,FALSE,FALSE,FALSE,FALSE,FALSE
IGK,IGKV,IGKV1-FKL5*03,TRUE,TRUE,FALSE,FALSE,FALSE,FALSE,FALSE
IGK,IGKV,IGKV1-FKL5*04,TRUE,TRUE,FALSE,FALSE,FALSE,FALSE,FALSE
IGK,IGKV,IGKV1-FKL5*05,TRUE,FALSE,FALSE,FALSE,FALSE,FALSE,TRUE
IGK,IGKV,IGKV1-FKL5*06,TRUE,TRUE,FALSE,FALSE,FALSE,TRUE,FALSE
IGK,IGKV,IGKV1-FKL5*07,TRUE,FALSE,TRUE,FALSE,TRUE,FALSE,FALSE
IGK,IGKV,IGKV1-FKL5*08,TRUE,TRUE,TRUE,TRUE,TRUE,TRUE,TRUE
IGK,IGKV,IGKV1-FKL5*09,TRUE,TRUE,TRUE,FALSE,TRUE,FALSE,TRUE
IGK,IGKV,IGKV1-FKL5*10,TRUE,FALSE,TRUE,FALSE,FALSE,FALSE,FALSE
IGK,IGKV,IGKV1-FKL5*11,TRUE,TRUE,FALSE,FALSE,TRUE,FALSE,FALSE
IGK,IGKV,IGKV1-FKL5*12,FALSE,TRUE,TRUE,TRUE,TRUE,TRUE,TRUE
IGK,IGKV,IGKV1-FKL5*13,TRUE,TRUE,FALSE,FALSE,FALSE,FALSE,FALSE
IGK,IGKV,IGKV1-FKL5*14,TRUE,TRUE,FALSE,FALSE,FALSE,FALSE,FALSE
IGK,IGKV,IGKV1-FKL5*15,TRUE,FALSE,FALSE,FALSE,TRUE,FALSE,FALSE
IGK,IGKV,IGKV1-FKL5*16,TRUE,FALSE,FALSE,FALSE,TRUE,FALSE,FALSE
IGK,IGKV,IGKV1-FKL5*17,TRUE,TRUE,FALSE,FALSE,FALSE,FALSE,FALSE
IGK,IGKV,IGKV1-JQUW*01,FALSE,TRUE,TRUE,TRUE,TRUE,TRUE,TRUE
IGK,IGKV,IGKV1-JQUW*02,TRUE,TRUE,FALSE,FALSE,FALSE,FALSE,FALSE
IGK,IGKV,IGKV1-JQUW*03,TRUE,FALSE,FALSE,FALSE,TRUE,FALSE,FALSE
IGK,IGKV,IGKV1-JQUW*04,TRUE,TRUE,TRUE,FALSE,FALSE,FALSE,FALSE
IGK,IGKV,IGKV1-JQUW*05,FALSE,TRUE,TRUE,TRUE,TRUE,TRUE,TRUE
IGK,IGKV,IGKV1-JQUW*06,TRUE,TRUE,TRUE,FALSE,FALSE,FALSE,TRUE
IGK,IGKV,IGKV1-L65H*01,FALSE,TRUE,TRUE,TRUE,TRUE,TRUE,TRUE
IGK,IGKV,IGKV1-L65H*02,TRUE,FALSE,FALSE,TRUE,FALSE,FALSE,FALSE
IGK,IGKV,IGKV1-L65H*03,TRUE,TRUE,FALSE,FALSE,FALSE,FALSE,FALSE
IGK,IGKV,IGKV1-L65H*04,TRUE,FALSE,FALSE,TRUE,FALSE,FALSE,FALSE
IGK,IGKV,IGKV1-L65H*05,TRUE,TRUE,TRUE,TRUE,TRUE,TRUE,TRUE
IGK,IGKV,IGKV1-L65H*06,FALSE,TRUE,TRUE,TRUE,TRUE,TRUE,TRUE
IGK,IGKV,IGKV1-L65H*07,TRUE,FALSE,TRUE,FALSE,FALSE,FALSE,FALSE
IGK,IGKV,IGKV1-L65H*08,TRUE,FALSE,FALSE,FALSE,TRUE,FALSE,FALSE
IGK,IGKV,IGKV1-MK7N*01,TRUE,FALSE,TRUE,FALSE,FALSE,FALSE,FALSE
IGK,IGKV,IGKV1-NOS4*01,FALSE,TRUE,TRUE,TRUE,TRUE,TRUE,TRUE
IGK,IGKV,IGKV1-NOS4*02,TRUE,TRUE,TRUE,FALSE,TRUE,TRUE,TRUE
IGK,IGKV,IGKV1-NOS4*03,TRUE,TRUE,FALSE,FALSE,FALSE,FALSE,FALSE
IGK,IGKV,IGKV1-NOS4*04,TRUE,FALSE,TRUE,FALSE,FALSE,FALSE,FALSE
IGK,IGKV,IGKV1-NOS4*05,TRUE,TRUE,TRUE,FALSE,TRUE,FALSE,FALSE
IGK,IGKV,IGKV1-NOS4*06,TRUE,TRUE,FALSE,FALSE,FALSE,FALSE,FALSE
IGK,IGKV,IGKV1-NOS4*07,TRUE,TRUE,FALSE,FALSE,FALSE,FALSE,FALSE
IGK,IGKV,IGKV1-OC5J*01,FALSE,TRUE,TRUE,TRUE,TRUE,TRUE,TRUE
IGK,IGKV,IGKV1-OC5J*02,TRUE,FALSE,FALSE,FALSE,TRUE,FALSE,FALSE
IGK,IGKV,IGKV1-OC5J*03,TRUE,TRUE,FALSE,FALSE,FALSE,FALSE,FALSE
IGK,IGKV,IGKV1-OC5J*04,TRUE,FALSE,TRUE,FALSE,FALSE,FALSE,FALSE
IGK,IGKV,IGKV1-OC5J*05,TRUE,TRUE,FALSE,FALSE,FALSE,FALSE,FALSE
IGK,IGKV,IGKV1-OC5J*06,TRUE,FALSE,FALSE,FALSE,FALSE,FALSE,TRUE
IGK,IGKV,IGKV1-OC5J*07,TRUE,FALSE,FALSE,FALSE,TRUE,FALSE,FALSE
IGK,IGKV,IGKV1-OC5J*08,TRUE,TRUE,TRUE,TRUE,TRUE,FALSE,FALSE
IGK,IGKV,IGKV1-U5SM*01,TRUE,FALSE,TRUE,FALSE,FALSE,FALSE,FALSE
IGK,IGKV,IGKV1-X533*01,FALSE,TRUE,TRUE,TRUE,TRUE,TRUE,TRUE
IGK,IGKV,IGKV1-X533*02,TRUE,TRUE,FALSE,FALSE,FALSE,FALSE,FALSE
IGK,IGKV,IGKV1-X533*03,TRUE,FALSE,FALSE,FALSE,TRUE,FALSE,FALSE
IGK,IGKV,IGKV1-X533*04,TRUE,FALSE,FALSE,FALSE,TRUE,FALSE,FALSE
IGK,IGKV,IGKV1-X533*05,TRUE,FALSE,TRUE,FALSE,FALSE,FALSE,FALSE
IGK,IGKV,IGKV1-X533*06,TRUE,FALSE,FALSE,TRUE,FALSE,FALSE,FALSE
IGK,IGKV,IGKV1-X533*07,TRUE,TRUE,FALSE,FALSE,TRUE,TRUE,FALSE
IGK,IGKV,IGKV1-X533*08,TRUE,TRUE,FALSE,FALSE,FALSE,FALSE,FALSE
IGK,IGKV,IGKV1-X533*09,TRUE,TRUE,FALSE,FALSE,FALSE,FALSE,FALSE
IGK,IGKV,IGKV2-A3RK*01,FALSE,TRUE,TRUE,TRUE,TRUE,TRUE,TRUE
IGK,IGKV,IGKV2-A3RK*02,TRUE,TRUE,FALSE,FALSE,FALSE,FALSE,FALSE
IGK,IGKV,IGKV2-A3RK*03,TRUE,TRUE,FALSE,FALSE,FALSE,FALSE,FALSE
IGK,IGKV,IGKV2-A3RK*04,TRUE,TRUE,FALSE,FALSE,FALSE,FALSE,FALSE
IGK,IGKV,IGKV2-A3RK*07,TRUE,TRUE,FALSE,FALSE,FALSE,FALSE,FALSE
IGK,IGKV,IGKV2-A3RK*08,FALSE,TRUE,TRUE,TRUE,TRUE,TRUE,TRUE
IGK,IGKV,IGKV2-A3RK*09,TRUE,TRUE,FALSE,FALSE,FALSE,FALSE,FALSE
IGK,IGKV,IGKV2-A3RK*10,TRUE,TRUE,TRUE,FALSE,TRUE,FALSE,FALSE
IGK,IGKV,IGKV2-BQEN*01,FALSE,TRUE,TRUE,TRUE,TRUE,TRUE,TRUE
IGK,IGKV,IGKV2-BQEN*02,FALSE,TRUE,TRUE,TRUE,TRUE,TRUE,TRUE
IGK,IGKV,IGKV2-BQEN*03,TRUE,TRUE,TRUE,FALSE,FALSE,TRUE,FALSE
IGK,IGKV,IGKV2-BQEN*04,FALSE,TRUE,TRUE,TRUE,TRUE,TRUE,TRUE
IGK,IGKV,IGKV2-BQEN*05,TRUE,FALSE,FALSE,TRUE,FALSE,FALSE,FALSE
IGK,IGKV,IGKV2-BQEN*06,TRUE,FALSE,FALSE,TRUE,TRUE,FALSE,TRUE
IGK,IGKV,IGKV2-BQEN*07,TRUE,TRUE,FALSE,FALSE,FALSE,FALSE,FALSE
IGK,IGKV,IGKV2-BQEN*08,TRUE,FALSE,FALSE,TRUE,FALSE,FALSE,FALSE
IGK,IGKV,IGKV2-BQEN*09,TRUE,FALSE,FALSE,FALSE,FALSE,FALSE,TRUE
IGK,IGKV,IGKV2-BQEN*10,TRUE,TRUE,FALSE,FALSE,TRUE,FALSE,FALSE
IGK,IGKV,IGKV2-BQEN*11,TRUE,FALSE,FALSE,FALSE,FALSE,FALSE,TRUE
IGK,IGKV,IGKV2-CGHO*01,FALSE,TRUE,TRUE,TRUE,TRUE,TRUE,TRUE
IGK,IGKV,IGKV2-CGHO*03,TRUE,TRUE,TRUE,FALSE,TRUE,FALSE,TRUE
IGK,IGKV,IGKV2-CGHO*04,TRUE,TRUE,FALSE,FALSE,FALSE,FALSE,FALSE
IGK,IGKV,IGKV2-CGHO*05,FALSE,TRUE,TRUE,TRUE,TRUE,TRUE,TRUE
IGK,IGKV,IGKV2-CGHO*06,TRUE,FALSE,FALSE,TRUE,FALSE,FALSE,FALSE
IGK,IGKV,IGKV2-CGHO*07,TRUE,FALSE,FALSE,TRUE,FALSE,FALSE,FALSE
IGK,IGKV,IGKV2-CGHO*08,TRUE,TRUE,FALSE,FALSE,TRUE,FALSE,FALSE
IGK,IGKV,IGKV2-CGHO*09,FALSE,TRUE,TRUE,TRUE,TRUE,TRUE,TRUE
IGK,IGKV,IGKV2-CGHO*10,TRUE,TRUE,FALSE,FALSE,FALSE,FALSE,FALSE
IGK,IGKV,IGKV2-CGHO*11,TRUE,TRUE,FALSE,FALSE,FALSE,FALSE,FALSE
IGK,IGKV,IGKV2-CGHO*12,TRUE,TRUE,FALSE,FALSE,FALSE,FALSE,FALSE
IGK,IGKV,IGKV2-CGHO*13,TRUE,TRUE,FALSE,FALSE,FALSE,FALSE,FALSE
IGK,IGKV,IGKV2-G2PE*01,FALSE,TRUE,TRUE,TRUE,TRUE,TRUE,TRUE
IGK,IGKV,IGKV2-G2PE*02,TRUE,FALSE,TRUE,FALSE,TRUE,FALSE,TRUE
IGK,IGKV,IGKV2-G2PE*03,TRUE,FALSE,FALSE,FALSE,FALSE,FALSE,TRUE
IGK,IGKV,IGKV2-G2PE*04,TRUE,TRUE,FALSE,FALSE,FALSE,FALSE,FALSE
IGK,IGKV,IGKV2-G2PE*05,TRUE,TRUE,TRUE,FALSE,FALSE,FALSE,TRUE
IGK,IGKV,IGKV2-G2PE*06,TRUE,TRUE,TRUE,FALSE,TRUE,FALSE,TRUE
IGK,IGKV,IGKV2-G2PE*07,TRUE,TRUE,TRUE,TRUE,TRUE,TRUE,TRUE
IGK,IGKV,IGKV2-G2PE*08,TRUE,TRUE,TRUE,FALSE,TRUE,TRUE,FALSE
IGK,IGKV,IGKV2-G2PE*09,TRUE,FALSE,FALSE,FALSE,FALSE,FALSE,TRUE
IGK,IGKV,IGKV2-G2PE*10,TRUE,TRUE,TRUE,FALSE,TRUE,FALSE,TRUE
IGK,IGKV,IGKV2-PKSK*01,FALSE,TRUE,TRUE,TRUE,TRUE,TRUE,TRUE
IGK,IGKV,IGKV2-PKSK*02,TRUE,FALSE,FALSE,FALSE,TRUE,FALSE,FALSE
IGK,IGKV,IGKV2-PKSK*03,TRUE,FALSE,FALSE,FALSE,TRUE,FALSE,FALSE
IGK,IGKV,IGKV2-PKSK*04,TRUE,FALSE,FALSE,FALSE,FALSE,FALSE,TRUE
IGK,IGKV,IGKV2-PKSK*05,TRUE,TRUE,TRUE,TRUE,TRUE,TRUE,TRUE
IGK,IGKV,IGKV2-PKSK*06,TRUE,TRUE,FALSE,FALSE,FALSE,FALSE,FALSE
IGK,IGKV,IGKV2-PKSK*07,TRUE,TRUE,TRUE,FALSE,TRUE,FALSE,FALSE
IGK,IGKV,IGKV2-PKSK*08,TRUE,FALSE,FALSE,FALSE,FALSE,FALSE,TRUE
IGK,IGKV,IGKV2-PKSK*09,TRUE,FALSE,TRUE,FALSE,TRUE,FALSE,FALSE
IGK,IGKV,IGKV2-Q442*01,FALSE,TRUE,TRUE,TRUE,TRUE,TRUE,TRUE
IGK,IGKV,IGKV2-Q442*02,TRUE,FALSE,FALSE,FALSE,FALSE,FALSE,TRUE
IGK,IGKV,IGKV2-Q442*03,TRUE,FALSE,FALSE,FALSE,TRUE,FALSE,FALSE
IGK,IGKV,IGKV2-Q442*04,TRUE,TRUE,FALSE,FALSE,FALSE,FALSE,FALSE
IGK,IGKV,IGKV2-Q442*05,TRUE,TRUE,TRUE,TRUE,TRUE,TRUE,TRUE
IGK,IGKV,IGKV2-Q442*06,TRUE,FALSE,TRUE,TRUE,TRUE,TRUE,TRUE
IGK,IGKV,IGKV2-Q442*07,TRUE,FALSE,FALSE,FALSE,FALSE,FALSE,TRUE
IGK,IGKV,IGKV2-Q442*08,TRUE,FALSE,FALSE,TRUE,FALSE,FALSE,FALSE
IGK,IGKV,IGKV3-5E6W*01,FALSE,TRUE,TRUE,TRUE,TRUE,TRUE,TRUE
IGK,IGKV,IGKV3-5E6W*02,TRUE,TRUE,FALSE,FALSE,FALSE,FALSE,FALSE
IGK,IGKV,IGKV3-5E6W*03,TRUE,TRUE,FALSE,FALSE,FALSE,FALSE,FALSE
IGK,IGKV,IGKV3-5E6W*04,TRUE,TRUE,FALSE,FALSE,FALSE,FALSE,FALSE
IGK,IGKV,IGKV3-5E6W*05,TRUE,FALSE,FALSE,TRUE,FALSE,FALSE,FALSE
IGK,IGKV,IGKV3-5E6W*06,TRUE,FALSE,TRUE,FALSE,FALSE,FALSE,FALSE
IGK,IGKV,IGKV3-5E6W*07,FALSE,TRUE,TRUE,TRUE,TRUE,TRUE,TRUE
IGK,IGKV,IGKV3-5E6W*08,TRUE,TRUE,FALSE,FALSE,FALSE,FALSE,FALSE
IGK,IGKV,IGKV3-5E6W*09,TRUE,TRUE,FALSE,FALSE,FALSE,FALSE,FALSE
IGK,IGKV,IGKV3-5E6W*10,TRUE,FALSE,TRUE,FALSE,FALSE,FALSE,FALSE
IGK,IGKV,IGKV3-5E6W*11,TRUE,TRUE,FALSE,TRUE,FALSE,FALSE,TRUE
IGK,IGKV,IGKV3-5E6W*12,TRUE,TRUE,FALSE,FALSE,FALSE,FALSE,FALSE
IGK,IGKV,IGKV3-5E6W*13,TRUE,TRUE,TRUE,FALSE,TRUE,FALSE,FALSE
IGK,IGKV,IGKV3-5E6W*14,TRUE,FALSE,FALSE,FALSE,TRUE,FALSE,FALSE
IGK,IGKV,IGKV3-5E6W*15,FALSE,TRUE,TRUE,TRUE,TRUE,TRUE,TRUE
IGK,IGKV,IGKV3-5E6W*16,TRUE,FALSE,FALSE,FALSE,TRUE,FALSE,FALSE
IGK,IGKV,IGKV3-5E6W*17,TRUE,FALSE,TRUE,TRUE,FALSE,FALSE,FALSE
IGK,IGKV,IGKV3-5E6W*18,TRUE,FALSE,FALSE,FALSE,FALSE,FALSE,TRUE
IGK,IGKV,IGKV3-5E6W*19,TRUE,FALSE,FALSE,TRUE,FALSE,FALSE,FALSE
IGK,IGKV,IGKV3-AE3X*01,FALSE,TRUE,TRUE,TRUE,TRUE,TRUE,TRUE
IGK,IGKV,IGKV3-AE3X*02,TRUE,TRUE,TRUE,TRUE,TRUE,FALSE,TRUE
IGK,IGKV,IGKV3-AE3X*03,TRUE,TRUE,TRUE,FALSE,TRUE,TRUE,TRUE
IGK,IGKV,IGKV3-AE3X*04,TRUE,TRUE,TRUE,TRUE,TRUE,TRUE,TRUE
IGK,IGKV,IGKV3-AE3X*05,TRUE,FALSE,FALSE,FALSE,TRUE,FALSE,TRUE
IGK,IGKV,IGKV3-AE3X*06,TRUE,FALSE,FALSE,TRUE,FALSE,FALSE,FALSE
IGK,IGKV,IGKV3-AE3X*07,FALSE,TRUE,TRUE,TRUE,TRUE,TRUE,TRUE
IGK,IGKV,IGKV3-AE3X*08,TRUE,FALSE,FALSE,FALSE,TRUE,FALSE,FALSE
IGK,IGKV,IGKV3-AE3X*09,TRUE,FALSE,TRUE,FALSE,TRUE,FALSE,TRUE
IGK,IGKV,IGKV3-AE3X*10,TRUE,FALSE,FALSE,FALSE,FALSE,FALSE,TRUE
IGK,IGKV,IGKV3-AE3X*11,TRUE,TRUE,TRUE,FALSE,TRUE,FALSE,TRUE
IGK,IGKV,IGKV3-AE3X*12,TRUE,FALSE,TRUE,FALSE,TRUE,FALSE,FALSE
IGK,IGKV,IGKV3-AE3X*13,TRUE,TRUE,TRUE,FALSE,FALSE,FALSE,TRUE
IGK,IGKV,IGKV3-AE3X*14,TRUE,TRUE,FALSE,FALSE,TRUE,FALSE,FALSE
IGK,IGKV,IGKV3-AE3X*15,TRUE,TRUE,FALSE,FALSE,FALSE,FALSE,FALSE
IGK,IGKV,IGKV3-AE3X*16,TRUE,TRUE,FALSE,FALSE,FALSE,FALSE,FALSE
IGK,IGKV,IGKV3-AE3X*17,TRUE,TRUE,FALSE,FALSE,FALSE,TRUE,FALSE
IGK,IGKV,IGKV3-AE3X*18,FALSE,TRUE,TRUE,TRUE,TRUE,TRUE,TRUE
IGK,IGKV,IGKV3-AE3X*19,TRUE,FALSE,FALSE,TRUE,FALSE,FALSE,FALSE
IGK,IGKV,IGKV3-AE3X*20,TRUE,TRUE,FALSE,FALSE,FALSE,FALSE,FALSE
IGK,IGKV,IGKV3-AE3X*21,TRUE,TRUE,FALSE,FALSE,FALSE,FALSE,FALSE
IGK,IGKV,IGKV3-AO4Z*01,FALSE,TRUE,TRUE,TRUE,TRUE,TRUE,TRUE
IGK,IGKV,IGKV3-AO4Z*02,TRUE,FALSE,TRUE,FALSE,TRUE,FALSE,FALSE
IGK,IGKV,IGKV3-AO4Z*03,TRUE,FALSE,TRUE,FALSE,TRUE,FALSE,TRUE
IGK,IGKV,IGKV3-AO4Z*04,TRUE,TRUE,FALSE,FALSE,FALSE,FALSE,FALSE
IGK,IGKV,IGKV3-AO4Z*05,FALSE,TRUE,TRUE,TRUE,TRUE,TRUE,TRUE
IGK,IGKV,IGKV3-AO4Z*06,TRUE,FALSE,FALSE,TRUE,FALSE,FALSE,FALSE
IGK,IGKV,IGKV3-AO4Z*07,TRUE,FALSE,FALSE,FALSE,TRUE,FALSE,FALSE
IGK,IGKV,IGKV3-AO4Z*08,TRUE,TRUE,FALSE,FALSE,FALSE,FALSE,FALSE
IGK,IGKV,IGKV3-AO4Z*09,TRUE,TRUE,TRUE,FALSE,FALSE,FALSE,FALSE
IGK,IGKV,IGKV3-AO4Z*10,TRUE,TRUE,TRUE,TRUE,TRUE,TRUE,TRUE
IGK,IGKV,IGKV3-AO4Z*11,TRUE,TRUE,FALSE,FALSE,FALSE,FALSE,FALSE
IGK,IGKV,IGKV3-AO4Z*12,TRUE,TRUE,TRUE,FALSE,FALSE,FALSE,FALSE
IGK,IGKV,IGKV3-AO4Z*13,TRUE,TRUE,FALSE,FALSE,TRUE,FALSE,FALSE
IGK,IGKV,IGKV3-AO4Z*14,TRUE,TRUE,FALSE,FALSE,FALSE,FALSE,FALSE
IGK,IGKV,IGKV3-AO4Z*15,TRUE,TRUE,TRUE,FALSE,TRUE,FALSE,FALSE
IGK,IGKV,IGKV3-AO4Z*16,TRUE,TRUE,FALSE,FALSE,FALSE,FALSE,FALSE
IGK,IGKV,IGKV3-CCX7*01,FALSE,TRUE,TRUE,TRUE,TRUE,TRUE,TRUE
IGK,IGKV,IGKV3-CCX7*02,TRUE,FALSE,TRUE,FALSE,FALSE,FALSE,FALSE
IGK,IGKV,IGKV3-CCX7*03,TRUE,TRUE,TRUE,FALSE,TRUE,FALSE,FALSE
IGK,IGKV,IGKV3-CCX7*04,TRUE,TRUE,FALSE,FALSE,FALSE,FALSE,FALSE
IGK,IGKV,IGKV3-CCX7*05,FALSE,TRUE,TRUE,TRUE,TRUE,TRUE,TRUE
IGK,IGKV,IGKV3-CCX7*06,TRUE,TRUE,FALSE,FALSE,FALSE,FALSE,FALSE
IGK,IGKV,IGKV3-CCX7*07,TRUE,TRUE,TRUE,FALSE,TRUE,FALSE,FALSE
IGK,IGKV,IGKV3-CCX7*08,TRUE,FALSE,FALSE,FALSE,FALSE,FALSE,TRUE
IGK,IGKV,IGKV3-CCX7*09,TRUE,FALSE,FALSE,FALSE,TRUE,FALSE,FALSE
IGK,IGKV,IGKV3-CCX7*10,TRUE,FALSE,FALSE,TRUE,FALSE,FALSE,FALSE
IGK,IGKV,IGKV3-CCX7*11,TRUE,TRUE,FALSE,FALSE,FALSE,FALSE,FALSE
IGK,IGKV,IGKV4-HIV4*01,FALSE,TRUE,TRUE,TRUE,TRUE,TRUE,TRUE
IGK,IGKV,IGKV4-HIV4*02,TRUE,TRUE,FALSE,FALSE,FALSE,FALSE,FALSE
IGK,IGKV,IGKV4-HIV4*03,FALSE,TRUE,TRUE,TRUE,TRUE,TRUE,TRUE
IGK,IGKV,IGKV4-HIV4*04,TRUE,FALSE,FALSE,FALSE,TRUE,FALSE,FALSE
IGK,IGKV,IGKV4-HIV4*05,TRUE,FALSE,FALSE,FALSE,TRUE,FALSE,FALSE
IGK,IGKV,IGKV4-HIV4*06,TRUE,FALSE,TRUE,FALSE,FALSE,FALSE,FALSE
IGK,IGKV,IGKV4-HIV4*07,TRUE,TRUE,FALSE,FALSE,FALSE,FALSE,FALSE
IGK,IGKV,IGKV4-HIV4*08,TRUE,FALSE,TRUE,FALSE,FALSE,FALSE,FALSE
IGK,IGKV,IGKV4-HIV4*09,TRUE,FALSE,TRUE,FALSE,FALSE,FALSE,FALSE
IGK,IGKV,IGKV4-HIV4*10,TRUE,FALSE,FALSE,FALSE,FALSE,FALSE,TRUE
IGK,IGKV,IGKV4-HIV4*11,TRUE,TRUE,FALSE,FALSE,FALSE,FALSE,FALSE
IGK,IGKV,IGKV4-HIV4*12,TRUE,TRUE,TRUE,FALSE,TRUE,FALSE,TRUE
IGK,IGKV,IGKV5-RLLS*01,FALSE,TRUE,TRUE,TRUE,TRUE,TRUE,TRUE
IGK,IGKV,IGKV5-RLLS*02,TRUE,FALSE,FALSE,TRUE,FALSE,FALSE,FALSE
IGK,IGKV,IGKV5-RLLS*03,TRUE,FALSE,TRUE,TRUE,TRUE,FALSE,TRUE
IGK,IGKV,IGKV5-RLLS*04,FALSE,TRUE,TRUE,TRUE,TRUE,TRUE,TRUE
IGK,IGKV,IGKV6-FFUB*01,FALSE,TRUE,TRUE,TRUE,TRUE,TRUE,TRUE
IGK,IGKV,IGKV6-FFUB*02,TRUE,FALSE,FALSE,TRUE,FALSE,FALSE,FALSE
IGK,IGKV,IGKV6-FFUB*03,TRUE,FALSE,FALSE,TRUE,FALSE,FALSE,FALSE
IGK,IGKV,IGKV6-FFUB*04,TRUE,TRUE,FALSE,FALSE,FALSE,FALSE,FALSE
IGK,IGKV,IGKV6-FFUB*05,TRUE,TRUE,FALSE,FALSE,TRUE,FALSE,FALSE
IGK,IGKV,IGKV6-FFUB*06,FALSE,TRUE,TRUE,TRUE,TRUE,TRUE,TRUE
IGK,IGKV,IGKV6-FFUB*07,TRUE,TRUE,TRUE,TRUE,TRUE,TRUE,TRUE
IGK,IGKV,IGKV6-FFUB*08,FALSE,TRUE,TRUE,TRUE,TRUE,TRUE,TRUE
IGK,IGKV,IGKV6-FFUB*09,TRUE,TRUE,FALSE,FALSE,FALSE,FALSE,FALSE
IGK,IGKV,IGKV6-FFUB*10,TRUE,FALSE,FALSE,TRUE,FALSE,FALSE,FALSE
IGK,IGKV,IGKV6-GFDV*01,FALSE,TRUE,TRUE,TRUE,TRUE,TRUE,TRUE
IGK,IGKV,IGKV6-GFDV*02,TRUE,TRUE,TRUE,FALSE,FALSE,TRUE,FALSE
IGL,IGLJ,IGLJ1-Q3GE*01,FALSE,TRUE,TRUE,TRUE,TRUE,TRUE,TRUE
IGL,IGLJ,IGLJ2-32ZQ*05,TRUE,FALSE,FALSE,FALSE,FALSE,FALSE,TRUE
IGL,IGLJ,IGLJ2-32ZQ*06,TRUE,FALSE,FALSE,FALSE,TRUE,FALSE,FALSE
IGL,IGLJ,IGLJ2-32ZQ*07,TRUE,FALSE,FALSE,FALSE,FALSE,FALSE,TRUE
IGL,IGLJ,IGLJ2-Z2XT*01,TRUE,TRUE,TRUE,TRUE,TRUE,TRUE,TRUE
IGL,IGLJ,IGLJ2/3-32ZQ*01,FALSE,TRUE,TRUE,TRUE,TRUE,TRUE,TRUE
IGL,IGLJ,IGLJ2/3-32ZQ*04,FALSE,TRUE,TRUE,TRUE,TRUE,TRUE,TRUE
IGL,IGLJ,IGLJ3-32ZQ*02,TRUE,TRUE,FALSE,TRUE,FALSE,FALSE,FALSE
IGL,IGLJ,IGLJ3-32ZQ*03,TRUE,TRUE,FALSE,FALSE,FALSE,FALSE,FALSE
IGL,IGLJ,IGLJ4-6NHQ*01,FALSE,TRUE,TRUE,TRUE,TRUE,TRUE,TRUE
IGL,IGLJ,IGLJ5-4BQL*01,FALSE,TRUE,TRUE,TRUE,TRUE,FALSE,TRUE
IGL,IGLJ,IGLJ5-4BQL*02,FALSE,TRUE,TRUE,TRUE,TRUE,TRUE,TRUE
IGL,IGLJ,IGLJ5-4BQL*03,TRUE,TRUE,FALSE,FALSE,FALSE,FALSE,FALSE
IGL,IGLJ,IGLJ6-PJ6F*01,FALSE,TRUE,TRUE,TRUE,TRUE,TRUE,TRUE
IGL,IGLJ,IGLJ7-BG5J*01,FALSE,TRUE,TRUE,TRUE,TRUE,FALSE,TRUE
IGL,IGLJ,IGLJ7-BG5J*02,FALSE,TRUE,TRUE,TRUE,TRUE,TRUE,TRUE
IGL,IGLJ,IGLJ7-BG5J*03,TRUE,TRUE,FALSE,FALSE,FALSE,FALSE,FALSE
IGL,IGLJ,IGLJ7-BG5J*04,TRUE,TRUE,FALSE,FALSE,FALSE,FALSE,FALSE
IGL,IGLV,IGLV1-2N7T*02,FALSE,TRUE,TRUE,TRUE,TRUE,TRUE,TRUE
IGL,IGLV,IGLV1-2N7T*03,TRUE,TRUE,TRUE,FALSE,FALSE,TRUE,FALSE
IGL,IGLV,IGLV1-2N7T*04,TRUE,FALSE,FALSE,FALSE,TRUE,FALSE,FALSE
IGL,IGLV,IGLV1-2N7T*05,TRUE,TRUE,TRUE,TRUE,TRUE,FALSE,TRUE
IGL,IGLV,IGLV1-2N7T*06,TRUE,TRUE,TRUE,TRUE,TRUE,FALSE,TRUE
IGL,IGLV,IGLV1-2N7T*07,TRUE,FALSE,TRUE,FALSE,FALSE,FALSE,FALSE
IGL,IGLV,IGLV1-3LR7*01,FALSE,TRUE,TRUE,TRUE,TRUE,TRUE,TRUE
IGL,IGLV,IGLV1-3LR7*02,TRUE,FALSE,FALSE,FALSE,FALSE,FALSE,TRUE
IGL,IGLV,IGLV1-3LR7*03,TRUE,TRUE,TRUE,FALSE,TRUE,FALSE,FALSE
IGL,IGLV,IGLV1-3LR7*04,TRUE,TRUE,FALSE,FALSE,FALSE,FALSE,FALSE
IGL,IGLV,IGLV1-3LR7*05,TRUE,FALSE,TRUE,FALSE,TRUE,FALSE,FALSE
IGL,IGLV,IGLV1-3LR7*06,FALSE,TRUE,TRUE,TRUE,TRUE,TRUE,TRUE
IGL,IGLV,IGLV1-3LR7*07,TRUE,TRUE,TRUE,FALSE,FALSE,FALSE,FALSE
IGL,IGLV,IGLV1-3LR7*08,TRUE,TRUE,TRUE,TRUE,FALSE,FALSE,TRUE
IGL,IGLV,IGLV1-3LR7*09,TRUE,TRUE,FALSE,FALSE,FALSE,FALSE,FALSE
IGL,IGLV,IGLV1-3LR7*10,TRUE,FALSE,FALSE,FALSE,FALSE,FALSE,TRUE
IGL,IGLV,IGLV1-7GPM*01,FALSE,TRUE,TRUE,TRUE,TRUE,TRUE,TRUE
IGL,IGLV,IGLV1-7GPM*02,TRUE,TRUE,FALSE,FALSE,FALSE,FALSE,FALSE
IGL,IGLV,IGLV1-7GPM*03,TRUE,FALSE,FALSE,TRUE,FALSE,FALSE,FALSE
IGL,IGLV,IGLV1-7GPM*04,TRUE,TRUE,FALSE,TRUE,TRUE,FALSE,FALSE
IGL,IGLV,IGLV1-7GPM*05,TRUE,TRUE,TRUE,FALSE,TRUE,FALSE,TRUE
IGL,IGLV,IGLV1-7GPM*06,TRUE,TRUE,FALSE,FALSE,FALSE,FALSE,FALSE
IGL,IGLV,IGLV1-7GPM*07,TRUE,TRUE,FALSE,FALSE,FALSE,FALSE,FALSE
IGL,IGLV,IGLV1-7GPM*08,TRUE,FALSE,FALSE,FALSE,FALSE,FALSE,TRUE
IGL,IGLV,IGLV1-7GPM*10,FALSE,FALSE,FALSE,FALSE,TRUE,FALSE,FALSE
IGL,IGLV,IGLV1-7GPM*11,FALSE,TRUE,TRUE,TRUE,TRUE,TRUE,TRUE
IGL,IGLV,IGLV1-7GPM*12,TRUE,FALSE,FALSE,FALSE,FALSE,FALSE,TRUE
IGL,IGLV,IGLV1-7GPM*13,TRUE,FALSE,TRUE,FALSE,FALSE,FALSE,FALSE
IGL,IGLV,IGLV1-7GPM*14,TRUE,TRUE,FALSE,FALSE,FALSE,FALSE,FALSE
IGL,IGLV,IGLV1-7GPM*15,TRUE,TRUE,FALSE,FALSE,FALSE,FALSE,FALSE
IGL,IGLV,IGLV1-7GPM*16,TRUE,TRUE,FALSE,FALSE,FALSE,FALSE,TRUE
IGL,IGLV,IGLV1-7GPM*17,TRUE,TRUE,TRUE,FALSE,TRUE,FALSE,TRUE
IGL,IGLV,IGLV1-7GPM*18,TRUE,TRUE,FALSE,FALSE,FALSE,FALSE,FALSE
IGL,IGLV,IGLV1-7GPM*19,FALSE,TRUE,TRUE,TRUE,TRUE,TRUE,TRUE
IGL,IGLV,IGLV1-7GPM*20,TRUE,FALSE,FALSE,FALSE,TRUE,FALSE,TRUE
IGL,IGLV,IGLV1-7GPM*21,TRUE,FALSE,FALSE,FALSE,FALSE,FALSE,TRUE
IGL,IGLV,IGLV1-F7S3*01,FALSE,TRUE,TRUE,TRUE,TRUE,TRUE,TRUE
IGL,IGLV,IGLV1-F7S3*02,TRUE,TRUE,FALSE,FALSE,FALSE,TRUE,FALSE
IGL,IGLV,IGLV1-F7S3*03,TRUE,TRUE,TRUE,FALSE,FALSE,FALSE,FALSE
IGL,IGLV,IGLV1-F7S3*04,TRUE,FALSE,TRUE,FALSE,TRUE,FALSE,FALSE
IGL,IGLV,IGLV1-F7S3*05,TRUE,TRUE,TRUE,FALSE,FALSE,FALSE,TRUE
IGL,IGLV,IGLV1-F7S3*06,TRUE,FALSE,TRUE,FALSE,TRUE,FALSE,FALSE
IGL,IGLV,IGLV1-F7S3*07,TRUE,FALSE,TRUE,FALSE,FALSE,FALSE,FALSE
IGL,IGLV,IGLV1-F7S3*08,FALSE,TRUE,TRUE,TRUE,TRUE,TRUE,TRUE
IGL,IGLV,IGLV1-I7TN*01,FALSE,TRUE,TRUE,TRUE,TRUE,TRUE,TRUE
IGL,IGLV,IGLV1-I7TN*02,TRUE,FALSE,FALSE,FALSE,TRUE,FALSE,FALSE
IGL,IGLV,IGLV1-I7TN*03,TRUE,FALSE,FALSE,TRUE,FALSE,FALSE,FALSE
IGL,IGLV,IGLV1-I7TN*04,TRUE,FALSE,TRUE,FALSE,FALSE,FALSE,FALSE
IGL,IGLV,IGLV1-I7TN*05,TRUE,TRUE,FALSE,FALSE,FALSE,FALSE,FALSE
IGL,IGLV,IGLV1-I7TN*06,TRUE,FALSE,FALSE,FALSE,TRUE,FALSE,FALSE
IGL,IGLV,IGLV1-I7TN*07,TRUE,TRUE,FALSE,FALSE,FALSE,FALSE,FALSE
IGL,IGLV,IGLV1-I7TN*08,TRUE,TRUE,TRUE,FALSE,TRUE,TRUE,FALSE
IGL,IGLV,IGLV1-I7TN*09,TRUE,TRUE,FALSE,FALSE,FALSE,FALSE,FALSE
IGL,IGLV,IGLV1-I7TN*10,TRUE,TRUE,FALSE,TRUE,FALSE,FALSE,FALSE
IGL,IGLV,IGLV1-I7TN*11,TRUE,TRUE,FALSE,FALSE,FALSE,FALSE,FALSE
IGL,IGLV,IGLV1-I7TN*12,TRUE,FALSE,FALSE,FALSE,FALSE,FALSE,TRUE
IGL,IGLV,IGLV1-I7TN*13,TRUE,TRUE,FALSE,FALSE,FALSE,FALSE,FALSE
IGL,IGLV,IGLV1-IRYE*01,FALSE,TRUE,TRUE,TRUE,TRUE,TRUE,TRUE
IGL,IGLV,IGLV1-IRYE*02,TRUE,FALSE,FALSE,FALSE,FALSE,TRUE,FALSE
IGL,IGLV,IGLV1-IRYE*03,TRUE,FALSE,FALSE,TRUE,FALSE,FALSE,FALSE
IGL,IGLV,IGLV1-IRYE*04,TRUE,TRUE,FALSE,TRUE,TRUE,FALSE,TRUE
IGL,IGLV,IGLV1-IRYE*05,TRUE,TRUE,TRUE,FALSE,TRUE,FALSE,TRUE
IGL,IGLV,IGLV1-IRYE*06,TRUE,TRUE,FALSE,TRUE,FALSE,TRUE,FALSE
IGL,IGLV,IGLV1-IRYE*07,TRUE,FALSE,TRUE,FALSE,FALSE,FALSE,FALSE
IGL,IGLV,IGLV1-IRYE*08,TRUE,TRUE,FALSE,FALSE,FALSE,FALSE,FALSE
IGL,IGLV,IGLV1-IRYE*09,TRUE,FALSE,FALSE,FALSE,FALSE,FALSE,TRUE
IGL,IGLV,IGLV1-IRYE*10,TRUE,FALSE,TRUE,TRUE,TRUE,FALSE,TRUE
IGL,IGLV,IGLV1-NSTN*01,TRUE,TRUE,TRUE,FALSE,FALSE,FALSE,FALSE
IGL,IGLV,IGLV10-4DES*01,FALSE,TRUE,TRUE,TRUE,TRUE,TRUE,FALSE
IGL,IGLV,IGLV10-4DES*02,TRUE,TRUE,FALSE,FALSE,TRUE,FALSE,TRUE
IGL,IGLV,IGLV10-4DES*03,TRUE,TRUE,FALSE,FALSE,FALSE,FALSE,FALSE
IGL,IGLV,IGLV10-4DES*04,FALSE,TRUE,TRUE,TRUE,TRUE,TRUE,TRUE
IGL,IGLV,IGLV10-4DES*05,TRUE,FALSE,FALSE,TRUE,FALSE,FALSE,FALSE
IGL,IGLV,IGLV10-4DES*06,TRUE,FALSE,FALSE,FALSE,FALSE,FALSE,TRUE
IGL,IGLV,IGLV10-4DES*07,TRUE,FALSE,TRUE,FALSE,FALSE,FALSE,FALSE
IGL,IGLV,IGLV10-4DES*08,FALSE,TRUE,TRUE,TRUE,TRUE,TRUE,TRUE
IGL,IGLV,IGLV10-4DES*09,TRUE,FALSE,FALSE,FALSE,TRUE,FALSE,TRUE
IGL,IGLV,IGLV10-4DES*10,TRUE,TRUE,FALSE,FALSE,FALSE,FALSE,FALSE
IGL,IGLV,IGLV10-4DES*11,TRUE,TRUE,TRUE,FALSE,FALSE,FALSE,FALSE
IGL,IGLV,IGLV10-4DES*12,FALSE,TRUE,TRUE,TRUE,TRUE,TRUE,TRUE
IGL,IGLV,IGLV10-4DES*13,TRUE,TRUE,FALSE,FALSE,FALSE,FALSE,FALSE
IGL,IGLV,IGLV10-4DES*14,TRUE,TRUE,TRUE,FALSE,FALSE,FALSE,FALSE
IGL,IGLV,IGLV11-V5G2*01,FALSE,TRUE,TRUE,TRUE,TRUE,TRUE,TRUE
IGL,IGLV,IGLV11-V5G2*02,TRUE,FALSE,FALSE,TRUE,FALSE,FALSE,FALSE
IGL,IGLV,IGLV11-V5G2*03,TRUE,TRUE,FALSE,FALSE,FALSE,FALSE,FALSE
IGL,IGLV,IGLV11-V5G2*04,TRUE,FALSE,TRUE,FALSE,TRUE,FALSE,FALSE
IGL,IGLV,IGLV11-V5G2*05,FALSE,TRUE,TRUE,TRUE,TRUE,TRUE,TRUE
IGL,IGLV,IGLV11-V5G2*06,TRUE,TRUE,FALSE,FALSE,FALSE,FALSE,FALSE
IGL,IGLV,IGLV11-V5G2*07,TRUE,TRUE,TRUE,TRUE,FALSE,FALSE,TRUE
IGL,IGLV,IGLV11-V5G2*08,TRUE,TRUE,FALSE,FALSE,FALSE,FALSE,FALSE
IGL,IGLV,IGLV11-V5G2*09,TRUE,TRUE,FALSE,FALSE,FALSE,FALSE,FALSE
IGL,IGLV,IGLV11-V5G2*10,TRUE,TRUE,FALSE,FALSE,FALSE,FALSE,FALSE
IGL,IGLV,IGLV11-V5G2*11,TRUE,TRUE,FALSE,TRUE,FALSE,FALSE,FALSE
IGL,IGLV,IGLV11-V5G2*12,TRUE,TRUE,FALSE,FALSE,FALSE,FALSE,FALSE
IGL,IGLV,IGLV2-2ATY*01,FALSE,TRUE,FALSE,FALSE,TRUE,FALSE,TRUE
IGL,IGLV,IGLV2-2ATY*02,FALSE,TRUE,TRUE,TRUE,TRUE,TRUE,TRUE
IGL,IGLV,IGLV2-2ATY*03,TRUE,TRUE,FALSE,FALSE,FALSE,FALSE,FALSE
IGL,IGLV,IGLV2-2ATY*04,TRUE,FALSE,FALSE,FALSE,FALSE,FALSE,TRUE
IGL,IGLV,IGLV2-2ATY*05,TRUE,FALSE,TRUE,FALSE,FALSE,FALSE,FALSE
IGL,IGLV,IGLV2-2ATY*06,TRUE,FALSE,FALSE,TRUE,FALSE,FALSE,FALSE
IGL,IGLV,IGLV2-2ATY*07,TRUE,FALSE,FALSE,FALSE,TRUE,FALSE,FALSE
IGL,IGLV,IGLV2-2ATY*08,TRUE,FALSE,FALSE,FALSE,TRUE,FALSE,FALSE
IGL,IGLV,IGLV2-2ATY*09,TRUE,FALSE,FALSE,FALSE,TRUE,FALSE,FALSE
IGL,IGLV,IGLV2-2ATY*10,TRUE,FALSE,FALSE,FALSE,TRUE,FALSE,FALSE
IGL,IGLV,IGLV2-2ATY*11,FALSE,TRUE,TRUE,TRUE,TRUE,TRUE,TRUE
IGL,IGLV,IGLV2-2ATY*12,TRUE,FALSE,TRUE,FALSE,FALSE,FALSE,FALSE
IGL,IGLV,IGLV2-2ATY*13,TRUE,FALSE,TRUE,FALSE,FALSE,FALSE,FALSE
IGL,IGLV,IGLV2-2ATY*14,TRUE,TRUE,TRUE,FALSE,FALSE,FALSE,FALSE
IGL,IGLV,IGLV2-2ATY*15,TRUE,FALSE,TRUE,FALSE,FALSE,FALSE,FALSE
IGL,IGLV,IGLV2-2ATY*16,TRUE,FALSE,FALSE,TRUE,TRUE,FALSE,TRUE
IGL,IGLV,IGLV2-2ATY*17,TRUE,FALSE,FALSE,FALSE,TRUE,FALSE,FALSE
IGL,IGLV,IGLV2-2ATY*18,TRUE,FALSE,FALSE,TRUE,FALSE,FALSE,TRUE
IGL,IGLV,IGLV2-2ATY*19,TRUE,FALSE,FALSE,FALSE,FALSE,FALSE,TRUE
IGL,IGLV,IGLV2-35JA*01,FALSE,TRUE,TRUE,TRUE,TRUE,TRUE,TRUE
IGL,IGLV,IGLV2-35JA*02,TRUE,FALSE,FALSE,FALSE,TRUE,FALSE,FALSE
IGL,IGLV,IGLV2-35JA*03,TRUE,TRUE,FALSE,FALSE,TRUE,FALSE,FALSE
IGL,IGLV,IGLV2-35JA*04,TRUE,FALSE,FALSE,FALSE,TRUE,FALSE,FALSE
IGL,IGLV,IGLV2-3H25*01,FALSE,TRUE,TRUE,TRUE,TRUE,TRUE,TRUE
IGL,IGLV,IGLV2-3H25*02,TRUE,TRUE,FALSE,FALSE,TRUE,FALSE,FALSE
IGL,IGLV,IGLV2-3H25*03,TRUE,FALSE,FALSE,FALSE,FALSE,FALSE,TRUE
IGL,IGLV,IGLV2-3H25*04,TRUE,TRUE,TRUE,TRUE,TRUE,FALSE,FALSE
IGL,IGLV,IGLV2-3H25*05,TRUE,TRUE,FALSE,FALSE,FALSE,FALSE,FALSE
IGL,IGLV,IGLV2-3H25*06,FALSE,TRUE,TRUE,TRUE,TRUE,TRUE,TRUE
IGL,IGLV,IGLV2-3H25*07,TRUE,TRUE,FALSE,FALSE,FALSE,FALSE,FALSE
IGL,IGLV,IGLV2-3H25*08,FALSE,TRUE,TRUE,TRUE,TRUE,TRUE,TRUE
IGL,IGLV,IGLV2-3H25*09,TRUE,TRUE,TRUE,FALSE,FALSE,FALSE,FALSE
IGL,IGLV,IGLV2-3H25*10,TRUE,TRUE,FALSE,FALSE,FALSE,TRUE,FALSE
IGL,IGLV,IGLV2-3H25*11,FALSE,TRUE,TRUE,TRUE,TRUE,TRUE,TRUE
IGL,IGLV,IGLV2-3H25*12,TRUE,FALSE,TRUE,TRUE,FALSE,FALSE,FALSE
IGL,IGLV,IGLV2-3H25*13,TRUE,FALSE,TRUE,TRUE,TRUE,FALSE,FALSE
IGL,IGLV,IGLV2-3H25*14,FALSE,TRUE,TRUE,TRUE,TRUE,TRUE,TRUE
IGL,IGLV,IGLV2-3H25*15,FALSE,TRUE,FALSE,FALSE,TRUE,FALSE,FALSE
IGL,IGLV,IGLV2-3H25*16,TRUE,TRUE,TRUE,TRUE,TRUE,FALSE,TRUE
IGL,IGLV,IGLV2-3H25*17,TRUE,TRUE,FALSE,FALSE,FALSE,FALSE,FALSE
IGL,IGLV,IGLV2-3H25*18,FALSE,FALSE,TRUE,FALSE,FALSE,FALSE,FALSE
IGL,IGLV,IGLV2-3H25*19,TRUE,FALSE,FALSE,FALSE,FALSE,FALSE,TRUE
IGL,IGLV,IGLV2-3H25*20,TRUE,TRUE,TRUE,TRUE,FALSE,FALSE,TRUE
IGL,IGLV,IGLV2-3H25*21,FALSE,TRUE,TRUE,TRUE,TRUE,TRUE,TRUE
IGL,IGLV,IGLV2-3H25*22,TRUE,FALSE,FALSE,FALSE,TRUE,FALSE,FALSE
IGL,IGLV,IGLV2-3H25*23,TRUE,FALSE,TRUE,FALSE,TRUE,TRUE,TRUE
IGL,IGLV,IGLV2-577O*01,FALSE,TRUE,TRUE,TRUE,TRUE,TRUE,TRUE
IGL,IGLV,IGLV2-577O*02,TRUE,FALSE,FALSE,FALSE,TRUE,FALSE,FALSE
IGL,IGLV,IGLV2-577O*03,TRUE,FALSE,TRUE,FALSE,FALSE,FALSE,FALSE
IGL,IGLV,IGLV2-577O*04,TRUE,FALSE,FALSE,FALSE,TRUE,FALSE,FALSE
IGL,IGLV,IGLV2-577O*05,FALSE,TRUE,TRUE,TRUE,TRUE,TRUE,TRUE
IGL,IGLV,IGLV2-577O*06,TRUE,FALSE,FALSE,FALSE,TRUE,FALSE,FALSE
IGL,IGLV,IGLV2-577O*07,TRUE,TRUE,FALSE,FALSE,FALSE,FALSE,FALSE
IGL,IGLV,IGLV2-577O*08,TRUE,TRUE,TRUE,TRUE,FALSE,FALSE,FALSE
IGL,IGLV,IGLV2-577O*09,TRUE,FALSE,TRUE,FALSE,FALSE,FALSE,FALSE
IGL,IGLV,IGLV3-3O5X*01,FALSE,TRUE,TRUE,TRUE,TRUE,TRUE,TRUE
IGL,IGLV,IGLV3-3O5X*02,TRUE,FALSE,FALSE,FALSE,TRUE,FALSE,FALSE
IGL,IGLV,IGLV3-3O5X*03,TRUE,FALSE,FALSE,FALSE,FALSE,FALSE,TRUE
IGL,IGLV,IGLV3-3O5X*04,TRUE,FALSE,FALSE,FALSE,TRUE,FALSE,FALSE
IGL,IGLV,IGLV3-3O5X*05,TRUE,FALSE,FALSE,FALSE,TRUE,FALSE,FALSE
IGL,IGLV,IGLV3-3O5X*06,TRUE,FALSE,FALSE,TRUE,FALSE,FALSE,FALSE
IGL,IGLV,IGLV3-3O5X*07,TRUE,TRUE,FALSE,FALSE,FALSE,FALSE,FALSE
IGL,IGLV,IGLV3-3O5X*08,TRUE,TRUE,FALSE,FALSE,FALSE,FALSE,FALSE
IGL,IGLV,IGLV3-3O5X*09,TRUE,TRUE,FALSE,FALSE,FALSE,FALSE,FALSE
IGL,IGLV,IGLV3-3O5X*10,FALSE,TRUE,TRUE,TRUE,TRUE,TRUE,TRUE
IGL,IGLV,IGLV3-3O5X*11,TRUE,TRUE,FALSE,FALSE,FALSE,FALSE,FALSE
IGL,IGLV,IGLV3-3O5X*12,TRUE,FALSE,FALSE,TRUE,FALSE,FALSE,FALSE
IGL,IGLV,IGLV3-3O5X*13,TRUE,FALSE,FALSE,TRUE,FALSE,FALSE,FALSE
IGL,IGLV,IGLV3-3O5X*14,TRUE,FALSE,TRUE,FALSE,FALSE,FALSE,FALSE
IGL,IGLV,IGLV3-3O5X*15,TRUE,TRUE,TRUE,TRUE,TRUE,FALSE,TRUE
IGL,IGLV,IGLV3-3O5X*16,TRUE,TRUE,FALSE,FALSE,FALSE,FALSE,FALSE
IGL,IGLV,IGLV3-3O5X*17,TRUE,TRUE,FALSE,FALSE,FALSE,FALSE,FALSE
IGL,IGLV,IGLV3-3O5X*18,TRUE,FALSE,FALSE,FALSE,TRUE,FALSE,TRUE
IGL,IGLV,IGLV3-3O5X*19,TRUE,FALSE,TRUE,FALSE,FALSE,FALSE,FALSE
IGL,IGLV,IGLV3-3O5X*20,FALSE,TRUE,TRUE,FALSE,TRUE,FALSE,TRUE
IGL,IGLV,IGLV3-3O5X*21,FALSE,TRUE,TRUE,TRUE,TRUE,TRUE,TRUE
IGL,IGLV,IGLV3-3O5X*22,FALSE,TRUE,TRUE,TRUE,TRUE,FALSE,TRUE
IGL,IGLV,IGLV3-3O5X*23,TRUE,FALSE,FALSE,FALSE,TRUE,FALSE,FALSE
IGL,IGLV,IGLV3-4AYZ*01,FALSE,TRUE,TRUE,TRUE,TRUE,TRUE,TRUE
IGL,IGLV,IGLV3-4AYZ*02,TRUE,TRUE,TRUE,FALSE,FALSE,FALSE,FALSE
IGL,IGLV,IGLV3-4AYZ*03,FALSE,TRUE,TRUE,TRUE,TRUE,TRUE,TRUE
IGL,IGLV,IGLV3-4AYZ*04,TRUE,TRUE,TRUE,TRUE,TRUE,TRUE,TRUE
IGL,IGLV,IGLV3-4AYZ*05,TRUE,TRUE,FALSE,FALSE,FALSE,FALSE,FALSE
IGL,IGLV,IGLV3-4KGD*01,FALSE,TRUE,TRUE,TRUE,TRUE,TRUE,TRUE
IGL,IGLV,IGLV3-4KGD*02,TRUE,FALSE,FALSE,FALSE,FALSE,FALSE,TRUE
IGL,IGLV,IGLV3-4KGD*03,TRUE,TRUE,FALSE,TRUE,FALSE,FALSE,FALSE
IGL,IGLV,IGLV3-4KGD*04,TRUE,FALSE,FALSE,FALSE,FALSE,FALSE,TRUE
IGL,IGLV,IGLV3-4KGD*05,TRUE,TRUE,TRUE,FALSE,TRUE,FALSE,TRUE
IGL,IGLV,IGLV3-4KGD*06,TRUE,TRUE,FALSE,FALSE,FALSE,FALSE,FALSE
IGL,IGLV,IGLV3-4KGD*07,TRUE,FALSE,FALSE,FALSE,FALSE,FALSE,TRUE
IGL,IGLV,IGLV3-4KGD*08,TRUE,TRUE,TRUE,FALSE,FALSE,FALSE,FALSE
IGL,IGLV,IGLV3-4KGD*09,TRUE,TRUE,FALSE,FALSE,FALSE,FALSE,FALSE
IGL,IGLV,IGLV3-6MZC*01,FALSE,TRUE,TRUE,TRUE,FALSE,FALSE,TRUE
IGL,IGLV,IGLV3-6MZC*02,FALSE,TRUE,TRUE,TRUE,TRUE,TRUE,TRUE
IGL,IGLV,IGLV3-6MZC*03,TRUE,TRUE,FALSE,FALSE,FALSE,FALSE,FALSE
IGL,IGLV,IGLV3-6MZC*04,TRUE,FALSE,FALSE,TRUE,FALSE,FALSE,FALSE
IGL,IGLV,IGLV3-6MZC*05,TRUE,TRUE,FALSE,FALSE,FALSE,FALSE,FALSE
IGL,IGLV,IGLV3-6MZC*06,TRUE,TRUE,FALSE,FALSE,FALSE,FALSE,FALSE
IGL,IGLV,IGLV3-AT7Q*01,FALSE,TRUE,TRUE,TRUE,TRUE,TRUE,TRUE
IGL,IGLV,IGLV3-AT7Q*02,TRUE,FALSE,FALSE,FALSE,TRUE,FALSE,FALSE
IGL,IGLV,IGLV3-AT7Q*03,TRUE,TRUE,FALSE,FALSE,FALSE,TRUE,FALSE
IGL,IGLV,IGLV3-AT7Q*04,TRUE,TRUE,FALSE,FALSE,FALSE,FALSE,FALSE
IGL,IGLV,IGLV3-AT7Q*05,TRUE,TRUE,FALSE,FALSE,FALSE,FALSE,FALSE
IGL,IGLV,IGLV3-AT7Q*06,TRUE,FALSE,FALSE,FALSE,FALSE,FALSE,TRUE
IGL,IGLV,IGLV3-DROU*01,FALSE,TRUE,TRUE,TRUE,TRUE,TRUE,TRUE
IGL,IGLV,IGLV3-DROU*02,TRUE,TRUE,FALSE,FALSE,FALSE,FALSE,FALSE
IGL,IGLV,IGLV3-DROU*03,TRUE,FALSE,FALSE,TRUE,FALSE,FALSE,FALSE
IGL,IGLV,IGLV3-DROU*04,TRUE,TRUE,FALSE,FALSE,FALSE,FALSE,FALSE
IGL,IGLV,IGLV3-DROU*05,TRUE,TRUE,TRUE,FALSE,TRUE,TRUE,TRUE
IGL,IGLV,IGLV3-DROU*06,TRUE,TRUE,FALSE,FALSE,FALSE,FALSE,TRUE
IGL,IGLV,IGLV3-DROU*07,FALSE,TRUE,TRUE,TRUE,TRUE,TRUE,TRUE
IGL,IGLV,IGLV3-DROU*08,FALSE,TRUE,TRUE,TRUE,TRUE,TRUE,TRUE
IGL,IGLV,IGLV3-DROU*09,TRUE,TRUE,FALSE,FALSE,FALSE,FALSE,TRUE
IGL,IGLV,IGLV3-DROU*10,TRUE,TRUE,TRUE,TRUE,TRUE,TRUE,TRUE
IGL,IGLV,IGLV3-DROU*11,TRUE,TRUE,TRUE,FALSE,TRUE,FALSE,TRUE
IGL,IGLV,IGLV3-DROU*12,TRUE,TRUE,FALSE,FALSE,FALSE,FALSE,TRUE
IGL,IGLV,IGLV3-DROU*13,TRUE,TRUE,FALSE,FALSE,FALSE,FALSE,FALSE
IGL,IGLV,IGLV3-E7QG*01,FALSE,TRUE,TRUE,TRUE,FALSE,FALSE,TRUE
IGL,IGLV,IGLV3-E7QG*02,TRUE,TRUE,FALSE,FALSE,FALSE,FALSE,FALSE
IGL,IGLV,IGLV3-E7QG*03,TRUE,TRUE,FALSE,FALSE,FALSE,FALSE,FALSE
IGL,IGLV,IGLV3-E7QG*04,TRUE,TRUE,TRUE,FALSE,TRUE,FALSE,TRUE
IGL,IGLV,IGLV3-E7QG*05,FALSE,TRUE,TRUE,TRUE,TRUE,TRUE,TRUE
IGL,IGLV,IGLV3-E7QG*06,TRUE,TRUE,FALSE,FALSE,FALSE,FALSE,FALSE
IGL,IGLV,IGLV3-E7QG*07,TRUE,TRUE,FALSE,FALSE,FALSE,FALSE,FALSE
IGL,IGLV,IGLV3-E7QG*08,TRUE,TRUE,FALSE,FALSE,FALSE,FALSE,FALSE
IGL,IGLV,IGLV3-E7QG*09,TRUE,FALSE,FALSE,TRUE,FALSE,FALSE,FALSE
IGL,IGLV,IGLV3-E7QG*10,TRUE,TRUE,FALSE,FALSE,FALSE,FALSE,FALSE
IGL,IGLV,IGLV3-E7QG*11,TRUE,TRUE,FALSE,FALSE,TRUE,FALSE,FALSE
IGL,IGLV,IGLV3-E7QG*12,TRUE,FALSE,FALSE,TRUE,FALSE,FALSE,FALSE
IGL,IGLV,IGLV3-E7QG*13,TRUE,FALSE,FALSE,TRUE,FALSE,FALSE,FALSE
IGL,IGLV,IGLV3-E7QG*14,TRUE,FALSE,FALSE,TRUE,TRUE,FALSE,TRUE
IGL,IGLV,IGLV3-G3IN*01,TRUE,FALSE,TRUE,FALSE,FALSE,FALSE,FALSE
IGL,IGLV,IGLV3-HV54*02,TRUE,TRUE,TRUE,TRUE,TRUE,TRUE,TRUE
IGL,IGLV,IGLV3-HV54*03,TRUE,TRUE,FALSE,FALSE,FALSE,FALSE,FALSE
IGL,IGLV,IGLV3-KNLL*01,TRUE,TRUE,TRUE,FALSE,FALSE,FALSE,FALSE
IGL,IGLV,IGLV3-UJ3V*01,FALSE,TRUE,TRUE,TRUE,TRUE,TRUE,TRUE
IGL,IGLV,IGLV3-UJ3V*02,TRUE,FALSE,FALSE,FALSE,FALSE,TRUE,FALSE
IGL,IGLV,IGLV3-UJ3V*03,TRUE,TRUE,FALSE,FALSE,FALSE,FALSE,FALSE
IGL,IGLV,IGLV3-UJ3V*04,TRUE,FALSE,FALSE,FALSE,FALSE,FALSE,TRUE
IGL,IGLV,IGLV3-UJ3V*05,TRUE,TRUE,FALSE,FALSE,TRUE,FALSE,FALSE
IGL,IGLV,IGLV3-UJ3V*06,TRUE,TRUE,FALSE,FALSE,FALSE,FALSE,FALSE
IGL,IGLV,IGLV3-UJ3V*07,TRUE,TRUE,FALSE,FALSE,FALSE,FALSE,FALSE
IGL,IGLV,IGLV3-UJ3V*08,TRUE,TRUE,FALSE,FALSE,FALSE,FALSE,FALSE
IGL,IGLV,IGLV3-UJ3V*09,TRUE,TRUE,FALSE,FALSE,FALSE,FALSE,FALSE
IGL,IGLV,IGLV3-UJ3V*10,TRUE,FALSE,FALSE,FALSE,TRUE,FALSE,FALSE
IGL,IGLV,IGLV3-UJ3V*11,TRUE,FALSE,FALSE,FALSE,FALSE,FALSE,TRUE
IGL,IGLV,IGLV3-UJ3V*12,TRUE,FALSE,FALSE,TRUE,TRUE,FALSE,FALSE
IGL,IGLV,IGLV3-UJ3V*13,TRUE,TRUE,FALSE,FALSE,FALSE,FALSE,FALSE
IGL,IGLV,IGLV3-UJ3V*14,TRUE,TRUE,FALSE,FALSE,FALSE,FALSE,TRUE
IGL,IGLV,IGLV3-UJ3V*15,TRUE,FALSE,FALSE,FALSE,TRUE,FALSE,FALSE
IGL,IGLV,IGLV3-UJ3V*16,TRUE,FALSE,FALSE,TRUE,FALSE,FALSE,FALSE
IGL,IGLV,IGLV3-UJ3V*17,TRUE,FALSE,FALSE,FALSE,TRUE,FALSE,FALSE
IGL,IGLV,IGLV3-UJ3V*18,TRUE,FALSE,TRUE,FALSE,FALSE,FALSE,FALSE
IGL,IGLV,IGLV3-UJ3V*19,TRUE,TRUE,TRUE,FALSE,FALSE,FALSE,FALSE
IGL,IGLV,IGLV3-UJ3V*20,TRUE,TRUE,TRUE,FALSE,FALSE,FALSE,FALSE
IGL,IGLV,IGLV3-UJ3V*21,TRUE,TRUE,FALSE,FALSE,FALSE,FALSE,FALSE
IGL,IGLV,IGLV3-UJ3V*22,TRUE,FALSE,TRUE,FALSE,TRUE,FALSE,FALSE
IGL,IGLV,IGLV3-UJ3V*23,TRUE,FALSE,TRUE,FALSE,FALSE,FALSE,FALSE
IGL,IGLV,IGLV3-UJ3V*24,TRUE,FALSE,FALSE,FALSE,TRUE,FALSE,FALSE
IGL,IGLV,IGLV3-UJ3V*25,TRUE,TRUE,FALSE,FALSE,FALSE,FALSE,FALSE
IGL,IGLV,IGLV3-UJ3V*26,TRUE,TRUE,FALSE,FALSE,FALSE,FALSE,FALSE
IGL,IGLV,IGLV3-UJ3V*27,TRUE,FALSE,FALSE,FALSE,TRUE,FALSE,FALSE
IGL,IGLV,IGLV3-UJ3V*28,TRUE,TRUE,FALSE,FALSE,TRUE,FALSE,FALSE
IGL,IGLV,IGLV3-UJ3V*29,TRUE,FALSE,FALSE,FALSE,TRUE,FALSE,FALSE
IGL,IGLV,IGLV3-UJ3V*30,TRUE,FALSE,TRUE,FALSE,FALSE,FALSE,FALSE
IGL,IGLV,IGLV3-UJ3V*31,TRUE,TRUE,TRUE,TRUE,TRUE,FALSE,TRUE
IGL,IGLV,IGLV3-UJ3V*32,TRUE,TRUE,TRUE,TRUE,FALSE,FALSE,TRUE
IGL,IGLV,IGLV3-UJ3V*33,TRUE,TRUE,FALSE,FALSE,FALSE,FALSE,FALSE
IGL,IGLV,IGLV3-UJ3V*34,TRUE,FALSE,FALSE,FALSE,FALSE,FALSE,TRUE
IGL,IGLV,IGLV3-UJ3V*35,TRUE,TRUE,FALSE,FALSE,FALSE,FALSE,FALSE
IGL,IGLV,IGLV3-UJ3V*36,TRUE,FALSE,FALSE,FALSE,TRUE,FALSE,FALSE
IGL,IGLV,IGLV3-UJ3V*37,TRUE,FALSE,FALSE,FALSE,TRUE,FALSE,FALSE
IGL,IGLV,IGLV3-UJ3V*38,TRUE,FALSE,FALSE,FALSE,FALSE,FALSE,TRUE
IGL,IGLV,IGLV3-UJ3V*39,TRUE,FALSE,TRUE,FALSE,FALSE,FALSE,FALSE
IGL,IGLV,IGLV3-UJ3V*40,TRUE,FALSE,TRUE,FALSE,FALSE,FALSE,FALSE
IGL,IGLV,IGLV3-UJ3V*41,TRUE,FALSE,FALSE,FALSE,TRUE,FALSE,FALSE
IGL,IGLV,IGLV3-UJ3V*42,TRUE,TRUE,FALSE,FALSE,FALSE,FALSE,FALSE
IGL,IGLV,IGLV3-UJ3V*43,TRUE,TRUE,FALSE,FALSE,FALSE,FALSE,FALSE
IGL,IGLV,IGLV3-UJ3V*44,TRUE,TRUE,FALSE,FALSE,FALSE,FALSE,FALSE
IGL,IGLV,IGLV4-ABT7*01,FALSE,TRUE,TRUE,TRUE,TRUE,TRUE,TRUE
IGL,IGLV,IGLV4-ABT7*02,TRUE,FALSE,TRUE,FALSE,FALSE,FALSE,FALSE
IGL,IGLV,IGLV4-ABT7*03,FALSE,TRUE,TRUE,TRUE,TRUE,FALSE,TRUE
IGL,IGLV,IGLV4-ABT7*04,TRUE,FALSE,FALSE,FALSE,TRUE,FALSE,FALSE
IGL,IGLV,IGLV4-ABT7*05,TRUE,FALSE,FALSE,FALSE,FALSE,FALSE,TRUE
IGL,IGLV,IGLV4-ABT7*06,TRUE,TRUE,FALSE,FALSE,FALSE,FALSE,FALSE
IGL,IGLV,IGLV4-ABT7*07,TRUE,TRUE,FALSE,FALSE,FALSE,FALSE,FALSE
IGL,IGLV,IGLV4-ABT7*08,TRUE,FALSE,FALSE,TRUE,FALSE,FALSE,FALSE
IGL,IGLV,IGLV4-ABT7*09,TRUE,TRUE,TRUE,FALSE,FALSE,FALSE,FALSE
IGL,IGLV,IGLV4-ABT7*10,TRUE,FALSE,FALSE,TRUE,FALSE,FALSE,FALSE
IGL,IGLV,IGLV4-ABT7*11,TRUE,TRUE,FALSE,FALSE,TRUE,FALSE,FALSE
IGL,IGLV,IGLV4-ABT7*12,TRUE,TRUE,TRUE,FALSE,TRUE,TRUE,FALSE
IGL,IGLV,IGLV4-ABT7*13,FALSE,TRUE,TRUE,TRUE,TRUE,TRUE,TRUE
IGL,IGLV,IGLV4-UDEI*01,FALSE,TRUE,TRUE,TRUE,TRUE,TRUE,TRUE
IGL,IGLV,IGLV4-UDEI*02,TRUE,TRUE,TRUE,FALSE,FALSE,FALSE,FALSE
IGL,IGLV,IGLV4-UDEI*03,TRUE,TRUE,FALSE,FALSE,TRUE,FALSE,FALSE
IGL,IGLV,IGLV4-VEQC*01,FALSE,TRUE,TRUE,TRUE,TRUE,TRUE,TRUE
IGL,IGLV,IGLV4-VEQC*02,TRUE,FALSE,FALSE,FALSE,TRUE,FALSE,FALSE
IGL,IGLV,IGLV4-VEQC*03,TRUE,FALSE,TRUE,FALSE,FALSE,FALSE,FALSE
IGL,IGLV,IGLV4-VEQC*04,TRUE,TRUE,FALSE,FALSE,FALSE,FALSE,FALSE
IGL,IGLV,IGLV4-VEQC*05,TRUE,TRUE,TRUE,TRUE,FALSE,FALSE,TRUE
IGL,IGLV,IGLV4-VEQC*06,TRUE,TRUE,FALSE,FALSE,FALSE,FALSE,FALSE
IGL,IGLV,IGLV5-7AGX*01,FALSE,TRUE,TRUE,TRUE,TRUE,FALSE,TRUE
IGL,IGLV,IGLV5-7AGX*02,FALSE,TRUE,TRUE,TRUE,TRUE,TRUE,TRUE
IGL,IGLV,IGLV5-7AGX*03,TRUE,FALSE,FALSE,FALSE,FALSE,FALSE,TRUE
IGL,IGLV,IGLV5-7AGX*04,TRUE,FALSE,FALSE,FALSE,FALSE,FALSE,TRUE
IGL,IGLV,IGLV5-7AGX*05,TRUE,FALSE,FALSE,FALSE,TRUE,FALSE,FALSE
IGL,IGLV,IGLV5-7AGX*06,TRUE,TRUE,FALSE,FALSE,FALSE,FALSE,FALSE
IGL,IGLV,IGLV5-7AGX*07,FALSE,TRUE,TRUE,TRUE,TRUE,TRUE,TRUE
IGL,IGLV,IGLV5-7AGX*08,TRUE,TRUE,FALSE,FALSE,FALSE,FALSE,FALSE
IGL,IGLV,IGLV5-7AGX*09,TRUE,TRUE,FALSE,FALSE,FALSE,FALSE,FALSE
IGL,IGLV,IGLV5-7AGX*10,FALSE,TRUE,TRUE,TRUE,TRUE,TRUE,TRUE
IGL,IGLV,IGLV5-7AGX*11,TRUE,FALSE,FALSE,FALSE,TRUE,FALSE,FALSE
IGL,IGLV,IGLV5-7AGX*12,TRUE,FALSE,FALSE,FALSE,FALSE,FALSE,TRUE
IGL,IGLV,IGLV5-7AGX*13,TRUE,FALSE,FALSE,TRUE,FALSE,FALSE,FALSE
IGL,IGLV,IGLV5-7AGX*14,TRUE,TRUE,FALSE,FALSE,FALSE,TRUE,FALSE
IGL,IGLV,IGLV5-BICQ*01,FALSE,TRUE,TRUE,TRUE,TRUE,FALSE,TRUE
IGL,IGLV,IGLV5-BICQ*02,FALSE,TRUE,TRUE,TRUE,FALSE,TRUE,FALSE
IGL,IGLV,IGLV5-BICQ*03,TRUE,TRUE,FALSE,FALSE,FALSE,FALSE,FALSE
IGL,IGLV,IGLV5-BICQ*04,TRUE,TRUE,FALSE,FALSE,FALSE,FALSE,FALSE
IGL,IGLV,IGLV5-BICQ*05,FALSE,TRUE,TRUE,TRUE,TRUE,TRUE,TRUE
IGL,IGLV,IGLV5-BICQ*06,TRUE,FALSE,FALSE,TRUE,FALSE,FALSE,FALSE
IGL,IGLV,IGLV5-BICQ*07,TRUE,TRUE,FALSE,FALSE,FALSE,FALSE,FALSE
IGL,IGLV,IGLV5-BICQ*08,TRUE,FALSE,FALSE,FALSE,TRUE,FALSE,TRUE
IGL,IGLV,IGLV5-M6FZ*01,FALSE,TRUE,TRUE,TRUE,TRUE,TRUE,TRUE
IGL,IGLV,IGLV5-M6FZ*02,TRUE,FALSE,FALSE,FALSE,TRUE,FALSE,FALSE
IGL,IGLV,IGLV5-M6FZ*03,TRUE,TRUE,FALSE,FALSE,FALSE,FALSE,FALSE
IGL,IGLV,IGLV5-M6FZ*04,TRUE,FALSE,FALSE,TRUE,FALSE,FALSE,FALSE
IGL,IGLV,IGLV5-MQIJ*01,FALSE,TRUE,TRUE,TRUE,TRUE,TRUE,TRUE
IGL,IGLV,IGLV5-MQIJ*02,TRUE,TRUE,TRUE,TRUE,TRUE,FALSE,TRUE
IGL,IGLV,IGLV5-OIYG*01,FALSE,TRUE,TRUE,TRUE,TRUE,TRUE,TRUE
IGL,IGLV,IGLV5-OIYG*02,TRUE,TRUE,FALSE,FALSE,FALSE,FALSE,FALSE
IGL,IGLV,IGLV5-OIYG*03,TRUE,FALSE,FALSE,TRUE,FALSE,FALSE,FALSE
IGL,IGLV,IGLV5-OIYG*04,TRUE,FALSE,FALSE,TRUE,FALSE,FALSE,FALSE
IGL,IGLV,IGLV5-OIYG*05,TRUE,TRUE,FALSE,FALSE,FALSE,FALSE,FALSE
IGL,IGLV,IGLV5-OIYG*06,TRUE,FALSE,FALSE,FALSE,TRUE,FALSE,TRUE
IGL,IGLV,IGLV6-26WE*01,FALSE,TRUE,TRUE,TRUE,TRUE,TRUE,TRUE
IGL,IGLV,IGLV6-26WE*02,TRUE,TRUE,FALSE,FALSE,FALSE,FALSE,FALSE
IGL,IGLV,IGLV6-26WE*03,TRUE,TRUE,FALSE,FALSE,FALSE,FALSE,FALSE
IGL,IGLV,IGLV6-26WE*04,FALSE,TRUE,TRUE,TRUE,TRUE,FALSE,TRUE
IGL,IGLV,IGLV6-26WE*05,FALSE,TRUE,TRUE,TRUE,TRUE,TRUE,TRUE
IGL,IGLV,IGLV6-26WE*06,FALSE,TRUE,TRUE,TRUE,TRUE,TRUE,TRUE
IGL,IGLV,IGLV6-26WE*07,TRUE,TRUE,FALSE,FALSE,FALSE,FALSE,FALSE
IGL,IGLV,IGLV7-4QTE*01,FALSE,TRUE,TRUE,TRUE,TRUE,TRUE,TRUE
IGL,IGLV,IGLV7-4QTE*02,FALSE,TRUE,TRUE,TRUE,TRUE,TRUE,TRUE
IGL,IGLV,IGLV7-4QTE*03,TRUE,TRUE,FALSE,FALSE,FALSE,FALSE,FALSE
IGL,IGLV,IGLV7-4QTE*04,TRUE,TRUE,FALSE,FALSE,FALSE,FALSE,FALSE
IGL,IGLV,IGLV7-4QTE*05,TRUE,FALSE,FALSE,FALSE,TRUE,FALSE,FALSE
IGL,IGLV,IGLV7-4QTE*06,FALSE,TRUE,TRUE,TRUE,TRUE,TRUE,TRUE
IGL,IGLV,IGLV7-4QTE*07,TRUE,FALSE,FALSE,FALSE,FALSE,FALSE,TRUE
IGL,IGLV,IGLV7-4QTE*08,TRUE,TRUE,FALSE,FALSE,FALSE,FALSE,FALSE
IGL,IGLV,IGLV7-4QTE*09,TRUE,FALSE,FALSE,FALSE,TRUE,FALSE,FALSE
IGL,IGLV,IGLV7-B5AO*01,FALSE,TRUE,TRUE,TRUE,TRUE,TRUE,TRUE
IGL,IGLV,IGLV7-B5AO*02,TRUE,FALSE,FALSE,FALSE,TRUE,FALSE,FALSE
IGL,IGLV,IGLV7-B5AO*03,TRUE,TRUE,FALSE,FALSE,FALSE,FALSE,FALSE
IGL,IGLV,IGLV7-B5AO*04,TRUE,TRUE,FALSE,FALSE,FALSE,FALSE,FALSE
IGL,IGLV,IGLV7-B5AO*05,TRUE,FALSE,FALSE,FALSE,FALSE,TRUE,TRUE
IGL,IGLV,IGLV7-B5AO*06,TRUE,TRUE,FALSE,FALSE,FALSE,FALSE,FALSE
IGL,IGLV,IGLV7-TYUS*01,TRUE,TRUE,TRUE,FALSE,FALSE,FALSE,FALSE
IGL,IGLV,IGLV8-CZKU*01,FALSE,TRUE,TRUE,TRUE,TRUE,FALSE,TRUE
IGL,IGLV,IGLV8-CZKU*02,FALSE,TRUE,TRUE,TRUE,TRUE,TRUE,TRUE
IGL,IGLV,IGLV8-CZKU*03,TRUE,TRUE,TRUE,TRUE,FALSE,FALSE,TRUE
IGL,IGLV,IGLV9-6G6A*01,FALSE,TRUE,TRUE,TRUE,TRUE,TRUE,TRUE
IGL,IGLV,IGLV9-6G6A*02,TRUE,FALSE,FALSE,FALSE,TRUE,FALSE,TRUE
IGL,IGLV,IGLV9-6G6A*03,TRUE,FALSE,FALSE,TRUE,FALSE,FALSE,FALSE
IGL,IGLV,IGLV9-6G6A*04,TRUE,FALSE,FALSE,TRUE,FALSE,FALSE,FALSE
IGL,IGLV,IGLV9-6G6A*05,TRUE,FALSE,FALSE,FALSE,FALSE,FALSE,TRUE
IGL,IGLV,IGLV9-6G6A*06,TRUE,TRUE,FALSE,FALSE,FALSE,FALSE,FALSE
IGL,IGLV,IGLV9-6G6A*07,TRUE,FALSE,FALSE,FALSE,TRUE,FALSE,FALSE
IGL,IGLV,IGLV9-6G6A*08,TRUE,FALSE,FALSE,FALSE,FALSE,FALSE,TRUE
IGL,IGLV,IGLV9-6G6A*09,TRUE,FALSE,FALSE,FALSE,FALSE,TRUE,TRUE
