gene_type,allele,display_allele,sample_count_genomic_watson,sample_count_genomic_hprc,sample_count_genomic_1kpg,in_baseline_reference,sample_count_genomic,sample_count,order,label,ranked
IGHD,IGHD1-CO5H*03,IGHD1-1*01,172,71,430,TRUE,673,673,1,D1-1*01,TRUE
IGHD,IGHD4-UO7X*01,"IGHD4-11*01,IGHD4-4*01/IGHD4-11*01",172,67,427,TRUE,666,666,2,D4-11*01†1,TRUE
IGHD,IGHD5-KDQK*01,"IGHD5-18*02_a4g_t8c_g10-_t11-_g12-_c17t_a19g,IGHD5-5*01",172,75,415,TRUE,662,662,3,D5-18*02_‡1,TRUE
IGHD,IGHD5-GBAS*01,IGHD5-12*01,172,54,384,TRUE,610,610,4,,FALSE
IGHD,IGHD3-52VS*01,IGHD3-9*01,172,49,376,TRUE,597,597,5,,FALSE
IGHD,IGHD1-CO5H*04,IGHD1-14*01,172,53,369,TRUE,594,594,6,,FALSE
IGHD,IGHD6-MLFK*06,IGHD6-13*01,172,48,369,TRUE,589,589,7,,FALSE
IGHD,IGHD3-KLOQ*01,IGHD3-10*01,168,39,349,TRUE,556,556,8,,FALSE
IGHD,IGHD2-Q36F*01,IGHD2-15*01,172,42,330,TRUE,544,544,9,,FALSE
IGHD,IGHD6-MLFK*01,IGHD6-6*01,162,52,325,TRUE,539,539,10,,FALSE
IGHD,IGHD3-52VS*03,IGHD3-3*01,159,49,328,TRUE,536,536,11,,FALSE
IGHD,IGHD1-CO5H*07,IGHD1-7*01,161,46,326,TRUE,533,533,12,,FALSE
IGHD,IGHD4-UO7X*03,IGHD4-17*01,172,40,292,TRUE,504,504,13,,FALSE
IGHD,IGHD1-CO5H*01,IGHD1-20*01,172,40,281,TRUE,493,493,14,,FALSE
IGHD,IGHD6-MLFK*04,IGHD6-19*01,172,37,269,TRUE,478,478,15,,FALSE
IGHD,IGHD3-CFR7*03,IGHD3-16*02,169,27,278,TRUE,474,474,16,,FALSE
IGHD,IGHD2-GNCP*02,IGHD2-8*01,148,34,280,TRUE,462,462,17,,FALSE
IGHD,IGHD2-3SVH*01,IGHD2-2*01,131,37,272,TRUE,440,440,18,,FALSE
IGHD,IGHD3-LCJ3*01,IGHD3-22*01,172,30,198,TRUE,400,400,19,,FALSE
IGHD,IGHD2-FQMB*01,IGHD2-21*02,157,24,192,TRUE,373,373,20,,FALSE
IGHD,IGHD4-ZMEQ*01,IGHD4-23*01,172,24,171,TRUE,367,367,21,,FALSE
IGHD,IGHD5-IAIB*01,IGHD5-24*01,172,19,153,TRUE,344,344,22,,FALSE
IGHD,IGHD2-3SVH*07,IGHD2-2*02,108,18,188,TRUE,314,314,23,,FALSE
IGHD,IGHD6-MLFK*02,IGHD6-25*01,171,17,102,TRUE,290,290,24,,FALSE
IGHD,IGHD1-RYEY*01,IGHD1-26*01,172,10,84,TRUE,266,266,25,,FALSE
IGHD,IGHD7-ZOID*01,IGHD7-27*01,172,2,0,TRUE,174,174,26,,FALSE
IGHD,IGHD2-FQMB*02,IGHD2-21*01,76,11,60,TRUE,147,147,27,,FALSE
IGHD,IGHD2-GNCP*01,IGHD2-8*02,35,6,43,TRUE,84,84,28,,FALSE
IGHD,IGHD3-KLOQ*02,IGHD3-10*03,36,6,28,TRUE,70,70,29,,FALSE
IGHD,IGHD3-CFR7*01,IGHD3-16*03,38,6,18,TRUE,62,62,30,,FALSE
IGHD,IGHD5-GBAS*03,"IGHD5-18*02,IGHD5-5*01_g4a_c8t_i9gtg_t14c_g16a",38,5,17,TRUE,60,60,31,,FALSE
IGHD,IGHD3-52VS*04,IGHD3-3*01_g8a,6,2,16,FALSE,24,24,32,D3-3*01_g8a,TRUE
IGHD,IGHD2-3SVH*06,IGHD2-2*01_g3c,6,4,4,FALSE,14,14,33,,FALSE
IGHD,IGHD2-3SVH*02,IGHD2-2*01_g12t,6,0,0,FALSE,6,6,34,,FALSE
IGHD,IGHD4-ZMEQ*02,IGHD4-23*01_c7t,5,0,0,FALSE,5,5,35,,FALSE
IGHD,IGHD6-MLFK*03,IGHD6-25*01_g13a,4,0,0,FALSE,4,4,36,,FALSE
IGHD,IGHD1-CO5H*02,IGHD1-20*01_a7g_g15a,2,0,0,FALSE,2,2,37,,FALSE
IGHD,IGHD1-CO5H*06,IGHD1-14*01_a7g_c9t_c15g,2,0,0,FALSE,2,2,38,,FALSE
IGHD,IGHD2-YGYG*01,IGHD2-15*01_g3a_g14a_g17a_g18c_a20t_g21a_a27c,2,0,0,FALSE,2,2,39,,FALSE
IGHD,IGHD6-MLFK*05,IGHD6-19*01_g11-_t12-_g13-_t16a_g18a_a20c,2,0,0,FALSE,2,2,40,,FALSE
IGHD,IGHD6-MLFK*07,IGHD6-13*01_a7-_g8-_c9-_a20c,2,0,0,FALSE,2,2,41,,FALSE
IGHD,IGHD1-CO5H*05,IGHD1-14*01_g10a,1,0,0,FALSE,1,1,42,,FALSE
IGHD,IGHD2-3SVH*03,IGHD2-2*01_c18g_g29c,0,0,1,FALSE,1,1,43,,FALSE
IGHD,IGHD2-3SVH*04,IGHD2-2*01_c25t,0,1,0,FALSE,1,1,44,,FALSE
IGHD,IGHD2-3SVH*05,IGHD2-2*01_g2a,0,0,1,FALSE,1,1,45,,FALSE
IGHD,IGHD3-52VS*02,IGHD3-9*01_c7t,0,0,1,FALSE,1,1,46,,FALSE
IGHD,IGHD3-CFR7*02,IGHD3-16*03_t31g_t32c,0,0,1,FALSE,1,1,47,,FALSE
IGHD,IGHD3-CFR7*04,IGHD3-16*02_c13t,1,0,0,FALSE,1,1,48,,FALSE
IGHD,IGHD3-CFR7*05,IGHD3-16*02_a35t,0,0,1,FALSE,1,1,49,,FALSE
IGHD,IGHD4-UO7X*02,IGHD4-11*01_c4a,1,0,0,FALSE,1,1,50,,FALSE
IGHD,IGHD5-GBAS*02,IGHD5-12*01_g1a,1,0,0,FALSE,1,1,51,,FALSE
IGHD,IGHD5-VZWE*01,IGHD5-12*01_t2g_t8c_t11c_c14g_g18a_a19g,1,0,0,FALSE,1,1,52,,FALSE
IGHD,IGHD6-IZU4*01,IGHD6-19*01_g1a_a5t,0,1,0,FALSE,1,1,53,,FALSE
IGHD,IGHD6-MLFK*08,IGHD6-13*01_a10g_t19a,1,0,0,FALSE,1,1,54,,FALSE
IGHD,IGHD6-MLFK*09,IGHD6-13*01_c15g,0,0,1,FALSE,1,1,55,,FALSE
IGHD,IGHD6-MLFK*10,IGHD6-13*01_g8a,0,0,1,FALSE,1,1,56,,FALSE
IGHJ,IGHJ5-32GS*01,IGHJ5*02,172,4,16,TRUE,192,192,1,J5*02,TRUE
IGHJ,IGHJ4-IOOB*01,IGHJ4*02,171,3,17,TRUE,191,191,2,J4*02,TRUE
IGHJ,IGHJ3-U4ID*01,IGHJ3*02,172,3,3,TRUE,178,178,3,J3*02,TRUE
IGHJ,IGHJ2-INZU*01,IGHJ2*01,172,2,3,TRUE,177,177,4,,FALSE
IGHJ,IGHJ1-GJL4*01,IGHJ1*01,172,0,0,TRUE,172,172,5,,FALSE
IGHJ,IGHJ6-DTHQ*01,IGHJ6*02,154,0,12,TRUE,166,166,6,,FALSE
IGHJ,IGHJ6-DTHQ*03,IGHJ6*03,75,1,5,TRUE,81,81,7,,FALSE
IGHJ,IGHJ4-IOOB*02,IGHJ4*02_c29g,13,0,0,FALSE,13,13,8,J4*02_c29g,TRUE
IGHJ,IGHJ6-DTHQ*04,IGHJ6*03_t3-_a4-_c5-_a36c,4,0,0,FALSE,4,4,9,,FALSE
IGHJ,IGHJ6-DTHQ*02,IGHJ6*02_c36a,3,0,0,FALSE,3,3,10,,FALSE
IGHV,IGHV3-GNJS*01,IGHV3-72*01,172,133,494,TRUE,799,799,1,V3-72*01,TRUE
IGHV,IGHV3-XXAB*01,IGHV3-74*01,172,131,492,TRUE,795,795,2,V3-74*01,TRUE
IGHV,IGHV1-7CVC*01,IGHV1-24*01,172,116,491,TRUE,779,779,3,V1-24*01,TRUE
IGHV,IGHV4-QA67*01,IGHV4-34*01,170,104,490,TRUE,764,764,4,,FALSE
IGHV,IGHV3-2ZME*06,IGHV3-21*01,172,103,487,TRUE,762,762,5,,FALSE
IGHV,IGHV1-D5ET*01,IGHV1-45*02,169,120,465,TRUE,754,754,6,,FALSE
IGHV,IGHV2-6RTA*01,IGHV2-26*01,169,102,461,TRUE,732,732,7,,FALSE
IGHV,IGHV4-25M6*07,IGHV4-59*01,166,111,455,TRUE,732,732,8,,FALSE
IGHV,IGHV3-3OOB*08,"IGHV3-23*01,IGHV3-23D*01,IGHV3-23*01/IGHV3-23D*01",169,96,466,TRUE,731,731,9,,FALSE
IGHV,IGHV1-IOYO*02,IGHV1-46*01,165,109,451,TRUE,725,725,10,,FALSE
IGHV,IGHV7-5PLP*01,IGHV7-81*01,168,100,454,TRUE,722,722,11,,FALSE
IGHV,IGHV3-A46S*01,IGHV3-15*01,166,92,456,TRUE,714,714,12,,FALSE
IGHV,IGHV3-DDM3*03,IGHV3-35*01,168,91,437,TRUE,696,696,13,,FALSE
IGHV,IGHV1-IQ67*03,IGHV1-18*01,165,89,435,TRUE,689,689,14,,FALSE
IGHV,IGHV3-BXSZ*01,IGHV3-43*01,158,93,423,TRUE,674,674,15,,FALSE
IGHV,IGHV3-7KNP*02,IGHV3-38*02,159,83,419,TRUE,661,661,16,,FALSE
IGHV,IGHV3-N73X*01,IGHV3-16*02,159,75,407,TRUE,641,641,17,,FALSE
IGHV,IGHV5-36ED*05,IGHV5-51*01,158,76,399,TRUE,633,633,18,,FALSE
IGHV,IGHV6-6D6C*02,IGHV6-1*01,165,78,383,TRUE,626,626,19,,FALSE
IGHV,IGHV4-2COR*15,IGHV4-39*01,150,82,384,TRUE,616,616,20,,FALSE
IGHV,IGHV3-4JW6*13,"IGHV3-30-5*01,IGHV3-30*18,IGHV3-33*06_g75c_g170c_g171a_c288t,IGHV3-30-3*01_c113g_t114c_c189t_c201t_g317a,IGHV3-30*18/IGHV3-30-5*01",141,62,371,TRUE,574,574,21,,FALSE
IGHV,IGHV4-4LVZ*02,IGHV4-28*01,148,63,355,TRUE,566,566,22,,FALSE
IGHV,IGHV3-4JW6*40,"IGHV3-33*01,IGHV3-30-3*01_c75g_c113g_t114c_c170g_a171g_c189t_c201t_t288c,IGHV3-30-5*03_c75g_t288c,IGHV3-30*03_c75g_c170g_a171g_t288c",148,56,343,TRUE,547,547,23,,FALSE
IGHV,IGHV3-BGBQ*03,IGHV3-73*02,149,75,320,TRUE,544,544,24,,FALSE
IGHV,IGHV3-3KMZ*03,IGHV3-7*01,137,52,343,TRUE,532,532,25,,FALSE
IGHV,IGHV4-5ZJ6*17,"IGHV4-31*03,IGHV4-30-2*05_2677,IGHV4-30-4*08_a107g_c134a_c249t_a291g_c315g",135,56,341,TRUE,532,532,26,,FALSE
IGHV,IGHV2-7UAK*01,IGHV2-5*02,145,55,331,TRUE,531,531,27,,FALSE
IGHV,IGHV1-6QKX*07,IGHV1-58*02,120,81,323,TRUE,524,524,28,,FALSE
IGHV,IGHV3-6CWJ*07,IGHV3-64*01,117,84,318,TRUE,519,519,29,,FALSE
IGHV,IGHV3-E24Y*02,IGHV3-20*01,125,60,317,TRUE,502,502,30,,FALSE
IGHV,IGHV3-3H2D*04,IGHV3-11*01,123,65,284,TRUE,472,472,31,,FALSE
IGHV,IGHV3-BGBQ*01,IGHV3-73*01,101,66,299,TRUE,466,466,32,,FALSE
IGHV,IGHV1-7EIU*06,IGHV1-3*01,130,47,288,TRUE,465,465,33,,FALSE
IGHV,IGHV3-3VYP*01,IGHV3-13*01,130,53,278,TRUE,461,461,34,,FALSE
IGHV,IGHV4-UWUM*04,"IGHV4-30-2*01,IGHV4-30-4*07_g4c_g21c_c25t_a147c_t165c_t172c_c174t_t228c_c245g,IGHV4-31*11_14d4",113,49,289,TRUE,451,451,35,,FALSE
IGHV,IGHV3-CVJX*01,IGHV3-53*01,120,48,267,TRUE,435,435,36,,FALSE
IGHV,IGHV3-4JW6*03,"IGHV3-30-3*01,IGHV3-30-5*01_g113c_c114t_t189c_t201c_a317g,IGHV3-33*08_g113c_c114t_g170c_g171a_t189c_t201c_c288t,IGHV3-30*04_t189c",101,51,280,TRUE,432,432,37,,FALSE
IGHV,IGHV3-CVJX*34,IGHV3-66*03,135,49,243,TRUE,427,427,38,,FALSE
IGHV,IGHV1-6QKX*02,IGHV1-58*01,134,46,246,TRUE,426,426,39,,FALSE
IGHV,IGHV4-25M6*02,IGHV4-61*01,136,42,245,TRUE,423,423,40,,FALSE
IGHV,IGHV3-6CWJ*01,IGHV3-64*02,134,46,223,TRUE,403,403,41,,FALSE
IGHV,IGHV3-M7QC*03,IGHV3-49*04,96,56,246,TRUE,398,398,42,,FALSE
IGHV,IGHV3-M7QC*04,IGHV3-49*03,92,52,244,TRUE,388,388,43,,FALSE
IGHV,IGHV4-HHP5*02,IGHV4-4*02,116,38,228,TRUE,382,382,44,,FALSE
IGHV,IGHV3-2ZME*01,IGHV3-48*03,89,47,245,TRUE,381,381,45,,FALSE
IGHV,IGHV1-5HTI*38,"IGHV1-69D*01,IGHV1-69*01,IGHV1-69*01/IGHV1-69D*01",130,34,199,TRUE,363,363,46,,FALSE
IGHV,IGHV1-7EIU*03,IGHV1-3*02,114,24,218,TRUE,356,356,47,,FALSE
IGHV,IGHV1-PBWN*01,IGHV1-69-2*01,92,49,202,TRUE,343,343,48,,FALSE
IGHV,IGHV3-Z7O7*01,IGHV3-38-3*01,62,57,208,TRUE,327,327,49,,FALSE
IGHV,IGHV4-25M6*22,IGHV4-4*07,109,28,188,TRUE,325,325,50,,FALSE
IGHV,IGHV3-CVJX*27,IGHV3-53*04,65,37,216,TRUE,318,318,51,,FALSE
IGHV,IGHV2-7UAK*04,IGHV2-5*01,94,34,187,TRUE,315,315,52,,FALSE
IGHV,IGHV4-5ZJ6*02,"IGHV4-30-4*01,IGHV4-30-2*05_c4g_c21g_t25c_g70a_g107a_c113a_c120t_g129c_a135c_c172t_t174c,IGHV4-31*03_g107a_c120t_a134c_t249c_g291a_g315c",81,31,199,TRUE,311,311,53,,FALSE
IGHV,IGHV1-BEMW*02,IGHV1-2*02,115,26,168,TRUE,309,309,54,,FALSE
IGHV,IGHV3-2ZME*12,IGHV3-48*02,100,28,181,TRUE,309,309,55,,FALSE
IGHV,IGHV8-D4TJ*09,IGHV8-51-1*05,57,36,212,TRUE,305,305,56,,FALSE
IGHV,IGHV3-E24Y*03,IGHV3-20*04,78,31,194,TRUE,303,303,57,,FALSE
IGHV,IGHV7-2GXW*05,IGHV7-4-1*01,98,24,178,TRUE,300,300,58,,FALSE
IGHV,IGHV5-36ED*03,IGHV5-51*03,74,51,174,TRUE,299,299,59,,FALSE
IGHV,IGHV3-CVJX*18,IGHV3-66*01,69,40,178,TRUE,287,287,60,,FALSE
IGHV,IGHV3-CVJX*13,IGHV3-53*02,82,37,163,TRUE,282,282,61,,FALSE
IGHV,IGHV3-M7QC*01,IGHV3-49*05,93,26,161,TRUE,280,280,62,,FALSE
IGHV,IGHV3-BXSZ*07,IGHV3-43D*03,51,38,181,TRUE,270,270,63,,FALSE
IGHV,IGHV4-2COR*10,IGHV4-38-2*02,45,37,183,TRUE,265,265,64,,FALSE
IGHV,IGHV2-4BCH*57,"IGHV2-70*01,IGHV2-70D*04_a14g_c112t_g164t_t197a",122,17,124,TRUE,263,263,65,,FALSE
IGHV,IGHV3-2ZME*02,IGHV3-48*01,68,37,156,TRUE,261,261,66,,FALSE
IGHV,IGHV3-6CWJ*06,IGHV3-64D*06,78,21,156,TRUE,255,255,67,,FALSE
IGHV,IGHV1-BEMW*01,IGHV1-2*04,91,26,137,TRUE,254,254,68,,FALSE
IGHV,IGHV3-4JW6*02,"IGHV3-30-3*01_c189t,IGHV3-30-5*01_g113c_c114t_t201c_a317g,IGHV3-30*04,IGHV3-33*08_g113c_c114t_g170c_g171a_t201c_c288t",45,37,172,TRUE,254,254,69,,FALSE
IGHV,IGHV3-7KNP*01,IGHV3-38*03,60,38,154,TRUE,252,252,70,,FALSE
IGHV,IGHV7-2GXW*03,IGHV7-4-1*02,60,21,171,TRUE,252,252,71,,FALSE
IGHV,IGHV4-A7KV*02,IGHV4-61*02,53,40,151,TRUE,244,244,72,,FALSE
IGHV,IGHV3-3H2D*09,IGHV3-11*06,65,28,140,TRUE,233,233,73,,FALSE
IGHV,IGHV4-2COR*04,IGHV4-39*07,37,37,156,TRUE,230,230,74,,FALSE
IGHV,IGHV5-ANAE*02,IGHV5-10-1*03,66,22,133,TRUE,221,221,75,,FALSE
IGHV,IGHV4-4LVZ*10,IGHV4-28*05,47,28,144,TRUE,219,219,76,,FALSE
IGHV,IGHV8-D4TJ*01,IGHV8-51-1*04,67,31,117,TRUE,215,215,77,,FALSE
IGHV,IGHV3-CVJX*09,IGHV3-66*02,42,27,139,TRUE,208,208,78,,FALSE
IGHV,IGHV1-5HTI*01,"IGHV1-69*02,IGHV1-69D*01_g6c_g18a_g112a_g163a_t184c_c191t_g244a",51,28,127,TRUE,206,206,79,,FALSE
IGHV,IGHV2-4BCH*78,"IGHV2-70*15,IGHV2-70D*04_a14g_c112t_t197a",85,21,100,TRUE,206,206,80,,FALSE
IGHV,IGHV1-IOYO*05,IGHV1-46*03,49,22,127,TRUE,198,198,81,,FALSE
IGHV,IGHV3-3KMZ*08,IGHV3-7*03,69,16,113,TRUE,198,198,82,,FALSE
IGHV,IGHV2-4BCH*13,"IGHV2-70D*04,IGHV2-70*05_c116t",87,19,86,TRUE,192,192,83,,FALSE
IGHV,IGHV3-3H2D*01,IGHV3-11*04,36,31,117,TRUE,184,184,84,,FALSE
IGHV,IGHV3-BXSZ*08,IGHV3-43D*04,55,23,101,TRUE,179,179,85,,FALSE
IGHV,IGHV3-2ZME*10,IGHV3-48*04,27,23,125,TRUE,175,175,86,,FALSE
IGHV,IGHV3-4JW6*28,"IGHV3-30-5*02,IGHV3-33*06_a49g_g163t_t169c_c288t,IGHV3-30*02,IGHV3-30*02/IGHV3-30-5*02",40,30,104,TRUE,174,174,87,,FALSE
IGHV,IGHV1-5HTI*20,"IGHV1-69*04,IGHV1-69D*01_g6c_g163a_t184c_c191t_g244a",41,21,105,TRUE,167,167,88,,FALSE
IGHV,IGHV3-3VYP*10,IGHV3-13*05,60,13,92,TRUE,165,165,89,,FALSE
IGHV,IGHV3-DDM3*01,IGHV3-35*02,32,19,113,TRUE,164,164,90,,FALSE
IGHV,IGHV3-3H2D*06,IGHV3-11*05,35,26,95,TRUE,156,156,91,,FALSE
IGHV,IGHV3-3OOB*03,"IGHV3-23*04,IGHV3-23D*01_t13g",39,22,91,TRUE,152,152,92,,FALSE
IGHV,IGHV2-4BCH*01,"IGHV2-70D*04_t116c,IGHV2-70*05",36,20,90,TRUE,146,146,93,,FALSE
IGHV,IGHV4-4LVZ*01,IGHV4-28*07,28,15,100,TRUE,143,143,94,,FALSE
IGHV,IGHV3-DDM3*05,IGHV3-35*01_g145c,13,22,107,FALSE,142,142,95,V3-35*01_g145c,TRUE
IGHV,IGHV5-ANAE*01,IGHV5-10-1*01,35,21,86,TRUE,142,142,96,,FALSE
IGHV,IGHV4-2COR*08,IGHV4-38-2*01,43,17,80,TRUE,140,140,97,,FALSE
IGHV,IGHV1-IQ67*02,IGHV1-18*04,45,12,77,TRUE,134,134,98,,FALSE
IGHV,IGHV1-D5ET*04,IGHV1-45*03,23,16,94,TRUE,133,133,99,,FALSE
IGHV,IGHV3-4TLZ*03,IGHV3-9*01,131,0,0,TRUE,131,131,100,,FALSE
IGHV,IGHV1-GASB*03,IGHV1-8*01,126,0,0,TRUE,126,126,101,,FALSE
IGHV,IGHV3-3VYP*13,IGHV3-13*04,35,13,78,TRUE,126,126,102,,FALSE
IGHV,IGHV3-BXSZ*12,IGHV3-43*02,22,17,86,TRUE,125,125,103,,FALSE
IGHV,IGHV3-3VYP*05,IGHV3-13*01_c77g_g224a,23,16,84,FALSE,123,123,104,,FALSE
IGHV,IGHV3-4JW6*34,"IGHV3-33*06,IGHV3-30-5*03_c75g_t288c_g317a,IGHV3-30*02_g49a_t163g_c169t_t288c",17,15,87,TRUE,119,119,105,,FALSE
IGHV,IGHV1-5HTI*64,IGHV1-69*06,63,8,46,TRUE,117,117,106,,FALSE
IGHV,IGHV3-N73X*08,IGHV3-16*03,37,11,69,TRUE,117,117,107,,FALSE
IGHV,IGHV1-5HTI*32,"IGHV1-69*12,IGHV1-69D*01_g6c",26,19,71,TRUE,116,116,108,,FALSE
IGHV,IGHV8-D4TJ*05,IGHV8-51-1*02,38,11,65,TRUE,114,114,109,,FALSE
IGHV,IGHV7-5PLP*08,IGHV7-81*01_c257t_c265a,20,25,68,FALSE,113,113,110,,FALSE
IGHV,IGHV3-CVJX*21,IGHV3-66*01_g23c_g175t_g315c_g319t,19,23,68,FALSE,110,110,111,,FALSE
IGHV,IGHV1-BEMW*05,IGHV1-2*06,39,13,57,TRUE,109,109,112,,FALSE
IGHV,IGHV4-5ZJ6*07,"IGHV4-30-4*08,IGHV4-30-2*05_c4g_c21g_t25c_g70a_g107a_c113a_g129c_a135c_c172t_t174c",20,21,68,TRUE,109,109,113,,FALSE
IGHV,IGHV1-BEMW*07,IGHV1-2*05,28,11,58,TRUE,97,97,114,,FALSE
IGHV,IGHV4-HHP5*08,IGHV4-4*01,24,9,61,TRUE,94,94,115,,FALSE
IGHV,IGHV1-6QKX*10,IGHV1-58*02_g61t,11,21,56,FALSE,88,88,116,,FALSE
IGHV,IGHV3-N73X*09,IGHV3-16*04,13,11,62,TRUE,86,86,117,,FALSE
IGHV,IGHV2-6RTA*09,IGHV2-26*04,10,12,57,TRUE,79,79,118,,FALSE
IGHV,IGHV3-6CWJ*02,IGHV3-64D*09,13,12,50,TRUE,75,75,119,,FALSE
IGHV,IGHV1-5HTI*69,"IGHV1-69*05,IGHV1-69D*01_g6c_g238a",14,10,48,TRUE,72,72,120,,FALSE
IGHV,IGHV4-25M6*08,IGHV4-59*01_a138g,13,13,46,FALSE,72,72,121,,FALSE
IGHV,IGHV3-3KMZ*02,IGHV3-7*04,25,7,36,TRUE,68,68,122,,FALSE
IGHV,IGHV4-5ZJ6*06,"IGHV4-31*01,IGHV4-30-4*08_a107g_c134a_g224t_c249t_a291g_c315g,IGHV4-30-2*05_8a1b",21,4,43,TRUE,68,68,123,,FALSE
IGHV,IGHV2-4BCH*10,IGHV2-70*05_a60g_c116t_t197a_a200g_a242c,10,7,48,FALSE,65,65,124,,FALSE
IGHV,IGHV4-25M6*19,IGHV4-59*11,7,13,44,TRUE,64,64,125,,FALSE
IGHV,IGHV4-5ZJ6*04,"IGHV4-30-4*07,IGHV4-31*11_a113c_c129g_a134c_c135a_c147a_c165t_t249c_t285c_g315c",9,6,49,TRUE,64,64,126,,FALSE
IGHV,IGHV1-5HTI*15,"IGHV1-69*10,IGHV1-69D*01_g6c_g54a_t184c_c191t_g244a",17,13,33,TRUE,63,63,127,,FALSE
IGHV,IGHV3-6CWJ*05,IGHV3-64*07,12,13,38,TRUE,63,63,128,,FALSE
IGHV,IGHV3-4JW6*33,"IGHV3-30-3*01_g150a_c189t,IGHV3-30*01,IGHV3-30-5*01_g113c_c114t_g150a_t201c_a317g",20,4,38,TRUE,62,62,129,,FALSE
IGHV,IGHV3-3KMZ*01,IGHV3-7*05,18,9,33,TRUE,60,60,130,,FALSE
IGHV,IGHV3-A46S*09,IGHV3-15*07,25,1,31,TRUE,57,57,131,,FALSE
IGHV,IGHV3-CVJX*10,IGHV3-66*02_g175t,9,12,35,FALSE,56,56,132,,FALSE
IGHV,IGHV4-4LVZ*17,IGHV4-28*02,25,3,28,TRUE,56,56,133,,FALSE
IGHV,IGHV4-QA67*09,IGHV4-34*01_g319c_g320a,10,11,34,FALSE,55,55,134,,FALSE
IGHV,IGHV2-4BCH*09,IGHV2-70*05_a60g_c116t_t197a_a200g,14,17,22,FALSE,53,53,135,,FALSE
IGHV,IGHV3-4JW6*32,"IGHV3-30-5*02_t201c,IGHV3-30*02_t201c",12,9,30,FALSE,51,51,136,,FALSE
IGHV,IGHV4-2COR*09,IGHV4-38-2*01_g319c,13,8,29,FALSE,50,50,137,,FALSE
IGHV,IGHV2-6RTA*06,IGHV2-26*02,6,9,33,TRUE,48,48,138,,FALSE
IGHV,IGHV3-4JW6*01,"IGHV3-33*08,IGHV3-30*03_c170g_a171g_t288c",12,9,26,TRUE,47,47,139,,FALSE
IGHV,IGHV4-4LVZ*09,IGHV4-28*01_t196a_g289t,4,14,29,FALSE,47,47,140,,FALSE
IGHV,IGHV3-FW4V*02,IGHV3-62*03_g24a_a26g_c39a_t151g_a263c_c291g,4,18,24,FALSE,46,46,141,,FALSE
IGHV,IGHV1-PBWN*03,IGHV1-69-2*01_c201t,7,11,25,FALSE,43,43,142,,FALSE
IGHV,IGHV3-3VYP*12,IGHV3-13*06,15,1,26,TRUE,42,42,143,,FALSE
IGHV,IGHV3-BGBQ*02,IGHV3-73*01_a59g,10,9,22,FALSE,41,41,144,,FALSE
IGHV,IGHV4-A7KV*05,IGHV4-61*02_c34t_g164a,3,14,23,FALSE,40,40,145,,FALSE
IGHV,IGHV7-5PLP*04,IGHV7-81*01_c10t,6,0,33,FALSE,39,39,146,,FALSE
IGHV,IGHV4-5ZJ6*21,IGHV4-30-4*08_a107g_c134a_c198t_c249t_a291g_c315g,6,10,22,FALSE,38,38,147,,FALSE
IGHV,IGHV3-3OOB*01,IGHV3-23*03,4,9,24,TRUE,37,37,148,,FALSE
IGHV,IGHV3-4JW6*26,"IGHV3-30-5*03_g301a_g317a,IGHV3-30*18_c170g_a171g_g301a",6,10,20,FALSE,36,36,149,,FALSE
IGHV,IGHV1-5HTI*30,"IGHV1-69*15,IGHV1-69D*01_g6c_g163a",7,5,23,TRUE,35,35,150,,FALSE
IGHV,IGHV4-2COR*07,IGHV4-39*07_g319c,8,8,19,FALSE,35,35,151,,FALSE
IGHV,IGHV2-4BCH*103,IGHV2-70*20,14,0,20,TRUE,34,34,152,,FALSE
IGHV,IGHV3-GNJS*08,IGHV3-72*01_t186c,8,9,15,FALSE,32,32,153,,FALSE
IGHV,IGHV3-XXAB*03,IGHV3-74*01_c21t,8,9,15,FALSE,32,32,154,,FALSE
IGHV,IGHV1-5HTI*22,IGHV1-69*04_a163g,3,3,23,FALSE,29,29,155,,FALSE
IGHV,IGHV3-4JW6*08,IGHV3-30-3*01_c189t_c203t,4,0,22,FALSE,26,26,156,,FALSE
IGHV,IGHV1-5HTI*09,"IGHV1-69*14,IGHV1-69D*01_g6c_g244a",3,2,20,TRUE,25,25,157,,FALSE
IGHV,IGHV4-4LVZ*05,IGHV4-28*01_a152c,4,7,14,FALSE,25,25,158,,FALSE
IGHV,IGHV3-6CWJ*04,IGHV3-64D*08,9,2,13,TRUE,24,24,159,,FALSE
IGHV,IGHV3-2ZME*11,IGHV3-21*03,8,2,13,TRUE,23,23,160,,FALSE
IGHV,IGHV4-4LVZ*03,IGHV4-28*01_a50g_c51g_g70a_t82g_a83g_t196a_g289t,2,4,17,FALSE,23,23,161,,FALSE
IGHV,IGHV8-D4TJ*08,IGHV8-51-1*02_c52a,2,5,16,FALSE,23,23,162,,FALSE
IGHV,IGHV1-5HTI*73,IGHV1-69D*01_g6c_g54a_g238a,5,8,9,FALSE,22,22,163,,FALSE
IGHV,IGHV3-3KMZ*05,IGHV3-7*01_a8g,5,6,11,FALSE,22,22,164,,FALSE
IGHV,IGHV4-HHP5*09,IGHV4-4*01_c46t,7,4,11,FALSE,22,22,165,,FALSE
IGHV,IGHV1-5HTI*05,IGHV1-69*13_g163a,4,2,15,FALSE,21,21,166,,FALSE
IGHV,IGHV3-4TLZ*01,IGHV3-9*03,21,0,0,TRUE,21,21,167,,FALSE
IGHV,IGHV1-5HTI*23,IGHV1-69*04_a163g_a244g,3,7,10,FALSE,20,20,168,,FALSE
IGHV,IGHV1-5HTI*36,IGHV1-69*12_g48a,4,6,10,FALSE,20,20,169,,FALSE
IGHV,IGHV3-CVJX*02,IGHV3-53*01_g175t_g273a_c288t_c300t,7,0,13,FALSE,20,20,170,,FALSE
IGHV,IGHV1-5HTI*13,IGHV1-69*09,4,3,12,TRUE,19,19,171,,FALSE
IGHV,IGHV1-GASB*02,IGHV1-8*03,19,0,0,TRUE,19,19,172,,FALSE
IGHV,IGHV3-4JW6*16,IGHV3-30*18_c54t,3,3,13,FALSE,19,19,173,,FALSE
IGHV,IGHV3-BXSZ*05,IGHV3-43*01_g298a,9,1,9,FALSE,19,19,174,,FALSE
IGHV,IGHV1-5HTI*04,"IGHV1-69D*01_g6c_g54a,IGHV1-69*13",5,2,11,TRUE,18,18,175,,FALSE
IGHV,IGHV1-7EIU*05,IGHV1-3*02_t6c_g167t_c309t,4,8,6,FALSE,18,18,176,,FALSE
IGHV,IGHV3-E24Y*04,IGHV3-20*04_a104g,0,5,13,FALSE,18,18,177,,FALSE
IGHV,IGHV4-25M6*24,IGHV4-4*07_a308g,5,0,13,FALSE,18,18,178,,FALSE
IGHV,IGHV1-5HTI*10,IGHV1-69*14_g163a,2,3,12,FALSE,17,17,179,,FALSE
IGHV,IGHV3-2ZME*08,IGHV3-21*01_g315a,2,5,10,FALSE,17,17,180,,FALSE
IGHV,IGHV3-3VYP*06,IGHV3-13*01_c77g_g224a_c296t,4,5,8,FALSE,17,17,181,,FALSE
IGHV,IGHV3-7KNP*07,IGHV3-38-3*01_fb92,7,1,9,FALSE,17,17,182,,FALSE
IGHV,IGHV4-25M6*26,IGHV4-4*07_g234a_c245a,5,0,12,FALSE,17,17,183,,FALSE
IGHV,IGHV3-4JW6*31,IGHV3-30-5*02_g49a,2,0,14,FALSE,16,16,184,,FALSE
IGHV,IGHV3-CVJX*22,IGHV3-66*01_g175t,2,2,12,FALSE,16,16,185,,FALSE
IGHV,IGHV4-5ZJ6*01,IGHV4-31*11,1,0,15,TRUE,16,16,186,,FALSE
IGHV,IGHV1-7EIU*04,IGHV1-3*02_t6c_g167t,5,2,8,FALSE,15,15,187,,FALSE
IGHV,IGHV2-7UAK*03,IGHV2-5*02_a202g,4,3,8,FALSE,15,15,188,,FALSE
IGHV,IGHV3-4JW6*17,IGHV3-30-5*01_c75g,1,2,12,FALSE,15,15,189,,FALSE
IGHV,IGHV3-CVJX*06,IGHV3-53*01_g273a,3,3,9,FALSE,15,15,190,,FALSE
IGHV,IGHV3-3VYP*04,IGHV3-13*01_c210t,4,0,10,FALSE,14,14,191,,FALSE
IGHV,IGHV3-4JW6*27,IGHV3-30*18_c170g_a171g,5,0,9,FALSE,14,14,192,,FALSE
IGHV,IGHV3-A46S*05,IGHV3-15*01_g46a,3,0,11,FALSE,14,14,193,,FALSE
IGHV,IGHV3-A46S*10,IGHV3-15*07_c159t,4,4,6,FALSE,14,14,194,,FALSE
IGHV,IGHV8-D4TJ*03,IGHV8-51-1*04_g241a,2,3,9,FALSE,14,14,195,,FALSE
IGHV,IGHV8-D4TJ*06,IGHV8-51-1*02_a240g,4,0,10,FALSE,14,14,196,,FALSE
IGHV,IGHV1-7CVC*04,IGHV1-24*01_t105c_t116g_t138c,2,3,8,FALSE,13,13,197,,FALSE
IGHV,IGHV1-IQ67*05,IGHV1-18*01_a190g,2,2,9,FALSE,13,13,198,,FALSE
IGHV,IGHV4-HHP5*10,IGHV4-4*03,1,1,11,TRUE,13,13,199,,FALSE
IGHV,IGHV7-5PLP*09,IGHV7-81*01_g80t,2,0,11,FALSE,13,13,200,,FALSE
IGHV,IGHV1-5HTI*07,"IGHV1-69D*01_g6c_g163a_c191t_g244a,IGHV1-69*20",0,5,7,TRUE,12,12,201,,FALSE
IGHV,IGHV1-IOYO*01,IGHV1-46*04,3,0,9,TRUE,12,12,202,,FALSE
IGHV,IGHV3-BXSZ*11,IGHV3-43D*05,3,0,9,TRUE,12,12,203,,FALSE
IGHV,IGHV1-PBWN*02,IGHV1-69-2*01_t21c_t51c_a54c_t74c_t164g_c201t_g240a,1,1,9,FALSE,11,11,204,,FALSE
IGHV,IGHV2-4BCH*25,IGHV2-70D*04_c32t_c112t,1,1,9,FALSE,11,11,205,,FALSE
IGHV,IGHV3-3OOB*02,IGHV3-23*03_g51t,1,2,8,FALSE,11,11,206,,FALSE
IGHV,IGHV3-A46S*04,IGHV3-15*01_g147a,2,0,9,FALSE,11,11,207,,FALSE
IGHV,IGHV3-DDM3*02,IGHV3-35*02_c161t,1,0,10,FALSE,11,11,208,,FALSE
IGHV,IGHV3-Z7O7*06,IGHV3-38-3*01_t300c,6,0,5,FALSE,11,11,209,,FALSE
IGHV,IGHV4-5ZJ6*12,IGHV4-30-4*08_c245g,2,4,5,FALSE,11,11,210,,FALSE
IGHV,IGHV4-A7KV*01,IGHV4-61*11,5,1,5,TRUE,11,11,211,,FALSE
IGHV,IGHV5-36ED*01,IGHV5-51*07,4,3,4,TRUE,11,11,212,,FALSE
IGHV,IGHV3-4JW6*11,"IGHV3-30*03,IGHV3-30-5*01_a317g",6,1,3,TRUE,10,10,213,,FALSE
IGHV,IGHV3-6CWJ*09,IGHV3-64*01_t296c,2,3,5,FALSE,10,10,214,,FALSE
IGHV,IGHV3-7KNP*05,IGHV3-38*02_g36c,1,3,6,FALSE,10,10,215,,FALSE
IGHV,IGHV3-BXSZ*10,IGHV3-43D*04_c53t,3,2,5,FALSE,10,10,216,,FALSE
IGHV,IGHV3-N73X*06,IGHV3-16*02_g59t_a130g,2,0,8,FALSE,10,10,217,,FALSE
IGHV,IGHV1-7EIU*08,IGHV1-3*01_c134a,0,0,9,FALSE,9,9,218,,FALSE
IGHV,IGHV3-3OOB*07,IGHV3-23*04_t52a_c113g,1,0,8,FALSE,9,9,219,,FALSE
IGHV,IGHV3-Z7O7*03,IGHV3-38-3*01_c262t,3,2,4,FALSE,9,9,220,,FALSE
IGHV,IGHV4-25M6*18,IGHV4-4*08,3,1,5,TRUE,9,9,221,,FALSE
IGHV,IGHV1-BEMW*04,IGHV1-2*02_g39a,4,0,4,FALSE,8,8,222,,FALSE
IGHV,IGHV3-CVJX*14,IGHV3-53*02_a172g,0,0,8,FALSE,8,8,223,,FALSE
IGHV,IGHV3-N73X*07,IGHV3-16*02_g6a,3,2,3,FALSE,8,8,224,,FALSE
IGHV,IGHV4-2COR*01,IGHV4-39*09,4,0,4,TRUE,8,8,225,,FALSE
IGHV,IGHV1-5HTI*45,IGHV1-69D*01_g6c_g112a_g163a_t184c_c191t,2,1,4,FALSE,7,7,226,,FALSE
IGHV,IGHV1-5HTI*57,IGHV1-69D*01_g6c_g48a_g54a,0,5,2,FALSE,7,7,227,,FALSE
IGHV,IGHV1-IOYO*03,IGHV1-46*01_a71t,2,0,5,FALSE,7,7,228,,FALSE
IGHV,IGHV1-IOYO*04,IGHV1-46*01_c245t,1,0,6,FALSE,7,7,229,,FALSE
IGHV,IGHV2-4BCH*55,IGHV2-70D*14,6,0,1,TRUE,7,7,230,,FALSE
IGHV,IGHV2-6RTA*08,IGHV2-26*02_g128a,3,0,4,FALSE,7,7,231,,FALSE
IGHV,IGHV3-3VYP*08,IGHV3-13*01_g290a,3,0,4,FALSE,7,7,232,,FALSE
IGHV,IGHV3-4JW6*29,IGHV3-30*02_g49a_t163g_c169t,1,0,6,FALSE,7,7,233,,FALSE
IGHV,IGHV3-M7QC*07,IGHV3-49*03_t262c,1,3,3,FALSE,7,7,234,,FALSE
IGHV,IGHV3-XXAB*06,IGHV3-74*01_g297a,0,5,2,FALSE,7,7,235,,FALSE
IGHV,IGHV4-2COR*03,IGHV4-39*i03,2,0,5,TRUE,7,7,236,,FALSE
IGHV,IGHV1-5HTI*68,IGHV1-69*17,3,1,2,TRUE,6,6,237,,FALSE
IGHV,IGHV1-6QKX*08,IGHV1-58*02_c296t,0,2,4,FALSE,6,6,238,,FALSE
IGHV,IGHV3-CVJX*33,IGHV3-53*05_g175t,2,0,4,FALSE,6,6,239,,FALSE
IGHV,IGHV3-XXAB*05,IGHV3-74*01_g173c,0,0,6,FALSE,6,6,240,,FALSE
IGHV,IGHV4-25M6*04,IGHV4-59*12,1,0,5,TRUE,6,6,241,,FALSE
IGHV,IGHV4-UWUM*12,IGHV4-30-2*01_g291a,0,1,5,FALSE,6,6,242,,FALSE
IGHV,IGHV1-5HTI*06,IGHV1-69*13_g244a,0,2,3,FALSE,5,5,243,,FALSE
IGHV,IGHV1-5HTI*25,IGHV1-69*04_a244g,1,0,4,FALSE,5,5,244,,FALSE
IGHV,IGHV1-5HTI*28,IGHV1-69*04_t89c,0,3,2,FALSE,5,5,245,,FALSE
IGHV,IGHV1-7EIU*01,IGHV1-3*05,5,0,0,TRUE,5,5,246,,FALSE
IGHV,IGHV1-GASB*01,IGHV1-8*02,5,0,0,TRUE,5,5,247,,FALSE
IGHV,IGHV2-6RTA*05,IGHV2-26*01_g39a,2,0,3,FALSE,5,5,248,,FALSE
IGHV,IGHV3-4JW6*12,IGHV3-30*03_c170g_a171g_a318c,2,0,3,FALSE,5,5,249,,FALSE
IGHV,IGHV3-CVJX*03,IGHV3-53*01_g273a_c288t_c300t,2,0,3,FALSE,5,5,250,,FALSE
IGHV,IGHV4-25M6*29,IGHV4-61*10_c93t,0,0,5,FALSE,5,5,251,,FALSE
IGHV,IGHV4-5ZJ6*16,IGHV4-30-4*i02_0213,2,0,3,FALSE,5,5,252,,FALSE
IGHV,IGHV4-A7KV*06,IGHV4-61*02_c34t_c163t_g164a_t165c,2,0,3,FALSE,5,5,253,,FALSE
IGHV,IGHV7-5PLP*10,IGHV7-81*01_t138c,1,0,4,FALSE,5,5,254,,FALSE
IGHV,IGHV1-5HTI*11,IGHV1-69*14_g18a_g112a,1,0,3,FALSE,4,4,255,,FALSE
IGHV,IGHV1-5HTI*34,"IGHV1-69*12_c191t,IGHV1-69D*01_g6c_c191t",1,0,3,FALSE,4,4,256,,FALSE
IGHV,IGHV1-5HTI*37,IGHV1-69*12_t184c,1,0,3,FALSE,4,4,257,,FALSE
IGHV,IGHV1-5HTI*54,IGHV1-69D*01_g6c_g163a_g238a,2,0,2,FALSE,4,4,258,,FALSE
IGHV,IGHV1-5HTI*67,"IGHV1-69D*01_g163a,IGHV1-69*18",0,1,3,TRUE,4,4,259,,FALSE
IGHV,IGHV1-7CVC*05,IGHV1-24*01_g270c,2,0,2,FALSE,4,4,260,,FALSE
IGHV,IGHV3-4JW6*10,IGHV3-30-3*01_g150a_c189t_t288c,1,0,3,FALSE,4,4,261,,FALSE
IGHV,IGHV3-4JW6*42,IGHV3-33*01_g170c_g171a,1,0,3,FALSE,4,4,262,,FALSE
IGHV,IGHV3-CVJX*16,IGHV3-53*02_g175t,1,1,2,FALSE,4,4,263,,FALSE
IGHV,IGHV3-CVJX*30,IGHV3-53*04_g37a,0,2,2,FALSE,4,4,264,,FALSE
IGHV,IGHV3-CVJX*31,IGHV3-53*04_t288c,0,1,3,FALSE,4,4,265,,FALSE
IGHV,IGHV3-M7QC*06,IGHV3-49*03_g207c,1,1,2,FALSE,4,4,266,,FALSE
IGHV,IGHV3-XXAB*02,IGHV3-74*01_a81g,2,0,2,FALSE,4,4,267,,FALSE
IGHV,IGHV4-25M6*14,IGHV4-59*01_g48a_g49c,1,1,2,FALSE,4,4,268,,FALSE
IGHV,IGHV4-5ZJ6*11,IGHV4-30-4*08_c134a,3,0,1,FALSE,4,4,269,,FALSE
IGHV,IGHV4-5ZJ6*19,IGHV4-31*03_c90t,0,0,4,FALSE,4,4,270,,FALSE
IGHV,IGHV4-UWUM*05,IGHV4-30-2*01_c4g_c21g_t25c_g70a_c113a_c285t_c315g,1,2,1,FALSE,4,4,271,,FALSE
IGHV,IGHV1-5HTI*08,IGHV1-69*20_g54a,0,0,3,FALSE,3,3,272,,FALSE
IGHV,IGHV1-5HTI*48,IGHV1-69D*01_g54a,1,0,2,FALSE,3,3,273,,FALSE
IGHV,IGHV1-5HTI*52,IGHV1-69D*01_g6c_g112a,1,0,2,FALSE,3,3,274,,FALSE
IGHV,IGHV1-5HTI*71,IGHV1-69*05_g112a,0,1,2,FALSE,3,3,275,,FALSE
IGHV,IGHV1-7EIU*02,IGHV1-3*04,0,0,3,TRUE,3,3,276,,FALSE
IGHV,IGHV1-PBWN*06,IGHV1-69-2*01_t45a,0,0,3,FALSE,3,3,277,,FALSE
IGHV,IGHV2-4BCH*15,IGHV2-70*05_a14g_c116t,2,0,1,FALSE,3,3,278,,FALSE
IGHV,IGHV2-4BCH*31,IGHV2-70D*04_g107a,0,0,3,FALSE,3,3,279,,FALSE
IGHV,IGHV2-6RTA*04,IGHV2-26*01_g36a,1,0,2,FALSE,3,3,280,,FALSE
IGHV,IGHV2-6RTA*07,IGHV2-26*02_c88g_c161a,1,0,2,FALSE,3,3,281,,FALSE
IGHV,IGHV2-6RTA*11,IGHV2-26*04_g190a,1,0,2,FALSE,3,3,282,,FALSE
IGHV,IGHV3-3KMZ*07,IGHV3-7*01_g315a,1,0,2,FALSE,3,3,283,,FALSE
IGHV,IGHV3-3VYP*07,IGHV3-13*01_g224a,0,0,3,FALSE,3,3,284,,FALSE
IGHV,IGHV3-4JW6*20,IGHV3-30*18_c170g_a171g_a176g,1,2,0,FALSE,3,3,285,,FALSE
IGHV,IGHV3-4TLZ*06,IGHV3-9*01_t194c,3,0,0,FALSE,3,3,286,,FALSE
IGHV,IGHV3-A46S*02,IGHV3-15*01_c10g,2,0,1,FALSE,3,3,287,,FALSE
IGHV,IGHV3-A46S*07,IGHV3-15*01_t247c,0,0,3,FALSE,3,3,288,,FALSE
IGHV,IGHV3-BXSZ*09,IGHV3-43D*04_c137t,0,0,3,FALSE,3,3,289,,FALSE
IGHV,IGHV3-CVJX*19,IGHV3-66*01_a193g,1,0,2,FALSE,3,3,290,,FALSE
IGHV,IGHV4-25M6*25,IGHV4-4*07_c207g,0,0,3,FALSE,3,3,291,,FALSE
IGHV,IGHV4-4LVZ*13,IGHV4-28*05_c51g,0,0,3,FALSE,3,3,292,,FALSE
IGHV,IGHV4-5ZJ6*15,IGHV4-30-4*i02,0,0,3,TRUE,3,3,293,,FALSE
IGHV,IGHV4-UWUM*11,IGHV4-30-2*01_c315g,1,0,2,FALSE,3,3,294,,FALSE
IGHV,IGHV7-2GXW*04,IGHV7-4-1*02_g221a,2,1,0,FALSE,3,3,295,,FALSE
IGHV,IGHV1-5HTI*16,IGHV1-69*10_a244g,0,1,1,FALSE,2,2,296,,FALSE
IGHV,IGHV1-5HTI*26,IGHV1-69*04_g48a_a163g,0,0,2,FALSE,2,2,297,,FALSE
IGHV,IGHV1-5HTI*43,IGHV1-69D*01_c113t,0,0,2,FALSE,2,2,298,,FALSE
IGHV,IGHV1-5HTI*55,IGHV1-69D*01_g6c_g18a,0,0,2,FALSE,2,2,299,,FALSE
IGHV,IGHV1-5HTI*74,IGHV1-69*05_t184c_c191t,1,0,1,FALSE,2,2,300,,FALSE
IGHV,IGHV1-7EIU*07,IGHV1-3*01_a40c,0,0,2,FALSE,2,2,301,,FALSE
IGHV,IGHV2-4BCH*05,IGHV2-70*05_a60g_g107a_c116t_t197a_a200g,0,0,2,FALSE,2,2,302,,FALSE
IGHV,IGHV2-4BCH*23,IGHV2-70D*04_c157t,0,0,2,FALSE,2,2,303,,FALSE
IGHV,IGHV2-4BCH*28,IGHV2-70D*04_c6t,0,0,2,FALSE,2,2,304,,FALSE
IGHV,IGHV2-4BCH*34,IGHV2-70D*04_g107c,0,0,2,FALSE,2,2,305,,FALSE
IGHV,IGHV2-4BCH*36,IGHV2-70D*04_g107c_t116c,0,0,2,FALSE,2,2,306,,FALSE
IGHV,IGHV2-4BCH*44,IGHV2-70D*04_g92c,0,0,2,FALSE,2,2,307,,FALSE
IGHV,IGHV2-4BCH*59,IGHV2-70*01_a193g,0,0,2,FALSE,2,2,308,,FALSE
IGHV,IGHV2-4BCH*63,IGHV2-70*01_c231a,2,0,0,FALSE,2,2,309,,FALSE
IGHV,IGHV2-4BCH*93,IGHV2-70*15_g107a,0,0,2,FALSE,2,2,310,,FALSE
IGHV,IGHV2-4BCH*98,IGHV2-70*15_g14a_a60g_a124g_a200g_a242c,0,0,2,FALSE,2,2,311,,FALSE
IGHV,IGHV2-7UAK*02,IGHV2-5*02_g292a,2,0,0,FALSE,2,2,312,,FALSE
IGHV,IGHV3-3OOB*09,IGHV3-23*01_t76a,2,0,0,FALSE,2,2,313,,FALSE
IGHV,IGHV3-3VYP*02,IGHV3-13*01_c90t,2,0,0,FALSE,2,2,314,,FALSE
IGHV,IGHV3-3VYP*09,IGHV3-13*01_t45g,0,0,2,FALSE,2,2,315,,FALSE
IGHV,IGHV3-4JW6*06,IGHV3-30-3*01_c113g_t114c,0,0,2,FALSE,2,2,316,,FALSE
IGHV,IGHV3-4TLZ*04,IGHV3-9*01_a104g,2,0,0,FALSE,2,2,317,,FALSE
IGHV,IGHV3-BXSZ*03,IGHV3-43*01_a195c,1,0,1,FALSE,2,2,318,,FALSE
IGHV,IGHV3-CVJX*07,IGHV3-53*01_g88t_a106g_g107a_a109t,0,0,2,FALSE,2,2,319,,FALSE
IGHV,IGHV3-CVJX*25,IGHV3-66*01_t116a,0,0,2,FALSE,2,2,320,,FALSE
IGHV,IGHV3-CVJX*35,IGHV3-66*03_c136t,2,0,0,FALSE,2,2,321,,FALSE
IGHV,IGHV3-CVJX*37,IGHV3-66*03_t175g,1,1,0,FALSE,2,2,322,,FALSE
IGHV,IGHV3-FW4V*04,IGHV3-62*03_g24a_a26g_c39a_t151g_a263c_c279t_c291g,0,0,2,FALSE,2,2,323,,FALSE
IGHV,IGHV3-GNJS*02,IGHV3-72*01_t266g,2,0,0,FALSE,2,2,324,,FALSE
IGHV,IGHV3-GNJS*04,IGHV3-72*01_a305g,0,1,1,FALSE,2,2,325,,FALSE
IGHV,IGHV3-GNJS*06,IGHV3-72*01_c54t,1,0,1,FALSE,2,2,326,,FALSE
IGHV,IGHV3-M7QC*02,IGHV3-49*05_g140a,0,0,2,FALSE,2,2,327,,FALSE
IGHV,IGHV3-N73X*03,IGHV3-16*02_c210t,0,0,2,FALSE,2,2,328,,FALSE
IGHV,IGHV3-N73X*05,IGHV3-16*02_c280t,1,0,1,FALSE,2,2,329,,FALSE
IGHV,IGHV4-25M6*06,IGHV4-59*12_t165c_t172a_a173c_g291a_g319c,0,0,2,FALSE,2,2,330,,FALSE
IGHV,IGHV4-25M6*15,IGHV4-59*01_t163c_a164g_t172a_a173c,0,0,2,FALSE,2,2,331,,FALSE
IGHV,IGHV4-25M6*17,IGHV4-61*i04,1,0,1,TRUE,2,2,332,,FALSE
IGHV,IGHV4-25M6*20,IGHV4-59*11_a147g_t163a_a164g,1,0,1,FALSE,2,2,333,,FALSE
IGHV,IGHV4-25M6*21,IGHV4-59*11_t288c,0,0,2,FALSE,2,2,334,,FALSE
IGHV,IGHV4-25M6*23,IGHV4-4*07_a50g,2,0,0,FALSE,2,2,335,,FALSE
IGHV,IGHV4-2COR*02,IGHV4-39*08,0,1,1,TRUE,2,2,336,,FALSE
IGHV,IGHV4-2COR*17,IGHV4-39*01_t300c_c319g,0,0,2,FALSE,2,2,337,,FALSE
IGHV,IGHV4-4LVZ*11,IGHV4-28*05_c20t,1,0,1,FALSE,2,2,338,,FALSE
IGHV,IGHV4-5ZJ6*14,IGHV4-30-4*08_g4c,1,0,1,FALSE,2,2,339,,FALSE
IGHV,IGHV4-5ZJ6*18,IGHV4-31*03_c245g,0,0,2,FALSE,2,2,340,,FALSE
IGHV,IGHV4-HHP5*03,IGHV4-4*02_a196t,1,0,1,FALSE,2,2,341,,FALSE
IGHV,IGHV4-HHP5*05,IGHV4-4*02_g48a_g49c_g50a,0,0,2,FALSE,2,2,342,,FALSE
IGHV,IGHV4-HHP5*06,IGHV4-4*02_g50a_g70a,0,0,2,FALSE,2,2,343,,FALSE
IGHV,IGHV4-QA67*05,IGHV4-34*01_c114t,0,0,2,FALSE,2,2,344,,FALSE
IGHV,IGHV4-QA67*10,IGHV4-34*01_g6a_a232g,0,0,2,FALSE,2,2,345,,FALSE
IGHV,IGHV4-UWUM*08,IGHV4-30-2*01_c21g_t25c_g70a,0,0,2,FALSE,2,2,346,,FALSE
IGHV,IGHV7-5PLP*03,IGHV7-81*01_a190g,0,0,2,FALSE,2,2,347,,FALSE
IGHV,IGHV7-5PLP*05,IGHV7-81*01_c10t_c223t_a238t,0,0,2,FALSE,2,2,348,,FALSE
IGHV,IGHV7-5PLP*06,IGHV7-81*01_c128t,0,0,2,FALSE,2,2,349,,FALSE
IGHV,IGHV7-5PLP*11,IGHV7-81*01_t62c,0,0,2,FALSE,2,2,350,,FALSE
IGHV,IGHV8-D4TJ*07,IGHV8-51-1*02_c236a,0,0,2,FALSE,2,2,351,,FALSE
IGHV,IGHV1-5HTI*02,IGHV1-69*02_g301a,0,0,1,FALSE,1,1,352,,FALSE
IGHV,IGHV1-5HTI*03,IGHV1-69*02_t189c,0,0,1,FALSE,1,1,353,,FALSE
IGHV,IGHV1-5HTI*14,IGHV1-69*09_t49g_g54a,1,0,0,FALSE,1,1,354,,FALSE
IGHV,IGHV1-5HTI*17,IGHV1-69*10_a41g_a59g,0,0,1,FALSE,1,1,355,,FALSE
IGHV,IGHV1-5HTI*18,IGHV1-69*10_c6g,0,0,1,FALSE,1,1,356,,FALSE
IGHV,IGHV1-5HTI*19,IGHV1-69*10_g112a,0,1,0,FALSE,1,1,357,,FALSE
IGHV,IGHV1-5HTI*21,IGHV1-69*04_a110c_g119c,0,0,1,FALSE,1,1,358,,FALSE
IGHV,IGHV1-5HTI*24,IGHV1-69*04_a163g_a320g,0,0,1,FALSE,1,1,359,,FALSE
IGHV,IGHV1-5HTI*27,IGHV1-69*04_g48a_g54a_a244g,0,0,1,FALSE,1,1,360,,FALSE
IGHV,IGHV1-5HTI*31,IGHV1-69*15_t184c,0,0,1,FALSE,1,1,361,,FALSE
IGHV,IGHV1-5HTI*33,IGHV1-69*12_a38g_g42c,0,1,0,FALSE,1,1,362,,FALSE
IGHV,IGHV1-5HTI*35,IGHV1-69*12_g33a,0,1,0,FALSE,1,1,363,,FALSE
IGHV,IGHV1-5HTI*39,IGHV1-69D*01_a162g_t184c_c191t,1,0,0,FALSE,1,1,364,,FALSE
IGHV,IGHV1-5HTI*40,IGHV1-69D*01_g6c_g48a_c191t,1,0,0,FALSE,1,1,365,,FALSE
IGHV,IGHV1-5HTI*41,IGHV1-69D*01_g6c_g48a_g163a,1,0,0,FALSE,1,1,366,,FALSE
IGHV,IGHV1-5HTI*42,IGHV1-69D*01_c113g_a115g_c198g,0,0,1,FALSE,1,1,367,,FALSE
IGHV,IGHV1-5HTI*44,IGHV1-69D*01_c191t,0,0,1,FALSE,1,1,368,,FALSE
IGHV,IGHV1-5HTI*46,IGHV1-69D*01_g163a_t184c_c191t,0,0,1,FALSE,1,1,369,,FALSE
IGHV,IGHV1-5HTI*47,IGHV1-69D*01_g193c,0,0,1,FALSE,1,1,370,,FALSE
IGHV,IGHV1-5HTI*49,IGHV1-69D*01_g6c_c191t_g244a,0,1,0,FALSE,1,1,371,,FALSE
IGHV,IGHV1-5HTI*50,IGHV1-69D*01_g6c_c198a,0,0,1,FALSE,1,1,372,,FALSE
IGHV,IGHV1-5HTI*51,IGHV1-69D*01_g6c_c255t,0,0,1,FALSE,1,1,373,,FALSE
IGHV,IGHV1-5HTI*53,IGHV1-69D*01_g6c_g112a_t184c_c191t_g238a,0,0,1,FALSE,1,1,374,,FALSE
IGHV,IGHV1-5HTI*56,IGHV1-69D*01_g6c_g18a_g163a,0,0,1,FALSE,1,1,375,,FALSE
IGHV,IGHV1-5HTI*58,IGHV1-69D*01_g6c_g48a_g54a_g238a,0,0,1,FALSE,1,1,376,,FALSE
IGHV,IGHV1-5HTI*59,IGHV1-69D*01_g6c_g48a_t184c_c191t,0,0,1,FALSE,1,1,377,,FALSE
IGHV,IGHV1-5HTI*60,IGHV1-69D*01_g6c_g54a_g163a_g238a,0,0,1,FALSE,1,1,378,,FALSE
IGHV,IGHV1-5HTI*61,IGHV1-69D*01_g6c_g54a_t184c,0,0,1,FALSE,1,1,379,,FALSE
IGHV,IGHV1-5HTI*62,IGHV1-69D*01_g6c_t75c_c249t,0,1,0,FALSE,1,1,380,,FALSE
IGHV,IGHV1-5HTI*63,IGHV1-69D*01_t184c_c191t,0,0,1,FALSE,1,1,381,,FALSE
IGHV,IGHV1-5HTI*65,IGHV1-69*06_a115c,0,0,1,FALSE,1,1,382,,FALSE
IGHV,IGHV1-5HTI*66,IGHV1-69*06_g112a,0,0,1,FALSE,1,1,383,,FALSE
IGHV,IGHV1-5HTI*70,IGHV1-69*05_c191t,0,0,1,FALSE,1,1,384,,FALSE
IGHV,IGHV1-5HTI*72,IGHV1-69*05_g3c,0,0,1,FALSE,1,1,385,,FALSE
IGHV,IGHV1-5HTI*75,IGHV1-69*05_t76c_c108t,0,0,1,FALSE,1,1,386,,FALSE
IGHV,IGHV1-6QKX*03,IGHV1-58*01_c201t,1,0,0,FALSE,1,1,387,,FALSE
IGHV,IGHV1-6QKX*04,IGHV1-58*01_t163c,1,0,0,FALSE,1,1,388,,FALSE
IGHV,IGHV1-6QKX*05,IGHV1-58*01_g297c,1,0,0,FALSE,1,1,389,,FALSE
IGHV,IGHV1-6QKX*06,IGHV1-58*01_g301a,0,0,1,FALSE,1,1,390,,FALSE
IGHV,IGHV1-6QKX*09,IGHV1-58*02_g315a,0,0,1,FALSE,1,1,391,,FALSE
IGHV,IGHV1-7CVC*02,IGHV1-24*01_g297a,1,0,0,FALSE,1,1,392,,FALSE
IGHV,IGHV1-7CVC*03,IGHV1-24*01_c300t,1,0,0,FALSE,1,1,393,,FALSE
IGHV,IGHV1-7CVC*06,IGHV1-24*01_g278t,0,0,1,FALSE,1,1,394,,FALSE
IGHV,IGHV1-BEMW*03,IGHV1-2*02_g225a,1,0,0,FALSE,1,1,395,,FALSE
IGHV,IGHV1-D5ET*02,IGHV1-45*02_a265c,0,0,1,FALSE,1,1,396,,FALSE
IGHV,IGHV1-D5ET*03,IGHV1-45*02_c138t,0,0,1,FALSE,1,1,397,,FALSE
IGHV,IGHV1-GASB*04,IGHV1-8*01_a318-,1,0,0,FALSE,1,1,398,,FALSE
IGHV,IGHV1-GASB*05,IGHV1-8*01_c203t,1,0,0,FALSE,1,1,399,,FALSE
IGHV,IGHV1-IQ67*04,IGHV1-18*01_t6g,1,0,0,FALSE,1,1,400,,FALSE
IGHV,IGHV1-IQ67*06,IGHV1-18*01_a196g,1,0,0,FALSE,1,1,401,,FALSE
IGHV,IGHV1-IQ67*07,IGHV1-18*01_g221a,0,0,1,FALSE,1,1,402,,FALSE
IGHV,IGHV1-PBWN*04,IGHV1-69-2*01_c239t,0,0,1,FALSE,1,1,403,,FALSE
IGHV,IGHV1-PBWN*05,IGHV1-69-2*01_g282a,0,0,1,FALSE,1,1,404,,FALSE
IGHV,IGHV2-4BCH*02,IGHV2-70*05_a60g_c116t_c161a_t197a_a200g_a242c_t320a_c322g,0,0,1,FALSE,1,1,405,,FALSE
IGHV,IGHV2-4BCH*03,IGHV2-70*05_a60g_c93t_c116t_t197a_a200g_a242c,0,0,1,FALSE,1,1,406,,FALSE
IGHV,IGHV2-4BCH*04,IGHV2-70*05_a60g_g106a_c116t_a176g_t197a_a200g_a242c,0,0,1,FALSE,1,1,407,,FALSE
IGHV,IGHV2-4BCH*06,IGHV2-70*05_a60g_g107t_c116t_t197a_a200g,0,0,1,FALSE,1,1,408,,FALSE
IGHV,IGHV2-4BCH*07,IGHV2-70*05_a60g_t102g_c116t_t197a_a200g,0,0,1,FALSE,1,1,409,,FALSE
IGHV,IGHV2-4BCH*08,IGHV2-70*05_c26g_a60g_c116t_t197a_a200g,0,0,1,FALSE,1,1,410,,FALSE
IGHV,IGHV2-4BCH*100,IGHV2-70*15_g36t_c61g_a103g_g107a_a166t_a195g_a200g_c299g_g303t,0,0,1,FALSE,1,1,411,,FALSE
IGHV,IGHV2-4BCH*101,IGHV2-70*15_g81a_c84t_g92a_a176g_c204g,0,0,1,FALSE,1,1,412,,FALSE
IGHV,IGHV2-4BCH*102,IGHV2-70*15_g81c_a108c_g119a_c133t,0,0,1,FALSE,1,1,413,,FALSE
IGHV,IGHV2-4BCH*104,IGHV2-70*20_a109t_t189c_t196a_c198t_t199g_a308t,0,0,1,FALSE,1,1,414,,FALSE
IGHV,IGHV2-4BCH*105,IGHV2-70*20_a205g_a284g,0,0,1,FALSE,1,1,415,,FALSE
IGHV,IGHV2-4BCH*106,IGHV2-70*20_a207t,0,0,1,FALSE,1,1,416,,FALSE
IGHV,IGHV2-4BCH*107,IGHV2-70*20_c198t_g303a_a308t,0,1,0,FALSE,1,1,417,,FALSE
IGHV,IGHV2-4BCH*108,IGHV2-70*20_g160a_a244t,0,0,1,FALSE,1,1,418,,FALSE
IGHV,IGHV2-4BCH*109,IGHV2-70*20_g39a,0,0,1,FALSE,1,1,419,,FALSE
IGHV,IGHV2-4BCH*11,IGHV2-70*05_t102a_c116t,0,0,1,FALSE,1,1,420,,FALSE
IGHV,IGHV2-4BCH*12,IGHV2-70*05_t35a_a60g_c116t_t197a_a200g_c206t,0,0,1,FALSE,1,1,421,,FALSE
IGHV,IGHV2-4BCH*14,IGHV2-70D*04_a109g_g156c,0,0,1,FALSE,1,1,422,,FALSE
IGHV,IGHV2-4BCH*16,IGHV2-70D*04_a14g_c112t_g164t_t197a_c204t,0,0,1,FALSE,1,1,423,,FALSE
IGHV,IGHV2-4BCH*17,IGHV2-70D*04_a239g,0,0,1,FALSE,1,1,424,,FALSE
IGHV,IGHV2-4BCH*18,IGHV2-70D*04_a271t,0,0,1,FALSE,1,1,425,,FALSE
IGHV,IGHV2-4BCH*19,IGHV2-70D*04_a305g,0,0,1,FALSE,1,1,426,,FALSE
IGHV,IGHV2-4BCH*20,IGHV2-70D*04_a41c_g106a_g107c_a305t,0,0,1,FALSE,1,1,427,,FALSE
IGHV,IGHV2-4BCH*21,IGHV2-70D*04_c101t,0,0,1,FALSE,1,1,428,,FALSE
IGHV,IGHV2-4BCH*22,IGHV2-70D*04_c127t_a308g,0,0,1,FALSE,1,1,429,,FALSE
IGHV,IGHV2-4BCH*24,IGHV2-70D*04_c204t,0,0,1,FALSE,1,1,430,,FALSE
IGHV,IGHV2-4BCH*26,IGHV2-70D*04_c47g_t116c,0,0,1,FALSE,1,1,431,,FALSE
IGHV,IGHV2-4BCH*27,IGHV2-70D*04_c69t_t102c_c201t_c300t,0,1,0,FALSE,1,1,432,,FALSE
IGHV,IGHV2-4BCH*29,IGHV2-70D*04_c93t_t116c_t197c,0,0,1,FALSE,1,1,433,,FALSE
IGHV,IGHV2-4BCH*30,IGHV2-70D*04_g104t_t116c,0,0,1,FALSE,1,1,434,,FALSE
IGHV,IGHV2-4BCH*32,IGHV2-70D*04_g107a_a109g_g115a_t171c_c269g_t320c,0,0,1,FALSE,1,1,435,,FALSE
IGHV,IGHV2-4BCH*33,IGHV2-70D*04_g107a_g140a,0,0,1,FALSE,1,1,436,,FALSE
IGHV,IGHV2-4BCH*35,IGHV2-70D*04_g107c_c296t,0,0,1,FALSE,1,1,437,,FALSE
IGHV,IGHV2-4BCH*37,IGHV2-70D*04_g107c_t192a,0,0,1,FALSE,1,1,438,,FALSE
IGHV,IGHV2-4BCH*38,IGHV2-70D*04_g113a_t116c,0,0,1,FALSE,1,1,439,,FALSE
IGHV,IGHV2-4BCH*39,IGHV2-70D*04_g164t,0,0,1,FALSE,1,1,440,,FALSE
IGHV,IGHV2-4BCH*40,IGHV2-70D*04_g225a_a239g,0,0,1,FALSE,1,1,441,,FALSE
IGHV,IGHV2-4BCH*41,IGHV2-70D*04_g259c_a271g_t307a,0,0,1,FALSE,1,1,442,,FALSE
IGHV,IGHV2-4BCH*42,IGHV2-70D*04_g31a_t83c_c198t_t288a,0,0,1,FALSE,1,1,443,,FALSE
IGHV,IGHV2-4BCH*43,IGHV2-70D*04_g92a_g107a_a118c_a319g,0,1,0,FALSE,1,1,444,,FALSE
IGHV,IGHV2-4BCH*45,IGHV2-70D*04_t10c_c101g_g119a,0,0,1,FALSE,1,1,445,,FALSE
IGHV,IGHV2-4BCH*46,IGHV2-70D*04_t10c_t85g_c93t_t116c_t247c_c275g_a301g,0,0,1,FALSE,1,1,446,,FALSE
IGHV,IGHV2-4BCH*47,IGHV2-70D*04_t116a,0,0,1,FALSE,1,1,447,,FALSE
IGHV,IGHV2-4BCH*48,IGHV2-70D*04_t116a_t177c_c269g,0,0,1,FALSE,1,1,448,,FALSE
IGHV,IGHV2-4BCH*49,IGHV2-70D*04_t116c_a193g_t290c,0,0,1,FALSE,1,1,449,,FALSE
IGHV,IGHV2-4BCH*50,IGHV2-70D*04_t116c_g187a_a274g,0,0,1,FALSE,1,1,450,,FALSE
IGHV,IGHV2-4BCH*51,IGHV2-70D*04_t116c_t197g_t267a,0,0,1,FALSE,1,1,451,,FALSE
IGHV,IGHV2-4BCH*52,IGHV2-70D*04_t116c_t312c,0,0,1,FALSE,1,1,452,,FALSE
IGHV,IGHV2-4BCH*53,IGHV2-70D*04_t38c_g80a_g119a_c322t,0,0,1,FALSE,1,1,453,,FALSE
IGHV,IGHV2-4BCH*54,IGHV2-70D*04_t74g_c84g_a87t_g107c_t129c_t172a_a280g_g283a,0,0,1,FALSE,1,1,454,,FALSE
IGHV,IGHV2-4BCH*56,IGHV2-70D*14_a48g_a109g_a152g_g169c_a232c,0,0,1,FALSE,1,1,455,,FALSE
IGHV,IGHV2-4BCH*58,IGHV2-70*01_g261t,1,0,0,FALSE,1,1,456,,FALSE
IGHV,IGHV2-4BCH*60,IGHV2-70*01_a268t,0,0,1,FALSE,1,1,457,,FALSE
IGHV,IGHV2-4BCH*61,IGHV2-70*01_a305t,0,0,1,FALSE,1,1,458,,FALSE
IGHV,IGHV2-4BCH*62,IGHV2-70*01_a42g,0,0,1,FALSE,1,1,459,,FALSE
IGHV,IGHV2-4BCH*64,IGHV2-70*01_c120g,0,0,1,FALSE,1,1,460,,FALSE
IGHV,IGHV2-4BCH*65,IGHV2-70*01_c43t,0,0,1,FALSE,1,1,461,,FALSE
IGHV,IGHV2-4BCH*66,IGHV2-70*01_c71g_t102c_a138c_t306c,0,0,1,FALSE,1,1,462,,FALSE
IGHV,IGHV2-4BCH*67,IGHV2-70*01_c84g,0,0,1,FALSE,1,1,463,,FALSE
IGHV,IGHV2-4BCH*68,IGHV2-70*01_c93t_a268g_c294t,0,0,1,FALSE,1,1,464,,FALSE
IGHV,IGHV2-4BCH*69,IGHV2-70*01_g106c,0,0,1,FALSE,1,1,465,,FALSE
IGHV,IGHV2-4BCH*70,IGHV2-70*01_g107c_c255g,0,0,1,FALSE,1,1,466,,FALSE
IGHV,IGHV2-4BCH*71,IGHV2-70*01_g14a_a60g_c88t_g107c_t112c_t164a_a200g_a254g,0,1,0,FALSE,1,1,467,,FALSE
IGHV,IGHV2-4BCH*72,IGHV2-70*01_g203a_g303a,0,0,1,FALSE,1,1,468,,FALSE
IGHV,IGHV2-4BCH*73,IGHV2-70*01_t171a,0,0,1,FALSE,1,1,469,,FALSE
IGHV,IGHV2-4BCH*74,IGHV2-70*01_t196c_a207g,0,0,1,FALSE,1,1,470,,FALSE
IGHV,IGHV2-4BCH*75,IGHV2-70*01_t196g_g303a,0,0,1,FALSE,1,1,471,,FALSE
IGHV,IGHV2-4BCH*76,IGHV2-70*01_t199c_c204a_a271c,0,0,1,FALSE,1,1,472,,FALSE
IGHV,IGHV2-4BCH*77,IGHV2-70*01_t212g,0,0,1,FALSE,1,1,473,,FALSE
IGHV,IGHV2-4BCH*79,IGHV2-70*15_a100c_c198t_c204t_g273c,0,0,1,FALSE,1,1,474,,FALSE
IGHV,IGHV2-4BCH*80,IGHV2-70*15_a17t,0,0,1,FALSE,1,1,475,,FALSE
IGHV,IGHV2-4BCH*81,IGHV2-70*15_a205g_c265t,0,0,1,FALSE,1,1,476,,FALSE
IGHV,IGHV2-4BCH*82,IGHV2-70*15_a271g,0,0,1,FALSE,1,1,477,,FALSE
IGHV,IGHV2-4BCH*83,IGHV2-70*15_a321g,0,1,0,FALSE,1,1,478,,FALSE
IGHV,IGHV2-4BCH*84,IGHV2-70*15_a41g_c44t_a138c_a271g,0,0,1,FALSE,1,1,479,,FALSE
IGHV,IGHV2-4BCH*85,IGHV2-70*15_a48t_g187a_a274g,0,0,1,FALSE,1,1,480,,FALSE
IGHV,IGHV2-4BCH*86,IGHV2-70*15_a87g_g107c_g169a_a242g_t304a,0,0,1,FALSE,1,1,481,,FALSE
IGHV,IGHV2-4BCH*87,IGHV2-70*15_a91t_g107a_c204t_a215g_c269g_a308c,0,0,1,FALSE,1,1,482,,FALSE
IGHV,IGHV2-4BCH*88,IGHV2-70*15_c120a,0,0,1,FALSE,1,1,483,,FALSE
IGHV,IGHV2-4BCH*89,IGHV2-70*15_c120g_a188g_g203a_c269t_t304g_t320a,0,0,1,FALSE,1,1,484,,FALSE
IGHV,IGHV2-4BCH*90,IGHV2-70*15_c120g_g203c,0,1,0,FALSE,1,1,485,,FALSE
IGHV,IGHV2-4BCH*91,IGHV2-70*15_c34t_c71g_c120g_c157a_t196a,0,0,1,FALSE,1,1,486,,FALSE
IGHV,IGHV2-4BCH*92,IGHV2-70*15_c9t_c88g_t89a_c101t_g107a_c120t_a124c_g303c_a321g,0,0,1,FALSE,1,1,487,,FALSE
IGHV,IGHV2-4BCH*94,IGHV2-70*15_g107a_a188g_t196g,0,0,1,FALSE,1,1,488,,FALSE
IGHV,IGHV2-4BCH*95,IGHV2-70*15_g107c_c198t_c265t_a268g,0,0,1,FALSE,1,1,489,,FALSE
IGHV,IGHV2-4BCH*96,IGHV2-70*15_g113c_t320c,0,0,1,FALSE,1,1,490,,FALSE
IGHV,IGHV2-4BCH*97,IGHV2-70*15_g14a_a60g_a103g_t192g_a195g_a200g_a223g_a242c_a305c_t320c,0,0,1,FALSE,1,1,491,,FALSE
IGHV,IGHV2-4BCH*99,IGHV2-70*15_g156c,0,0,1,FALSE,1,1,492,,FALSE
IGHV,IGHV2-6O23*01,IGHV2-70*01_g51a_c93t_g107a_g115a_a142g_a176c_g190a_t281g_a308g,0,0,1,FALSE,1,1,493,,FALSE
IGHV,IGHV2-6RTA*02,IGHV2-26*01_g73a,1,0,0,FALSE,1,1,494,,FALSE
IGHV,IGHV2-6RTA*03,IGHV2-26*01_g23a,0,0,1,FALSE,1,1,495,,FALSE
IGHV,IGHV2-6RTA*10,IGHV2-26*04_g144a,0,0,1,FALSE,1,1,496,,FALSE
IGHV,IGHV2-7UAK*05,IGHV2-5*01_a220g,1,0,0,FALSE,1,1,497,,FALSE
IGHV,IGHV2-FKTH*01,IGHV2-70D*04_4025,1,0,0,FALSE,1,1,498,,FALSE
IGHV,IGHV2-ZWSX*01,IGHV2-70*01_c34g_g107c_a109g_g113c_a138c_g160a_a232g_a244c_a305g,0,0,1,FALSE,1,1,499,,FALSE
IGHV,IGHV3-2ZME*03,IGHV3-48*01_a39c,0,0,1,FALSE,1,1,500,,FALSE
IGHV,IGHV3-2ZME*07,IGHV3-21*01_g32a,1,0,0,FALSE,1,1,501,,FALSE
IGHV,IGHV3-2ZME*09,IGHV3-21*01_t158c,0,1,0,FALSE,1,1,502,,FALSE
IGHV,IGHV3-3H2D*02,IGHV3-11*04_a318g,0,0,1,FALSE,1,1,503,,FALSE
IGHV,IGHV3-3H2D*03,IGHV3-11*04_c1g,1,0,0,FALSE,1,1,504,,FALSE
IGHV,IGHV3-3H2D*05,IGHV3-11*01_t11c,0,0,1,FALSE,1,1,505,,FALSE
IGHV,IGHV3-3H2D*07,IGHV3-11*05_c1g,0,0,1,FALSE,1,1,506,,FALSE
IGHV,IGHV3-3H2D*08,IGHV3-11*05_c294t,0,0,1,FALSE,1,1,507,,FALSE
IGHV,IGHV3-3H2D*10,IGHV3-11*06_t174c,1,0,0,FALSE,1,1,508,,FALSE
IGHV,IGHV3-3KMZ*04,IGHV3-7*01_a318g,0,0,1,FALSE,1,1,509,,FALSE
IGHV,IGHV3-3KMZ*06,IGHV3-7*01_c137t,0,0,1,FALSE,1,1,510,,FALSE
IGHV,IGHV3-3KMZ*09,IGHV3-7*03_g49a,1,0,0,FALSE,1,1,511,,FALSE
IGHV,IGHV3-3KMZ*10,IGHV3-7*03_g70a,0,0,1,FALSE,1,1,512,,FALSE
IGHV,IGHV3-3OOB*04,IGHV3-23*04_t52a,1,0,0,FALSE,1,1,513,,FALSE
IGHV,IGHV3-3OOB*05,IGHV3-23*04_c71g,0,0,1,FALSE,1,1,514,,FALSE
IGHV,IGHV3-3OOB*06,IGHV3-23*04_g31a_t52a_c113g,1,0,0,FALSE,1,1,515,,FALSE
IGHV,IGHV3-3OOB*10,IGHV3-23*01_g301c,0,0,1,FALSE,1,1,516,,FALSE
IGHV,IGHV3-3VYP*03,IGHV3-13*01_c20t,0,0,1,FALSE,1,1,517,,FALSE
IGHV,IGHV3-3VYP*11,IGHV3-13*05_t199g,0,0,1,FALSE,1,1,518,,FALSE
IGHV,IGHV3-4JW6*04,IGHV3-30-3*01_c201t,1,0,0,FALSE,1,1,519,,FALSE
IGHV,IGHV3-4JW6*05,IGHV3-30-3*01_c189t_c296t,1,0,0,FALSE,1,1,520,,FALSE
IGHV,IGHV3-4JW6*07,IGHV3-30-3*01_c113g_t114c_c189t_c201t_t304c_g317a,0,0,1,FALSE,1,1,521,,FALSE
IGHV,IGHV3-4JW6*09,IGHV3-30-3*01_c189t_t233a,0,0,1,FALSE,1,1,522,,FALSE
IGHV,IGHV3-4JW6*14,IGHV3-30-5*01_c296t,1,0,0,FALSE,1,1,523,,FALSE
IGHV,IGHV3-4JW6*15,IGHV3-30-5*01_a229c,0,0,1,FALSE,1,1,524,,FALSE
IGHV,IGHV3-4JW6*18,IGHV3-30-5*01_t288c_t300c_a317g,1,0,0,FALSE,1,1,525,,FALSE
IGHV,IGHV3-4JW6*19,IGHV3-30-5*01_t288c,1,0,0,FALSE,1,1,526,,FALSE
IGHV,IGHV3-4JW6*21,IGHV3-30*18_t167c,0,0,1,FALSE,1,1,527,,FALSE
IGHV,IGHV3-4JW6*22,IGHV3-30*18_t199c,0,0,1,FALSE,1,1,528,,FALSE
IGHV,IGHV3-4JW6*23,IGHV3-30*18_t208g,0,0,1,FALSE,1,1,529,,FALSE
IGHV,IGHV3-4JW6*25,IGHV3-30-5*03_g113c_c114t_g301a_g317a,0,0,1,FALSE,1,1,530,,FALSE
IGHV,IGHV3-4JW6*30,IGHV3-30-5*02_g170a,0,0,1,FALSE,1,1,531,,FALSE
IGHV,IGHV3-4JW6*35,IGHV3-33*06_c198t,0,0,1,FALSE,1,1,532,,FALSE
IGHV,IGHV3-4JW6*36,IGHV3-33*06_c314a,0,0,1,FALSE,1,1,533,,FALSE
IGHV,IGHV3-4JW6*37,IGHV3-33*06_g113c_c114t,0,0,1,FALSE,1,1,534,,FALSE
IGHV,IGHV3-4JW6*41,IGHV3-33*01_a85c_g107c_g133c_t196c_t307c,0,0,1,FALSE,1,1,535,,FALSE
IGHV,IGHV3-4TLZ*05,IGHV3-9*01_a81c,1,0,0,FALSE,1,1,536,,FALSE
IGHV,IGHV3-4TLZ*07,IGHV3-9*01_t194c_c198t,1,0,0,FALSE,1,1,537,,FALSE
IGHV,IGHV3-6CWJ*03,IGHV3-64D*09_g185t,0,0,1,FALSE,1,1,538,,FALSE
IGHV,IGHV3-6CWJ*08,IGHV3-64*01_g298a,0,0,1,FALSE,1,1,539,,FALSE
IGHV,IGHV3-7KNP*03,IGHV3-38*02_g286a,1,0,0,FALSE,1,1,540,,FALSE
IGHV,IGHV3-7KNP*04,IGHV3-38*02_g57a,1,0,0,FALSE,1,1,541,,FALSE
IGHV,IGHV3-A46S*03,IGHV3-15*01_c191a,0,0,1,FALSE,1,1,542,,FALSE
IGHV,IGHV3-A46S*06,IGHV3-15*01_g6a_g9a_g119a_c194t_c230t,0,0,1,FALSE,1,1,543,,FALSE
IGHV,IGHV3-A46S*08,IGHV3-15*01_t78c,0,0,1,FALSE,1,1,544,,FALSE
IGHV,IGHV3-BGBQ*04,IGHV3-73*02_g31t,0,0,1,FALSE,1,1,545,,FALSE
IGHV,IGHV3-BXSZ*02,IGHV3-43*01_c118g,1,0,0,FALSE,1,1,546,,FALSE
IGHV,IGHV3-BXSZ*04,IGHV3-43*01_g278a,0,1,0,FALSE,1,1,547,,FALSE
IGHV,IGHV3-BXSZ*06,IGHV3-43*01_g34a,0,0,1,FALSE,1,1,548,,FALSE
IGHV,IGHV3-CVJX*04,IGHV3-53*01_c288t,0,1,0,FALSE,1,1,549,,FALSE
IGHV,IGHV3-CVJX*05,IGHV3-53*01_t267g,1,0,0,FALSE,1,1,550,,FALSE
IGHV,IGHV3-CVJX*08,IGHV3-53*01_t45g_t116c_t266a,0,1,0,FALSE,1,1,551,,FALSE
IGHV,IGHV3-CVJX*11,IGHV3-66*02_g303a,0,1,0,FALSE,1,1,552,,FALSE
IGHV,IGHV3-CVJX*12,IGHV3-66*02_g51t,0,1,0,FALSE,1,1,553,,FALSE
IGHV,IGHV3-CVJX*15,IGHV3-53*02_g124a,1,0,0,FALSE,1,1,554,,FALSE
IGHV,IGHV3-CVJX*17,IGHV3-53*02_g88a_c127t,0,0,1,FALSE,1,1,555,,FALSE
IGHV,IGHV3-CVJX*20,IGHV3-66*01_c276t,0,0,1,FALSE,1,1,556,,FALSE
IGHV,IGHV3-CVJX*23,IGHV3-66*01_g175t_g315c_g319t,0,0,1,FALSE,1,1,557,,FALSE
IGHV,IGHV3-CVJX*24,IGHV3-66*01_g241c,0,0,1,FALSE,1,1,558,,FALSE
IGHV,IGHV3-CVJX*26,IGHV3-66*01_t169c,0,0,1,FALSE,1,1,559,,FALSE
IGHV,IGHV3-CVJX*28,IGHV3-53*04_c241g,0,0,1,FALSE,1,1,560,,FALSE
IGHV,IGHV3-CVJX*29,IGHV3-53*04_g175t,0,0,1,FALSE,1,1,561,,FALSE
IGHV,IGHV3-CVJX*36,IGHV3-66*03_c257t,0,0,1,FALSE,1,1,562,,FALSE
IGHV,IGHV3-CVJX*38,IGHV3-66*03_t288c_t300c,0,0,1,FALSE,1,1,563,,FALSE
IGHV,IGHV3-DDM3*04,IGHV3-35*01_a39c,1,0,0,FALSE,1,1,564,,FALSE
IGHV,IGHV3-DDM3*06,IGHV3-35*01_g146a,0,0,1,FALSE,1,1,565,,FALSE
IGHV,IGHV3-DDM3*07,IGHV3-35*01_g3a_g145c,0,0,1,FALSE,1,1,566,,FALSE
IGHV,IGHV3-FW4V*03,IGHV3-62*03_g16a_g24a_a26g_c39a_t151g_a263c_c291g,1,0,0,FALSE,1,1,567,,FALSE
IGHV,IGHV3-GNJS*03,IGHV3-72*01_a240g,0,0,1,FALSE,1,1,568,,FALSE
IGHV,IGHV3-GNJS*05,IGHV3-72*01_a48g,0,0,1,FALSE,1,1,569,,FALSE
IGHV,IGHV3-GNJS*07,IGHV3-72*01_c71g,0,1,0,FALSE,1,1,570,,FALSE
IGHV,IGHV3-M7QC*05,IGHV3-49*03_c309t,1,0,0,FALSE,1,1,571,,FALSE
IGHV,IGHV3-N73X*02,IGHV3-16*02_c125t_g128a_c129t_a130c,0,0,1,FALSE,1,1,572,,FALSE
IGHV,IGHV3-N73X*04,IGHV3-16*02_c220t,0,0,1,FALSE,1,1,573,,FALSE
IGHV,IGHV3-XXAB*04,IGHV3-74*01_c296t,0,0,1,FALSE,1,1,574,,FALSE
IGHV,IGHV3-XXAB*07,IGHV3-74*01_g319a,0,0,1,FALSE,1,1,575,,FALSE
IGHV,IGHV3-Z7O7*02,IGHV3-38-3*01_g88a,1,0,0,FALSE,1,1,576,,FALSE
IGHV,IGHV3-Z7O7*04,IGHV3-38-3*01_c309t,0,0,1,FALSE,1,1,577,,FALSE
IGHV,IGHV3-Z7O7*05,IGHV3-38-3*01_t116c,0,0,1,FALSE,1,1,578,,FALSE
IGHV,IGHV4-25M6*03,IGHV4-61*01_c134a,1,0,0,FALSE,1,1,579,,FALSE
IGHV,IGHV4-25M6*05,IGHV4-59*12_g291a,0,0,1,FALSE,1,1,580,,FALSE
IGHV,IGHV4-25M6*09,IGHV4-59*01_a147t,0,0,1,FALSE,1,1,581,,FALSE
IGHV,IGHV4-25M6*10,IGHV4-59*01_c47t,0,0,1,FALSE,1,1,582,,FALSE
IGHV,IGHV4-25M6*11,IGHV4-59*01_g246t,0,1,0,FALSE,1,1,583,,FALSE
IGHV,IGHV4-25M6*12,IGHV4-59*01_g319c,0,0,1,FALSE,1,1,584,,FALSE
IGHV,IGHV4-25M6*13,IGHV4-59*01_g32t,0,0,1,FALSE,1,1,585,,FALSE
IGHV,IGHV4-25M6*28,IGHV4-61*10,0,0,1,TRUE,1,1,586,,FALSE
IGHV,IGHV4-2COR*05,IGHV4-39*07_c4g,0,0,1,FALSE,1,1,587,,FALSE
IGHV,IGHV4-2COR*06,IGHV4-39*07_g21a,0,0,1,FALSE,1,1,588,,FALSE
IGHV,IGHV4-2COR*11,IGHV4-38-2*02_g48a,1,0,0,FALSE,1,1,589,,FALSE
IGHV,IGHV4-2COR*12,IGHV4-38-2*02_c47t,0,0,1,FALSE,1,1,590,,FALSE
IGHV,IGHV4-2COR*13,IGHV4-38-2*02_g129c_c172t,0,0,1,FALSE,1,1,591,,FALSE
IGHV,IGHV4-2COR*14,IGHV4-38-2*02_g319c,0,0,1,FALSE,1,1,592,,FALSE
IGHV,IGHV4-2COR*16,IGHV4-39*01_t300c,1,0,0,FALSE,1,1,593,,FALSE
IGHV,IGHV4-4LVZ*04,IGHV4-28*01_g301a,1,0,0,FALSE,1,1,594,,FALSE
IGHV,IGHV4-4LVZ*06,IGHV4-28*01_c51g_g70a,0,0,1,FALSE,1,1,595,,FALSE
IGHV,IGHV4-4LVZ*07,IGHV4-28*01_g80c,1,0,0,FALSE,1,1,596,,FALSE
IGHV,IGHV4-4LVZ*08,IGHV4-28*01_g21c_c25t,0,0,1,FALSE,1,1,597,,FALSE
IGHV,IGHV4-4LVZ*12,IGHV4-28*05_c288t,0,0,1,FALSE,1,1,598,,FALSE
IGHV,IGHV4-4LVZ*14,IGHV4-28*05_g207a,0,0,1,FALSE,1,1,599,,FALSE
IGHV,IGHV4-4LVZ*15,IGHV4-28*05_g70a,0,0,1,FALSE,1,1,600,,FALSE
IGHV,IGHV4-5ZJ6*03,IGHV4-30-4*01_t196a_a291g_c315g,0,0,1,FALSE,1,1,601,,FALSE
IGHV,IGHV4-5ZJ6*05,IGHV4-30-4*07_g70a_a88g,0,0,1,FALSE,1,1,602,,FALSE
IGHV,IGHV4-5ZJ6*08,IGHV4-30-4*08_a107g,1,0,0,FALSE,1,1,603,,FALSE
IGHV,IGHV4-5ZJ6*09,IGHV4-30-4*08_a107g_c245g,0,0,1,FALSE,1,1,604,,FALSE
IGHV,IGHV4-5ZJ6*10,IGHV4-30-4*08_a48g_c49g_a50g_c245g,0,0,1,FALSE,1,1,605,,FALSE
IGHV,IGHV4-5ZJ6*13,IGHV4-30-4*08_c245g_c315g,0,0,1,FALSE,1,1,606,,FALSE
IGHV,IGHV4-5ZJ6*20,IGHV4-31*03_t125c,0,0,1,FALSE,1,1,607,,FALSE
IGHV,IGHV4-A7KV*03,IGHV4-61*02_c34t_c138t_g164a,0,0,1,FALSE,1,1,608,,FALSE
IGHV,IGHV4-A7KV*04,IGHV4-61*02_c34t_g136c_c138a_g164a,0,1,0,FALSE,1,1,609,,FALSE
IGHV,IGHV4-HHP5*04,IGHV4-4*02_a245c,0,0,1,FALSE,1,1,610,,FALSE
IGHV,IGHV4-HHP5*07,IGHV4-4*02_t169c,0,0,1,FALSE,1,1,611,,FALSE
IGHV,IGHV4-QA67*02,IGHV4-34*01_a110c_c120t,0,1,0,FALSE,1,1,612,,FALSE
IGHV,IGHV4-QA67*03,IGHV4-34*01_a305t,0,0,1,FALSE,1,1,613,,FALSE
IGHV,IGHV4-QA67*04,IGHV4-34*01_c195g,1,0,0,FALSE,1,1,614,,FALSE
IGHV,IGHV4-QA67*06,IGHV4-34*01_c294t,0,0,1,FALSE,1,1,615,,FALSE
IGHV,IGHV4-QA67*07,IGHV4-34*01_g119c_a197g_a305t,0,0,1,FALSE,1,1,616,,FALSE
IGHV,IGHV4-QA67*08,IGHV4-34*01_g18a_c261g,0,0,1,FALSE,1,1,617,,FALSE
IGHV,IGHV4-UWUM*01,IGHV4-30-4*07_g4c_g21c_c25t_a147c_t165c_t169c_t172c_c174t_t228c_c245g,0,0,1,FALSE,1,1,618,,FALSE
IGHV,IGHV4-UWUM*02,IGHV4-30-4*07_g4c_g21c_c25t_a147c_t165c_t172c_c174t_t228c_c245g_g275a,0,1,0,FALSE,1,1,619,,FALSE
IGHV,IGHV4-UWUM*06,IGHV4-30-2*01_c288t,1,0,0,FALSE,1,1,620,,FALSE
IGHV,IGHV4-UWUM*07,IGHV4-30-2*01_c172t_t174c,0,1,0,FALSE,1,1,621,,FALSE
IGHV,IGHV4-UWUM*09,IGHV4-30-2*01_c271g,0,0,1,FALSE,1,1,622,,FALSE
IGHV,IGHV4-UWUM*10,IGHV4-30-2*01_c285t_c315g,0,0,1,FALSE,1,1,623,,FALSE
IGHV,IGHV4-UWUM*13,IGHV4-30-2*01_g70a,0,0,1,FALSE,1,1,624,,FALSE
IGHV,IGHV5-36ED*02,IGHV5-51*06,0,0,1,TRUE,1,1,625,,FALSE
IGHV,IGHV5-36ED*04,IGHV5-51*03_g225c,0,0,1,FALSE,1,1,626,,FALSE
IGHV,IGHV5-36ED*06,IGHV5-51*01_g139a,0,0,1,FALSE,1,1,627,,FALSE
IGHV,IGHV5-36ED*07,IGHV5-51*01_g259a,0,0,1,FALSE,1,1,628,,FALSE
IGHV,IGHV7-5PLP*02,IGHV7-81*01_a26g,1,0,0,FALSE,1,1,629,,FALSE
IGHV,IGHV7-5PLP*07,IGHV7-81*01_c210a,0,0,1,FALSE,1,1,630,,FALSE
IGHV,IGHV8-D4TJ*02,IGHV8-51-1*04_c233t,0,0,1,FALSE,1,1,631,,FALSE
IGHV,IGHV8-D4TJ*04,IGHV8-51-1*04_t78c,0,0,1,FALSE,1,1,632,,FALSE
IGKJ,IGKJ5-JJJS*01,IGKJ5*01,172,97,424,TRUE,693,693,1,J5*01,TRUE
IGKJ,IGKJ4-VQ2B*01,IGKJ4*01,172,94,409,TRUE,675,675,2,J4*01,TRUE
IGKJ,IGKJ3-RD32*01,IGKJ3*01,172,82,400,TRUE,654,654,3,J3*01,TRUE
IGKJ,IGKJ1-CNBG*01,IGKJ1*01,172,72,384,TRUE,628,628,4,,FALSE
IGKJ,IGKJ2-366P*01,IGKJ2*01,168,58,337,TRUE,563,563,5,,FALSE
IGKJ,IGKJ2-366P*08,IGKJ2*03,14,6,28,TRUE,48,48,6,,FALSE
IGKJ,IGKJ2-366P*09,IGKJ2*04,17,1,9,TRUE,27,27,7,,FALSE
IGKJ,IGKJ2-366P*02,IGKJ2*01_a37g,4,2,7,FALSE,13,13,8,J2*01_a37g,TRUE
IGKJ,IGKJ2-366P*06,IGKJ2*01_t1c,0,0,2,FALSE,2,2,9,,FALSE
IGKJ,IGKJ3-RD32*04,IGKJ3*01_t2c,0,0,2,FALSE,2,2,10,,FALSE
IGKJ,IGKJ4-VQ2B*03,IGKJ4*01_g29c,0,0,2,FALSE,2,2,11,,FALSE
IGKJ,IGKJ2-366P*03,IGKJ2*01_a4c,0,0,1,FALSE,1,1,12,,FALSE
IGKJ,IGKJ2-366P*04,IGKJ2*01_a4g_g26a,0,1,0,FALSE,1,1,13,,FALSE
IGKJ,IGKJ2-366P*05,IGKJ2*01_a4t_a38g,0,1,0,FALSE,1,1,14,,FALSE
IGKJ,IGKJ2-366P*07,IGKJ2*01_t3a,0,1,0,FALSE,1,1,15,,FALSE
IGKJ,IGKJ3-RD32*02,IGKJ3*01_g29a,0,1,0,FALSE,1,1,16,,FALSE
IGKJ,IGKJ3-RD32*03,IGKJ3*01_t2a_t8c,0,1,0,FALSE,1,1,17,,FALSE
IGKJ,IGKJ4-VQ2B*02,IGKJ4*01_c13t,0,0,1,FALSE,1,1,18,,FALSE
IGKJ,IGKJ4-VQ2B*04,IGKJ4*01_t8g_a36g,0,0,1,FALSE,1,1,19,,FALSE
IGKJ,IGKJ4-VQ2B*05,IGKJ4*01_t9c,0,0,1,FALSE,1,1,20,,FALSE
IGKV,IGKV6-GFDV*01,IGKV6D-41*01,171,138,492,TRUE,801,801,1,V6D-41*01,TRUE
IGKV,IGKV2-G2PE*01,"IGKV2-28*01,IGKV2D-28*01,IGKV2-28*01/IGKV2D-28*01",172,135,493,TRUE,800,800,2,V2-28*01†1,TRUE
IGKV,IGKV1-65SI*01,"IGKV1D-17*01,IGKV1-17*03_g1a_t78g_g155a",171,134,489,TRUE,794,794,3,V1D-17*01†2,TRUE
IGKV,IGKV3-CCX7*01,"IGKV3D-20*01,IGKV3-20*01_g26c_a70g_a143t_t147g_g167a",171,131,490,TRUE,792,792,4,,FALSE
IGKV,IGKV1-OC5J*01,"IGKV1D-33*01,IGKV1-33*01,IGKV1D-33*01/IGKV1-33*01",172,142,474,TRUE,788,788,5,,FALSE
IGKV,IGKV2-BQEN*04,"IGKV2D-30*01,IGKV2-30*01_c199t",170,133,485,TRUE,788,788,6,,FALSE
IGKV,IGKV1-X533*01,IGKV1D-43*01,171,124,484,TRUE,779,779,7,,FALSE
IGKV,IGKV1-NOS4*01,"IGKV1D-39*01,IGKV1-39*01,IGKV1-39*01/IGKV1D-39*01",172,134,471,TRUE,777,777,8,,FALSE
IGKV,IGKV6-FFUB*01,"IGKV6D-21*02,IGKV6-21*02_a301g",170,123,483,TRUE,776,776,9,,FALSE
IGKV,IGKV1-2UAW*11,IGKV1-13*01_a123g,167,134,473,FALSE,774,774,10,V1-13*01_a123g,TRUE
IGKV,IGKV1-DUWK*04,"IGKV1D-16*01,IGKV1-16*02_c84t_a110g_t111c_a113g_t114g_t125a_g140a_a224g",171,122,478,TRUE,771,771,11,,FALSE
IGKV,IGKV3-AO4Z*01,IGKV3D-7*01,170,117,479,TRUE,766,766,12,,FALSE
IGKV,IGKV3-CCX7*05,"IGKV3-20*01,IGKV3D-20*01_c26g_g70a_t143a_g147t_a167g",172,112,479,TRUE,763,763,13,,FALSE
IGKV,IGKV1-DUWK*01,"IGKV1-16*02,IGKV1D-16*01_t84c_g110a_c111t_g113a_g114t_a125t_a140g_g224a",172,111,477,TRUE,760,760,14,,FALSE
IGKV,IGKV3-5E6W*01,"IGKV3-11*01,IGKV3D-11*02_g129a_c247t_a332c",172,104,466,TRUE,742,742,15,,FALSE
IGKV,IGKV1-FKL5*01,IGKV1-12*01,171,109,452,TRUE,732,732,16,,FALSE
IGKV,IGKV1-L65H*01,IGKV1-6*01,172,101,440,TRUE,713,713,17,,FALSE
IGKV,IGKV6-FFUB*06,"IGKV6-21*02_a202t,IGKV6D-21*01",162,113,432,TRUE,707,707,18,,FALSE
IGKV,IGKV3-AE3X*07,"IGKV3-15*01,IGKV3D-15*01_c210t",170,91,442,TRUE,703,703,19,,FALSE
IGKV,IGKV1-JQUW*01,IGKV1D-42*01,155,98,427,TRUE,680,680,20,,FALSE
IGKV,IGKV2-A3RK*01,"IGKV2-24*01,IGKV2D-24*01_g33a_t68g_g169a_c314t",163,95,417,TRUE,675,675,21,,FALSE
IGKV,IGKV2-BQEN*02,"IGKV2-30*01,IGKV2D-30*01_t199c",157,100,414,TRUE,671,671,22,,FALSE
IGKV,IGKV1-FKL5*12,IGKV1D-12*01,158,95,414,TRUE,667,667,23,,FALSE
IGKV,IGKV1-4H7U*01,IGKV1-27*01,157,96,405,TRUE,658,658,24,,FALSE
IGKV,IGKV1-BK4T*13,IGKV1D-8*01,157,85,410,TRUE,652,652,25,,FALSE
IGKV,IGKV3-AE3X*01,"IGKV3D-15*01,IGKV3-15*01_t210c",149,94,408,TRUE,651,651,26,,FALSE
IGKV,IGKV2-Q442*01,"IGKV2D-40*01,IGKV2D-40*01/IGKV2-40*01",170,3,467,TRUE,640,640,27,,FALSE
IGKV,IGKV1-3Y5S*07,IGKV1-5*03,160,70,369,TRUE,599,599,28,,FALSE
IGKV,IGKV1-BKSL*01,IGKV1-9*01,158,67,369,TRUE,594,594,29,,FALSE
IGKV,IGKV2-CGHO*05,IGKV2D-29*01,146,90,351,TRUE,587,587,30,,FALSE
IGKV,IGKV2-PKSK*01,IGKV2D-26*03,154,80,349,TRUE,583,583,31,,FALSE
IGKV,IGKV4-HIV4*03,IGKV4-1*01,172,63,343,TRUE,578,578,32,,FALSE
IGKV,IGKV3-AO4Z*05,IGKV3-7*04,162,68,335,TRUE,565,565,33,,FALSE
IGKV,IGKV1-BK4T*05,IGKV1-8*01,153,56,344,TRUE,553,553,34,,FALSE
IGKV,IGKV1-L65H*06,"IGKV1-17*01,IGKV1D-17*01_a3e5",149,62,332,TRUE,543,543,35,,FALSE
IGKV,IGKV5-RLLS*04,IGKV5-2*01,161,48,285,TRUE,494,494,36,,FALSE
IGKV,IGKV3-5E6W*15,"IGKV3D-11*01,IGKV3-11*01_a82g_a129g_t247c_c332a",129,63,288,TRUE,480,480,37,,FALSE
IGKV,IGKV3-5E6W*07,IGKV3D-11*02,105,82,264,TRUE,451,451,38,,FALSE
IGKV,IGKV2-PKSK*05,IGKV2D-26*03_g63c,68,82,249,FALSE,399,399,39,,FALSE
IGKV,IGKV1-65SI*09,"IGKV1-17*03,IGKV1D-17*01_a1g_g78t_a155g",78,59,241,TRUE,378,378,40,,FALSE
IGKV,IGKV2-CGHO*09,IGKV2D-29*02,68,67,236,TRUE,371,371,41,,FALSE
IGKV,IGKV2-BQEN*01,"IGKV2-30*02,IGKV2D-30*01_t91c_t199c",54,54,202,TRUE,310,310,42,,FALSE
IGKV,IGKV1-BKSL*02,IGKV1-9*01_a2c_t29c_a258t_a270c,62,45,186,FALSE,293,293,43,,FALSE
IGKV,IGKV3-AO4Z*10,IGKV3-7*04_a208g,66,43,178,FALSE,287,287,44,,FALSE
IGKV,IGKV1-FKL5*08,IGKV1-12*01_c334t,65,56,161,FALSE,282,282,45,,FALSE
IGKV,IGKV1-2UAW*04,IGKV1D-13*02,65,49,160,TRUE,274,274,46,,FALSE
IGKV,IGKV6-FFUB*08,IGKV6-21*02,46,35,177,TRUE,258,258,47,,FALSE
IGKV,IGKV1-4H7U*07,IGKV1-27*02,44,35,169,TRUE,248,248,48,,FALSE
IGKV,IGKV1-DFTS*01,IGKV1-NL1*01,49,40,154,TRUE,243,243,49,,FALSE
IGKV,IGKV5-RLLS*01,IGKV5-2*02,67,26,150,TRUE,243,243,50,,FALSE
IGKV,IGKV2-CGHO*01,IGKV2-29*02,41,33,159,TRUE,233,233,51,,FALSE
IGKV,IGKV1-BK4T*01,IGKV1D-8*02,52,36,127,TRUE,215,215,52,,FALSE
IGKV,IGKV2-A3RK*08,"IGKV2-24*02,IGKV2D-24*01_g33a_t68g_g169a",37,26,145,TRUE,208,208,53,,FALSE
IGKV,IGKV1-BK4T*09,IGKV1-8*02,42,25,140,TRUE,207,207,54,,FALSE
IGKV,IGKV1-JQUW*05,IGKV1D-42*02,55,32,114,TRUE,201,201,55,,FALSE
IGKV,IGKV3-AE3X*18,IGKV3D-15*03,45,42,114,TRUE,201,201,56,,FALSE
IGKV,IGKV1-3Y5S*02,IGKV1-5*04,48,17,132,TRUE,197,197,57,,FALSE
IGKV,IGKV2-G2PE*07,IGKV2D-28*01_g90c,32,38,125,FALSE,195,195,58,,FALSE
IGKV,IGKV2-Q442*05,IGKV2D-40*01_c195t,32,0,111,FALSE,143,143,59,,FALSE
IGKV,IGKV2-CGHO*03,IGKV2-29*01_a312c,23,31,74,FALSE,128,128,60,,FALSE
IGKV,IGKV2-G2PE*05,IGKV2D-28*01_g141a,19,29,67,FALSE,115,115,61,,FALSE
IGKV,IGKV1-BK4T*10,IGKV1-8*03,34,13,67,TRUE,114,114,62,,FALSE
IGKV,IGKV1-NOS4*02,"IGKV1D-39*01_c29t_c306t_315gtgtg319_c330a,IGKV1-39*01_c29t_c306t_315gtgtg319_c330a",39,33,26,FALSE,98,98,63,,FALSE
IGKV,IGKV1-JQUW*06,IGKV1D-42*02_c324t,15,26,54,FALSE,95,95,64,,FALSE
IGKV,IGKV3-AE3X*02,IGKV3D-15*01_c14t,18,19,53,FALSE,90,90,65,,FALSE
IGKV,IGKV3-AE3X*13,IGKV3-15*01_c280a,10,17,41,FALSE,68,68,66,,FALSE
IGKV,IGKV4-HIV4*01,IGKV4-1*02,25,4,32,TRUE,61,61,67,,FALSE
IGKV,IGKV1-DUWK*10,IGKV1D-16*02,16,0,33,TRUE,49,49,68,,FALSE
IGKV,IGKV3-AE3X*04,IGKV3D-15*01_c197t,16,0,33,FALSE,49,49,69,,FALSE
IGKV,IGKV3-AE3X*03,IGKV3D-15*01_c14t_g330a,14,6,26,FALSE,46,46,70,,FALSE
IGKV,IGKV1-BK4T*21,IGKV1D-8*01_t276c,16,1,28,FALSE,45,45,71,,FALSE
IGKV,IGKV6-FFUB*07,IGKV6D-21*01_a301g,14,1,30,FALSE,45,45,72,,FALSE
IGKV,IGKV1-L65H*05,IGKV1-6*01_g9a,16,0,28,FALSE,44,44,73,,FALSE
IGKV,IGKV1-3Y5S*05,IGKV1-5*01,15,1,27,TRUE,43,43,74,,FALSE
IGKV,IGKV1-BK4T*12,IGKV1-8*03_c231t,8,5,22,FALSE,35,35,75,,FALSE
IGKV,IGKV1-OC5J*08,IGKV1D-33*01_t319c,3,11,21,FALSE,35,35,76,,FALSE
IGKV,IGKV1-65SI*04,IGKV1D-17*01_a291t,8,9,17,FALSE,34,34,77,,FALSE
IGKV,IGKV1-DUWK*05,IGKV1D-16*01_c156t,4,9,18,FALSE,31,31,78,,FALSE
IGKV,IGKV1-BKSL*03,IGKV1-9*01_a2c,8,0,22,FALSE,30,30,79,,FALSE
IGKV,IGKV2-G2PE*10,IGKV2D-28*01_t19c,14,2,13,FALSE,29,29,80,,FALSE
IGKV,IGKV2-A3RK*10,IGKV2-24*02_a33g,8,3,16,FALSE,27,27,81,,FALSE
IGKV,IGKV2-G2PE*08,IGKV2D-28*01_g90c_g141a,4,8,15,FALSE,27,27,82,,FALSE
IGKV,IGKV1-X533*07,IGKV1D-43*01_c41t,4,5,13,FALSE,22,22,83,,FALSE
IGKV,IGKV3-AO4Z*15,IGKV3-7*04_t56c,5,4,13,FALSE,22,22,84,,FALSE
IGKV,IGKV3-CCX7*07,IGKV3-20*01_a143t_t147g_g167a,5,3,13,FALSE,21,21,85,,FALSE
IGKV,IGKV3-AE3X*09,IGKV3-15*01_a117g,11,3,5,FALSE,19,19,86,,FALSE
IGKV,IGKV6-GFDV*02,IGKV6D-41*01_a303t,4,4,11,FALSE,19,19,87,,FALSE
IGKV,IGKV3-AE3X*11,IGKV3-15*01_c141g,6,2,9,FALSE,17,17,88,,FALSE
IGKV,IGKV1-2UAW*10,IGKV1D-13*02_g238a_g326a,8,0,7,FALSE,15,15,89,,FALSE
IGKV,IGKV1-BKSL*05,IGKV1-9*02,9,0,6,TRUE,15,15,90,,FALSE
IGKV,IGKV2-PKSK*07,IGKV2D-26*03_g63c_c237t,4,5,6,FALSE,15,15,91,,FALSE
IGKV,IGKV5-RLLS*03,IGKV5-2*02_t108g,8,0,7,FALSE,15,15,92,,FALSE
IGKV,IGKV2-G2PE*02,IGKV2-28*01_c142a,1,0,12,FALSE,13,13,93,,FALSE
IGKV,IGKV1-4H7U*06,IGKV1-27*01_g282a,1,0,11,FALSE,12,12,94,,FALSE
IGKV,IGKV1-BK4T*17,IGKV1D-8*01_c263t,2,2,8,FALSE,12,12,95,,FALSE
IGKV,IGKV1-FKL5*11,IGKV1-12*01_g71a,3,0,9,FALSE,12,12,96,,FALSE
IGKV,IGKV2-G2PE*06,IGKV2-28*01_g202t,5,2,5,FALSE,12,12,97,,FALSE
IGKV,IGKV3-5E6W*04,IGKV3-11*01_g320a,4,0,8,FALSE,12,12,98,,FALSE
IGKV,IGKV1-FKL5*06,IGKV1-12*01_c270t,4,1,5,FALSE,10,10,99,,FALSE
IGKV,IGKV1-JQUW*04,IGKV1D-42*01_t19c,1,5,4,FALSE,10,10,100,,FALSE
IGKV,IGKV2-BQEN*03,IGKV2-30*01_g275t,3,0,7,FALSE,10,10,101,,FALSE
IGKV,IGKV2-BQEN*06,IGKV2D-30*01_c53t,2,3,5,FALSE,10,10,102,,FALSE
IGKV,IGKV1-BK4T*04,IGKV1D-8*04,4,1,4,TRUE,9,9,103,,FALSE
IGKV,IGKV1-NOS4*05,IGKV1D-39*01_c29t,4,5,0,FALSE,9,9,104,,FALSE
IGKV,IGKV2-Q442*06,IGKV2D-40*01_g200a,4,0,5,FALSE,9,9,105,,FALSE
IGKV,IGKV3-AE3X*17,IGKV3-15*01_t5c_g15a,4,1,4,FALSE,9,9,106,,FALSE
IGKV,IGKV1-OC5J*07,IGKV1-33*01_c286g,4,0,4,FALSE,8,8,107,,FALSE
IGKV,IGKV3-5E6W*13,IGKV3D-11*02_g53a,5,0,3,FALSE,8,8,108,,FALSE
IGKV,IGKV3-AE3X*21,IGKV3D-15*03_g240a,2,0,6,FALSE,8,8,109,,FALSE
IGKV,IGKV3-AO4Z*13,IGKV3-7*04_t56c_a118t_t126c,3,0,5,FALSE,8,8,110,,FALSE
IGKV,IGKV1-FKL5*09,IGKV1-12*01_c59t,1,0,6,FALSE,7,7,111,,FALSE
IGKV,IGKV3-AO4Z*03,IGKV3D-7*01_c136a,5,0,2,FALSE,7,7,112,,FALSE
IGKV,IGKV2-PKSK*09,IGKV2D-26*03_t304a,1,1,4,FALSE,6,6,113,,FALSE
IGKV,IGKV3-5E6W*11,IGKV3D-11*02_g320a,2,0,4,FALSE,6,6,114,,FALSE
IGKV,IGKV6-FFUB*05,IGKV6D-21*02_g295a,2,0,4,FALSE,6,6,115,,FALSE
IGKV,IGKV2-BQEN*10,IGKV2D-30*01_g155a,1,2,2,FALSE,5,5,116,,FALSE
IGKV,IGKV1-4H7U*03,IGKV1-27*01_c309t,2,0,2,FALSE,4,4,117,,FALSE
IGKV,IGKV1-65SI*10,IGKV1-17*03_c15a_g169t,2,0,2,FALSE,4,4,118,,FALSE
IGKV,IGKV2-A3RK*02,IGKV2-24*01_a169g,0,0,4,FALSE,4,4,119,,FALSE
IGKV,IGKV3-AO4Z*16,IGKV3-7*04_t56c_a118t_t126c_c141g_g147t_a208g,0,0,4,FALSE,4,4,120,,FALSE
IGKV,IGKV3-CCX7*03,IGKV3D-20*01_g70a,1,0,3,FALSE,4,4,121,,FALSE
IGKV,IGKV4-HIV4*12,IGKV4-1*01_g72a,2,0,2,FALSE,4,4,122,,FALSE
IGKV,IGKV1-4H7U*02,IGKV1-27*01_a196g,1,0,2,FALSE,3,3,123,,FALSE
IGKV,IGKV1-65SI*11,IGKV1-17*03_g169t,0,0,3,FALSE,3,3,124,,FALSE
IGKV,IGKV1-DUWK*02,IGKV1-16*02_a30c,0,0,3,FALSE,3,3,125,,FALSE
IGKV,IGKV1-FKL5*05,IGKV1-12*01_a235g,0,0,3,FALSE,3,3,126,,FALSE
IGKV,IGKV2-CGHO*13,IGKV2D-29*02_g33a,1,0,2,FALSE,3,3,127,,FALSE
IGKV,IGKV3-AE3X*14,IGKV3-15*01_c75t,2,0,1,FALSE,3,3,128,,FALSE
IGKV,IGKV3-AO4Z*08,IGKV3-7*04_a13g_t56c,0,1,2,FALSE,3,3,129,,FALSE
IGKV,IGKV3-AO4Z*12,IGKV3-7*04_c141g_g147t_a323g,0,0,3,FALSE,3,3,130,,FALSE
IGKV,IGKV3-AO4Z*14,IGKV3-7*04_g147t,1,0,2,FALSE,3,3,131,,FALSE
IGKV,IGKV3-CCX7*11,IGKV3-20*01_t147g,1,0,2,FALSE,3,3,132,,FALSE
IGKV,IGKV1-2UAW*03,IGKV1-13*01_a123g_g232a,0,0,2,FALSE,2,2,133,,FALSE
IGKV,IGKV1-2UAW*07,IGKV1D-13*02_c154t_t155c_g326a,2,0,0,FALSE,2,2,134,,FALSE
IGKV,IGKV1-3Y5S*09,IGKV1-5*03_a258t,0,0,2,FALSE,2,2,135,,FALSE
IGKV,IGKV1-4H7U*08,IGKV1-27*02_a196g,0,1,1,FALSE,2,2,136,,FALSE
IGKV,IGKV1-65SI*02,IGKV1D-17*01_g239a,2,0,0,FALSE,2,2,137,,FALSE
IGKV,IGKV1-65SI*03,IGKV1D-17*01_a131g,0,0,2,FALSE,2,2,138,,FALSE
IGKV,IGKV1-BK4T*02,IGKV1D-8*02_g139a,1,0,1,FALSE,2,2,139,,FALSE
IGKV,IGKV1-BK4T*06,IGKV1-8*01_c136t,1,0,1,FALSE,2,2,140,,FALSE
IGKV,IGKV1-BKSL*04,IGKV1-9*01_c75a,2,0,0,FALSE,2,2,141,,FALSE
IGKV,IGKV1-DUWK*03,IGKV1-16*02_c146t,0,0,2,FALSE,2,2,142,,FALSE
IGKV,IGKV1-DUWK*09,IGKV1D-16*01_t124c,0,1,1,FALSE,2,2,143,,FALSE
IGKV,IGKV1-FKL5*02,IGKV1-12*01_c306t_t309c_g319t_c320t_c324t_g326a_t329a_c335a,2,0,0,FALSE,2,2,144,,FALSE
IGKV,IGKV1-FKL5*07,IGKV1-12*01_c279g,0,0,2,FALSE,2,2,145,,FALSE
IGKV,IGKV1-FKL5*15,IGKV1D-12*01_t30c_g71a_t270c_c334t,1,0,1,FALSE,2,2,146,,FALSE
IGKV,IGKV1-JQUW*03,IGKV1D-42*01_g55a,2,0,0,FALSE,2,2,147,,FALSE
IGKV,IGKV1-L65H*04,IGKV1-6*01_g166a,0,0,2,FALSE,2,2,148,,FALSE
IGKV,IGKV1-MK7N*01,IGKV1-16*02_65b4,2,0,0,FALSE,2,2,149,,FALSE
IGKV,IGKV2-CGHO*07,IGKV2D-29*01_g278a,0,0,2,FALSE,2,2,150,,FALSE
IGKV,IGKV2-CGHO*08,IGKV2D-29*01_t163c,1,0,1,FALSE,2,2,151,,FALSE
IGKV,IGKV2-CGHO*12,IGKV2D-29*02_g315t_c316g,0,2,0,FALSE,2,2,152,,FALSE
IGKV,IGKV2-PKSK*04,IGKV2D-26*03_g153a,0,0,2,FALSE,2,2,153,,FALSE
IGKV,IGKV2-PKSK*06,IGKV2D-26*03_g63c_c156a,1,0,1,FALSE,2,2,154,,FALSE
IGKV,IGKV2-Q442*04,IGKV2D-40*01_g90t,2,0,0,FALSE,2,2,155,,FALSE
IGKV,IGKV2-Q442*08,IGKV2-40*01_t26c,1,0,1,FALSE,2,2,156,,FALSE
IGKV,IGKV3-5E6W*17,IGKV3D-11*01_a197c,0,0,2,FALSE,2,2,157,,FALSE
IGKV,IGKV3-AE3X*05,IGKV3D-15*01_c206t,1,0,1,FALSE,2,2,158,,FALSE
IGKV,IGKV3-AE3X*08,IGKV3-15*01_c27t,2,0,0,FALSE,2,2,159,,FALSE
IGKV,IGKV3-AE3X*10,IGKV3-15*01_a326c,0,1,1,FALSE,2,2,160,,FALSE
IGKV,IGKV3-AE3X*12,IGKV3-15*01_c14t,0,0,2,FALSE,2,2,161,,FALSE
IGKV,IGKV3-AE3X*16,IGKV3D-15*01_t5c_c210t,0,0,2,FALSE,2,2,162,,FALSE
IGKV,IGKV3-AO4Z*02,IGKV3D-7*01_a3t,0,0,2,FALSE,2,2,163,,FALSE
IGKV,IGKV3-AO4Z*06,IGKV3-7*04_a118t_a208g,0,0,2,FALSE,2,2,164,,FALSE
IGKV,IGKV3-AO4Z*07,IGKV3-7*04_a118t_t126c,0,0,2,FALSE,2,2,165,,FALSE
IGKV,IGKV3-AO4Z*09,IGKV3-7*04_a205t,0,0,2,FALSE,2,2,166,,FALSE
IGKV,IGKV6-FFUB*03,IGKV6D-21*02_c44t,0,0,2,FALSE,2,2,167,,FALSE
IGKV,IGKV6-FFUB*09,IGKV6-21*02_a202t_c302t,0,0,2,FALSE,2,2,168,,FALSE
IGKV,IGKV1-2UAW*02,IGKV1-13*01_a123g_c231t,0,0,1,FALSE,1,1,169,,FALSE
IGKV,IGKV1-2UAW*05,IGKV1D-13*02_a151g_g326a,0,0,1,FALSE,1,1,170,,FALSE
IGKV,IGKV1-2UAW*06,IGKV1D-13*02_c3g_g326a,0,0,1,FALSE,1,1,171,,FALSE
IGKV,IGKV1-2UAW*08,IGKV1D-13*02_g110a_g326a,1,0,0,FALSE,1,1,172,,FALSE
IGKV,IGKV1-2UAW*09,IGKV1D-13*02_g112t_g238a_g326a,0,0,1,FALSE,1,1,173,,FALSE
IGKV,IGKV1-2UAW*12,IGKV1D-13*02_g326a_a335g,0,1,0,FALSE,1,1,174,,FALSE
IGKV,IGKV1-3Y5S*01,IGKV1-5*05,0,1,0,TRUE,1,1,175,,FALSE
IGKV,IGKV1-3Y5S*03,IGKV1-5*04_c316g_t330c,1,0,0,FALSE,1,1,176,,FALSE
IGKV,IGKV1-3Y5S*04,IGKV1-5*04_g210a,0,0,1,FALSE,1,1,177,,FALSE
IGKV,IGKV1-3Y5S*06,IGKV1-5*01_a323t,1,0,0,FALSE,1,1,178,,FALSE
IGKV,IGKV1-3Y5S*08,IGKV1-5*03_c41t,1,0,0,FALSE,1,1,179,,FALSE
IGKV,IGKV1-3Y5S*10,IGKV1-5*03_c70t,1,0,0,FALSE,1,1,180,,FALSE
IGKV,IGKV1-3Y5S*11,IGKV1-5*03_a144c,1,0,0,FALSE,1,1,181,,FALSE
IGKV,IGKV1-4H7U*04,IGKV1-27*01_c334g,0,0,1,FALSE,1,1,182,,FALSE
IGKV,IGKV1-4H7U*05,IGKV1-27*01_g71a,1,0,0,FALSE,1,1,183,,FALSE
IGKV,IGKV1-4H7U*09,IGKV1-27*02_g71a,0,0,1,FALSE,1,1,184,,FALSE
IGKV,IGKV1-65SI*05,IGKV1D-17*01_c70t,1,0,0,FALSE,1,1,185,,FALSE
IGKV,IGKV1-65SI*06,IGKV1D-17*01_c280t,0,0,1,FALSE,1,1,186,,FALSE
IGKV,IGKV1-65SI*07,IGKV1D-17*01_c276t,1,0,0,FALSE,1,1,187,,FALSE
IGKV,IGKV1-65SI*08,IGKV1D-17*01_g71a_a155g_a291t,0,0,1,FALSE,1,1,188,,FALSE
IGKV,IGKV1-BK4T*03,IGKV1D-8*02_g230a,0,0,1,FALSE,1,1,189,,FALSE
IGKV,IGKV1-BK4T*07,IGKV1-8*01_c59a,0,0,1,FALSE,1,1,190,,FALSE
IGKV,IGKV1-BK4T*08,IGKV1-8*01_g71a,0,0,1,FALSE,1,1,191,,FALSE
IGKV,IGKV1-BK4T*11,IGKV1-8*03_a268g,1,0,0,FALSE,1,1,192,,FALSE
IGKV,IGKV1-BK4T*14,IGKV1D-8*01_a223g,1,0,0,FALSE,1,1,193,,FALSE
IGKV,IGKV1-BK4T*15,IGKV1D-8*01_a204c_g326c,0,0,1,FALSE,1,1,194,,FALSE
IGKV,IGKV1-BK4T*16,IGKV1D-8*01_a291g,0,0,1,FALSE,1,1,195,,FALSE
IGKV,IGKV1-BK4T*18,IGKV1D-8*01_c41g_a152c_a257g_t327c,0,0,1,FALSE,1,1,196,,FALSE
IGKV,IGKV1-BK4T*19,IGKV1D-8*01_g49c_g153a_c157t_c167g_g201c_g251c_t322a,0,0,1,FALSE,1,1,197,,FALSE
IGKV,IGKV1-BK4T*20,IGKV1D-8*01_t231c,0,0,1,FALSE,1,1,198,,FALSE
IGKV,IGKV1-BK4T*22,IGKV1D-8*01_t329a,0,0,1,FALSE,1,1,199,,FALSE
IGKV,IGKV1-BK4T*23,IGKV1D-8*01_t66c_g153a_c162g,0,0,1,FALSE,1,1,200,,FALSE
IGKV,IGKV1-BKSL*06,IGKV1-9*02_a2c_t29c_a258t_a270c,1,0,0,FALSE,1,1,201,,FALSE
IGKV,IGKV1-DUWK*06,IGKV1D-16*01_g145a,0,1,0,FALSE,1,1,202,,FALSE
IGKV,IGKV1-DUWK*07,IGKV1D-16*01_g153a,0,0,1,FALSE,1,1,203,,FALSE
IGKV,IGKV1-DUWK*08,IGKV1D-16*01_g77a,0,0,1,FALSE,1,1,204,,FALSE
IGKV,IGKV1-FKL5*03,IGKV1-12*01_c30t,1,0,0,FALSE,1,1,205,,FALSE
IGKV,IGKV1-FKL5*04,IGKV1-12*01_a143c,0,0,1,FALSE,1,1,206,,FALSE
IGKV,IGKV1-FKL5*10,IGKV1-12*01_g201t,1,0,0,FALSE,1,1,207,,FALSE
IGKV,IGKV1-FKL5*13,IGKV1D-12*01_c154g,0,0,1,FALSE,1,1,208,,FALSE
IGKV,IGKV1-FKL5*14,IGKV1D-12*01_t30c_g129c_t270c_c334t,1,0,0,FALSE,1,1,209,,FALSE
IGKV,IGKV1-FKL5*16,IGKV1D-12*01_g250a,0,0,1,FALSE,1,1,210,,FALSE
IGKV,IGKV1-FKL5*17,IGKV1D-12*01_t30c_t270c_c324g_c334t,0,1,0,FALSE,1,1,211,,FALSE
IGKV,IGKV1-JQUW*02,IGKV1D-42*01_c273g,1,0,0,FALSE,1,1,212,,FALSE
IGKV,IGKV1-L65H*02,IGKV1-6*01_c331t,1,0,0,FALSE,1,1,213,,FALSE
IGKV,IGKV1-L65H*03,IGKV1-6*01_a10t,0,1,0,FALSE,1,1,214,,FALSE
IGKV,IGKV1-L65H*07,IGKV1-17*01_c6a,1,0,0,FALSE,1,1,215,,FALSE
IGKV,IGKV1-L65H*08,IGKV1-17*01_g71a,0,1,0,FALSE,1,1,216,,FALSE
IGKV,IGKV1-NOS4*03,IGKV1-39*01_c162a,1,0,0,FALSE,1,1,217,,FALSE
IGKV,IGKV1-NOS4*04,IGKV1-39*01_c136g,0,0,1,FALSE,1,1,218,,FALSE
IGKV,IGKV1-NOS4*06,IGKV1D-39*01_c324a,0,0,1,FALSE,1,1,219,,FALSE
IGKV,IGKV1-NOS4*07,IGKV1D-39*01_g71a,1,0,0,FALSE,1,1,220,,FALSE
IGKV,IGKV1-OC5J*02,IGKV1-33*01_a196g_a235g,0,0,1,FALSE,1,1,221,,FALSE
IGKV,IGKV1-OC5J*03,IGKV1-33*01_a253g,0,1,0,FALSE,1,1,222,,FALSE
IGKV,IGKV1-OC5J*04,IGKV1D-33*01_c15g,0,1,0,FALSE,1,1,223,,FALSE
IGKV,IGKV1-OC5J*05,IGKV1-33*01_c165t,0,1,0,FALSE,1,1,224,,FALSE
IGKV,IGKV1-OC5J*06,IGKV1-33*01_c248g,0,0,1,FALSE,1,1,225,,FALSE
IGKV,IGKV1-U5SM*01,IGKV1-16*02_28db,1,0,0,FALSE,1,1,226,,FALSE
IGKV,IGKV1-X533*02,IGKV1D-43*01_c7t_t70c,1,0,0,FALSE,1,1,227,,FALSE
IGKV,IGKV1-X533*03,IGKV1D-43*01_t155g,1,0,0,FALSE,1,1,228,,FALSE
IGKV,IGKV1-X533*04,IGKV1D-43*01_c108t_t158g_t259a,0,0,1,FALSE,1,1,229,,FALSE
IGKV,IGKV1-X533*05,IGKV1D-43*01_c254g,0,1,0,FALSE,1,1,230,,FALSE
IGKV,IGKV1-X533*06,IGKV1D-43*01_c270a,0,0,1,FALSE,1,1,231,,FALSE
IGKV,IGKV1-X533*08,IGKV1D-43*01_c41t_g255a,0,0,1,FALSE,1,1,232,,FALSE
IGKV,IGKV1-X533*09,IGKV1D-43*01_g145a,0,1,0,FALSE,1,1,233,,FALSE
IGKV,IGKV2-A3RK*03,IGKV2-24*01_a327g,0,0,1,FALSE,1,1,234,,FALSE
IGKV,IGKV2-A3RK*04,IGKV2-24*01_g46a,0,1,0,FALSE,1,1,235,,FALSE
IGKV,IGKV2-A3RK*07,IGKV2D-24*01_t68g,1,0,0,FALSE,1,1,236,,FALSE
IGKV,IGKV2-A3RK*09,IGKV2-24*02_a131g_a166c,0,0,1,FALSE,1,1,237,,FALSE
IGKV,IGKV2-BQEN*05,IGKV2D-30*01_c154t,0,0,1,FALSE,1,1,238,,FALSE
IGKV,IGKV2-BQEN*07,IGKV2D-30*01_g135t,1,0,0,FALSE,1,1,239,,FALSE
IGKV,IGKV2-BQEN*08,IGKV2D-30*01_c110t,1,0,0,FALSE,1,1,240,,FALSE
IGKV,IGKV2-BQEN*09,IGKV2D-30*01_g104c,0,0,1,FALSE,1,1,241,,FALSE
IGKV,IGKV2-BQEN*11,IGKV2D-30*01_t255c,0,0,1,FALSE,1,1,242,,FALSE
IGKV,IGKV2-CGHO*04,IGKV2-29*01_g240c_a312c,0,0,1,FALSE,1,1,243,,FALSE
IGKV,IGKV2-CGHO*06,IGKV2D-29*01_c27g,1,0,0,FALSE,1,1,244,,FALSE
IGKV,IGKV2-CGHO*10,IGKV2D-29*02_c29t_a197g_a319g_g327c,0,0,1,FALSE,1,1,245,,FALSE
IGKV,IGKV2-CGHO*11,IGKV2D-29*02_g224a,0,0,1,FALSE,1,1,246,,FALSE
IGKV,IGKV2-G2PE*03,IGKV2-28*01_c14t,0,0,1,FALSE,1,1,247,,FALSE
IGKV,IGKV2-G2PE*04,IGKV2D-28*01_g104a,0,0,1,FALSE,1,1,248,,FALSE
IGKV,IGKV2-G2PE*09,IGKV2D-28*01_g90c_t247c,0,1,0,FALSE,1,1,249,,FALSE
IGKV,IGKV2-PKSK*02,IGKV2D-26*03_g7a_g63c_c156a,1,0,0,FALSE,1,1,250,,FALSE
IGKV,IGKV2-PKSK*03,IGKV2D-26*03_g7a,1,0,0,FALSE,1,1,251,,FALSE
IGKV,IGKV2-PKSK*08,IGKV2D-26*03_g63c_g153a,0,0,1,FALSE,1,1,252,,FALSE
IGKV,IGKV2-Q442*02,IGKV2-40*01_g280a,1,0,0,FALSE,1,1,253,,FALSE
IGKV,IGKV2-Q442*03,IGKV2D-40*01_g320a,1,0,0,FALSE,1,1,254,,FALSE
IGKV,IGKV2-Q442*07,IGKV2D-40*01_g91t_c195t,0,0,1,FALSE,1,1,255,,FALSE
IGKV,IGKV3-5E6W*02,IGKV3-11*01_g48c,1,0,0,FALSE,1,1,256,,FALSE
IGKV,IGKV3-5E6W*03,IGKV3-11*01_c335g,0,0,1,FALSE,1,1,257,,FALSE
IGKV,IGKV3-5E6W*05,IGKV3-11*01_t112a,0,0,1,FALSE,1,1,258,,FALSE
IGKV,IGKV3-5E6W*06,IGKV3-11*01_t266g,0,0,1,FALSE,1,1,259,,FALSE
IGKV,IGKV3-5E6W*08,IGKV3D-11*02_a197c,0,0,1,FALSE,1,1,260,,FALSE
IGKV,IGKV3-5E6W*09,IGKV3D-11*02_g220a,1,0,0,FALSE,1,1,261,,FALSE
IGKV,IGKV3-5E6W*10,IGKV3D-11*02_g201a,0,0,1,FALSE,1,1,262,,FALSE
IGKV,IGKV3-5E6W*12,IGKV3D-11*02_g323t,0,0,1,FALSE,1,1,263,,FALSE
IGKV,IGKV3-5E6W*14,IGKV3D-11*02_t84c,0,0,1,FALSE,1,1,264,,FALSE
IGKV,IGKV3-5E6W*16,IGKV3D-11*01_g118a,1,0,0,FALSE,1,1,265,,FALSE
IGKV,IGKV3-5E6W*18,IGKV3D-11*01_g7t,0,0,1,FALSE,1,1,266,,FALSE
IGKV,IGKV3-5E6W*19,IGKV3D-11*01_g83t,0,0,1,FALSE,1,1,267,,FALSE
IGKV,IGKV3-AE3X*06,IGKV3D-15*01_g18a,0,0,1,FALSE,1,1,268,,FALSE
IGKV,IGKV3-AE3X*15,IGKV3-15*01_g129a,1,0,0,FALSE,1,1,269,,FALSE
IGKV,IGKV3-AE3X*19,IGKV3D-15*03_a305g,1,0,0,FALSE,1,1,270,,FALSE
IGKV,IGKV3-AE3X*20,IGKV3D-15*03_c331a,0,1,0,FALSE,1,1,271,,FALSE
IGKV,IGKV3-AO4Z*04,IGKV3D-7*01_c283a,0,0,1,FALSE,1,1,272,,FALSE
IGKV,IGKV3-AO4Z*11,IGKV3-7*04_t56c_t126c,1,0,0,FALSE,1,1,273,,FALSE
IGKV,IGKV3-CCX7*02,IGKV3D-20*01_c14t,0,0,1,FALSE,1,1,274,,FALSE
IGKV,IGKV3-CCX7*04,IGKV3D-20*01_t247g,0,1,0,FALSE,1,1,275,,FALSE
IGKV,IGKV3-CCX7*06,IGKV3-20*01_a221c,1,0,0,FALSE,1,1,276,,FALSE
IGKV,IGKV3-CCX7*08,IGKV3-20*01_c111g,0,0,1,FALSE,1,1,277,,FALSE
IGKV,IGKV3-CCX7*09,IGKV3-20*01_c57t,1,0,0,FALSE,1,1,278,,FALSE
IGKV,IGKV3-CCX7*10,IGKV3-20*01_g275a,0,0,1,FALSE,1,1,279,,FALSE
IGKV,IGKV4-HIV4*02,IGKV4-1*02_a109c,0,0,1,FALSE,1,1,280,,FALSE
IGKV,IGKV4-HIV4*04,IGKV4-1*01_c283a,1,0,0,FALSE,1,1,281,,FALSE
IGKV,IGKV4-HIV4*05,IGKV4-1*01_a284g_a328t,0,0,1,FALSE,1,1,282,,FALSE
IGKV,IGKV4-HIV4*06,IGKV4-1*01_a4g,0,0,1,FALSE,1,1,283,,FALSE
IGKV,IGKV4-HIV4*07,IGKV4-1*01_a52t,0,1,0,FALSE,1,1,284,,FALSE
IGKV,IGKV4-HIV4*08,IGKV4-1*01_c102g_t105c,0,0,1,FALSE,1,1,285,,FALSE
IGKV,IGKV4-HIV4*09,IGKV4-1*01_c329t,0,0,1,FALSE,1,1,286,,FALSE
IGKV,IGKV4-HIV4*10,IGKV4-1*01_g118c,0,0,1,FALSE,1,1,287,,FALSE
IGKV,IGKV4-HIV4*11,IGKV4-1*01_g37a,0,0,1,FALSE,1,1,288,,FALSE
IGKV,IGKV5-RLLS*02,IGKV5-2*02_c5t,1,0,0,FALSE,1,1,289,,FALSE
IGKV,IGKV6-FFUB*02,IGKV6D-21*02_a300c,0,0,1,FALSE,1,1,290,,FALSE
IGKV,IGKV6-FFUB*04,IGKV6D-21*02_g139t_g295a,1,0,0,FALSE,1,1,291,,FALSE
IGKV,IGKV6-FFUB*10,IGKV6-21*02_t78g_a202t,0,0,1,FALSE,1,1,292,,FALSE
IGLJ,IGLJ4-6NHQ*01,IGLJ4*01,172,156,496,TRUE,824,824,1,J4*01,TRUE
IGLJ,IGLJ6-PJ6F*01,IGLJ6*01,172,156,495,TRUE,823,823,2,J6*01,TRUE
IGLJ,IGLJ1-Q3GE*01,IGLJ1*01,172,151,488,TRUE,811,811,3,J1*01,TRUE
IGLJ,IGLJ5-4BQL*02,IGLJ5*01,172,155,478,TRUE,805,805,4,,FALSE
IGLJ,IGLJ2/3-32ZQ*01,"IGLJ3-4*01,IGLJ3-2*01,IGLJ3-3*01_g2t_t3g_a7g,IGLJ3-1*01,IGLJ2*01_g2t_t3g_a7g,IGLJ3*02/IGLJ3-1*01/IGLJ3-4*01/IGLJ3-2*01",169,154,475,TRUE,798,798,5,,FALSE
IGLJ,IGLJ7-BG5J*02,IGLJ7*01,172,155,470,TRUE,797,797,6,,FALSE
IGLJ,IGLJ2/3-32ZQ*04,"IGLJ2*01,IGLJ3-1*01_t2g_g3t_g7a,IGLJ3-3*01,IGLJ3-2*01_t2g_g3t_g7a,IGLJ3-4*01_t2g_g3t_g7a,IGLJ2*01/IGLJ3-3*01",163,138,435,TRUE,736,736,7,,FALSE
IGLJ,IGLJ2-Z2XT*01,IGLJ2*01_8-------------------------------38,48,42,109,FALSE,199,199,8,J2*01_‡1,TRUE
IGLJ,IGLJ5-4BQL*01,IGLJ5*02,21,13,42,TRUE,76,76,9,,FALSE
IGLJ,IGLJ7-BG5J*01,IGLJ7*02,19,11,39,TRUE,69,69,10,,FALSE
IGLJ,IGLJ3-32ZQ*03,"IGLJ3-1*01_g38a,IGLJ3-4*01_g38a",3,0,4,FALSE,7,7,11,,FALSE
IGLJ,IGLJ7-BG5J*04,IGLJ7*01_g32a,0,3,0,FALSE,3,3,12,,FALSE
IGLJ,IGLJ3-32ZQ*02,IGLJ3-2*01_g14a,0,0,2,FALSE,2,2,13,,FALSE
IGLJ,IGLJ5-4BQL*03,IGLJ5*01_g23a,0,0,2,FALSE,2,2,14,,FALSE
IGLJ,IGLJ2-32ZQ*05,IGLJ2*01_c10t,0,0,1,FALSE,1,1,15,,FALSE
IGLJ,IGLJ2-32ZQ*06,IGLJ2*01_c13t,0,0,1,FALSE,1,1,16,,FALSE
IGLJ,IGLJ2-32ZQ*07,IGLJ2*01_g19a,0,0,1,FALSE,1,1,17,,FALSE
IGLJ,IGLJ7-BG5J*03,IGLJ7*01_g11a,1,0,0,FALSE,1,1,18,,FALSE
IGLV,IGLV5-OIYG*01,IGLV5-52*01,172,153,496,TRUE,821,821,1,V5-52*01,TRUE
IGLV,IGLV3-HV54*02,IGLV3-9*01_337-----341,171,157,490,FALSE,818,818,2,V3-9*01_337-----341,TRUE
IGLV,IGLV7-B5AO*01,IGLV7-43*01,171,153,491,TRUE,815,815,3,V7-43*01,TRUE
IGLV,IGLV9-6G6A*01,IGLV9-49*01,172,149,494,TRUE,815,815,4,,FALSE
IGLV,IGLV3-AT7Q*01,IGLV3-27*01,172,148,492,TRUE,812,812,5,,FALSE
IGLV,IGLV1-I7TN*01,IGLV1-40*01,171,149,489,TRUE,809,809,6,,FALSE
IGLV,IGLV1-7GPM*01,IGLV1-44*01,171,151,483,TRUE,805,805,7,,FALSE
IGLV,IGLV2-2ATY*02,IGLV2-8*01,171,149,485,TRUE,805,805,8,,FALSE
IGLV,IGLV1-IRYE*01,IGLV1-50*01,172,144,486,TRUE,802,802,9,,FALSE
IGLV,IGLV2-2ATY*11,IGLV2-11*01,172,149,478,TRUE,799,799,10,,FALSE
IGLV,IGLV2-35JA*01,IGLV2-33*01,172,149,476,TRUE,797,797,11,,FALSE
IGLV,IGLV3-6MZC*02,IGLV3-19*01,172,146,479,TRUE,797,797,12,,FALSE
IGLV,IGLV4-UDEI*01,IGLV4-3*01,172,139,483,TRUE,794,794,13,,FALSE
IGLV,IGLV1-3LR7*01,IGLV1-51*01,165,140,470,TRUE,775,775,14,,FALSE
IGLV,IGLV3-4KGD*01,IGLV3-10*01,166,145,461,TRUE,772,772,15,,FALSE
IGLV,IGLV1-F7S3*08,IGLV1-36*01,168,132,455,TRUE,755,755,16,,FALSE
IGLV,IGLV3-3O5X*10,IGLV3-16*01,169,136,442,TRUE,747,747,17,,FALSE
IGLV,IGLV5-BICQ*05,IGLV5-37*01,170,143,433,TRUE,746,746,18,,FALSE
IGLV,IGLV5-M6FZ*01,IGLV5-48*01,162,140,444,TRUE,746,746,19,,FALSE
IGLV,IGLV1-7GPM*11,IGLV1-47*01,164,136,442,TRUE,742,742,20,,FALSE
IGLV,IGLV2-577O*05,IGLV2-18*02,152,140,380,TRUE,672,672,21,,FALSE
IGLV,IGLV3-3O5X*01,IGLV3-25*03,158,132,366,TRUE,656,656,22,,FALSE
IGLV,IGLV3-UJ3V*01,IGLV3-1*01,172,105,357,TRUE,634,634,23,,FALSE
IGLV,IGLV3-E7QG*05,IGLV3-22*01,159,123,348,TRUE,630,630,24,,FALSE
IGLV,IGLV4-ABT7*13,IGLV4-60*03,120,114,320,TRUE,554,554,25,,FALSE
IGLV,IGLV11-V5G2*05,IGLV11-55*02,122,104,319,TRUE,545,545,26,,FALSE
IGLV,IGLV10-4DES*08,IGLV10-54*01,135,106,290,TRUE,531,531,27,,FALSE
IGLV,IGLV3-4AYZ*03,IGLV3-12*02,142,107,272,TRUE,521,521,28,,FALSE
IGLV,IGLV7-4QTE*02,IGLV7-46*01,127,94,287,TRUE,508,508,29,,FALSE
IGLV,IGLV2-3H25*21,IGLV2-23*03,146,99,262,TRUE,507,507,30,,FALSE
IGLV,IGLV4-VEQC*01,IGLV4-69*01,172,150,185,TRUE,507,507,31,,FALSE
IGLV,IGLV11-V5G2*01,IGLV11-55*01,122,103,279,TRUE,504,504,32,,FALSE
IGLV,IGLV7-4QTE*06,IGLV7-46*04,114,86,280,TRUE,480,480,33,,FALSE
IGLV,IGLV8-CZKU*02,IGLV8-61*01,156,143,146,TRUE,445,445,34,,FALSE
IGLV,IGLV5-MQIJ*01,IGLV5-39*01,112,84,246,TRUE,442,442,35,,FALSE
IGLV,IGLV5-7AGX*02,IGLV5-45*02,112,75,254,TRUE,441,441,36,,FALSE
IGLV,IGLV1-2N7T*02,IGLV1-41*01,106,97,234,TRUE,437,437,37,,FALSE
IGLV,IGLV5-7AGX*10,IGLV5-45*03,99,89,237,TRUE,425,425,38,,FALSE
IGLV,IGLV3-DROU*08,IGLV3-21*04,105,87,222,TRUE,414,414,39,,FALSE
IGLV,IGLV2-3H25*11,IGLV2-23*02,103,90,215,TRUE,408,408,40,,FALSE
IGLV,IGLV3-4AYZ*01,IGLV3-12*01,97,79,192,TRUE,368,368,41,,FALSE
IGLV,IGLV10-4DES*04,IGLV10-54*02,90,69,182,TRUE,341,341,42,,FALSE
IGLV,IGLV2-3H25*01,IGLV2-14*01,104,67,170,TRUE,341,341,43,,FALSE
IGLV,IGLV6-26WE*01,IGLV6-57*01,77,68,192,TRUE,337,337,44,,FALSE
IGLV,IGLV2-3H25*08,IGLV2-14*03,92,82,160,TRUE,334,334,45,,FALSE
IGLV,IGLV6-26WE*05,IGLV6-57*02,91,62,181,TRUE,334,334,46,,FALSE
IGLV,IGLV3-DROU*07,IGLV3-21*02,106,55,149,TRUE,310,310,47,,FALSE
IGLV,IGLV6-26WE*06,IGLV6-57*03,48,55,181,TRUE,284,284,48,,FALSE
IGLV,IGLV2-577O*01,IGLV2-18*01,95,45,124,TRUE,264,264,49,,FALSE
IGLV,IGLV3-3O5X*21,IGLV3-25*03_g74c,50,52,149,TRUE,251,251,50,,FALSE
IGLV,IGLV1-3LR7*06,IGLV1-51*02,53,41,135,TRUE,229,229,51,,FALSE
IGLV,IGLV5-7AGX*07,IGLV5-45*01,48,54,123,TRUE,225,225,52,,FALSE
IGLV,IGLV6-26WE*04,IGLV6-57*04,64,45,113,TRUE,222,222,53,,FALSE
IGLV,IGLV2-3H25*06,IGLV2-14*04,62,35,113,TRUE,210,210,54,,FALSE
IGLV,IGLV3-DROU*01,IGLV3-21*03,50,40,100,TRUE,190,190,55,,FALSE
IGLV,IGLV10-4DES*12,IGLV10-54*04,43,37,95,TRUE,175,175,56,,FALSE
IGLV,IGLV4-ABT7*03,IGLV4-60*03_c259t,21,27,103,TRUE,151,151,57,,FALSE
IGLV,IGLV1-F7S3*01,IGLV1-36*01_c330g,28,40,72,TRUE,140,140,58,,FALSE
IGLV,IGLV2-3H25*14,IGLV2-14*01_g168t_t198g_c337t,26,40,70,TRUE,136,136,59,,FALSE
IGLV,IGLV1-2N7T*06,IGLV1-41*01_c81t_c332t,20,31,83,FALSE,134,134,60,,FALSE
IGLV,IGLV1-7GPM*19,IGLV1-47*02,33,25,72,TRUE,130,130,61,,FALSE
IGLV,IGLV8-CZKU*01,IGLV8-61*02,62,38,25,TRUE,125,125,62,,FALSE
IGLV,IGLV7-4QTE*01,IGLV7-46*02,30,20,66,TRUE,116,116,63,,FALSE
IGLV,IGLV5-BICQ*01,IGLV5-37*03,28,25,59,TRUE,112,112,64,,FALSE
IGLV,IGLV4-ABT7*01,IGLV4-60*02,34,19,53,TRUE,106,106,65,,FALSE
IGLV,IGLV3-4AYZ*04,IGLV3-12*02_c195a_a267g,20,24,60,FALSE,104,104,66,,FALSE
IGLV,IGLV1-2N7T*05,IGLV1-41*01_c332t,18,22,56,FALSE,96,96,67,,FALSE
IGLV,IGLV3-3O5X*20,IGLV3-16*01_t145g_t146c,12,27,46,TRUE,85,85,68,,FALSE
IGLV,IGLV3-3O5X*15,IGLV3-16*01_g332c,16,24,43,FALSE,83,83,69,,FALSE
IGLV,IGLV3-4KGD*05,IGLV3-10*01_g115c,27,12,30,FALSE,69,69,70,,FALSE
IGLV,IGLV2-3H25*16,IGLV2-23*04_a279g,6,21,37,FALSE,64,64,71,,FALSE
IGLV,IGLV5-BICQ*02,IGLV5-37*02,10,19,32,TRUE,61,61,72,,FALSE
IGLV,IGLV10-4DES*01,IGLV10-54*05,12,15,33,TRUE,60,60,73,,FALSE
IGLV,IGLV4-ABT7*12,IGLV4-60*03_g251t,11,15,34,FALSE,60,60,74,,FALSE
IGLV,IGLV3-DROU*05,IGLV3-21*03_g27a,10,17,31,FALSE,58,58,75,,FALSE
IGLV,IGLV3-E7QG*04,IGLV3-22*03_t37g_t330c,9,15,33,FALSE,57,57,76,,FALSE
IGLV,IGLV3-3O5X*22,IGLV3-25*02,28,5,23,TRUE,56,56,77,,FALSE
IGLV,IGLV3-DROU*11,IGLV3-21*04_t166g,6,10,33,FALSE,49,49,78,,FALSE
IGLV,IGLV1-7GPM*17,IGLV1-47*01_g39t,11,17,19,FALSE,47,47,79,,FALSE
IGLV,IGLV1-7GPM*05,IGLV1-44*01_t168g,5,10,25,FALSE,40,40,80,,FALSE
IGLV,IGLV3-4KGD*03,IGLV3-10*01_c299a,4,12,21,FALSE,37,37,81,,FALSE
IGLV,IGLV2-35JA*03,IGLV2-33*01_c36t,6,8,19,FALSE,33,33,82,,FALSE
IGLV,IGLV5-7AGX*01,IGLV5-45*04,11,6,16,TRUE,33,33,83,,FALSE
IGLV,IGLV8-CZKU*03,IGLV8-61*01_c223a,9,10,13,FALSE,32,32,84,,FALSE
IGLV,IGLV1-IRYE*10,IGLV1-50*01_t90c,2,10,19,FALSE,31,31,85,,FALSE
IGLV,IGLV1-7GPM*16,IGLV1-47*01_g145a,3,9,18,FALSE,30,30,86,,FALSE
IGLV,IGLV1-IRYE*06,IGLV1-50*01_a224g,3,7,20,FALSE,30,30,87,,FALSE
IGLV,IGLV10-4DES*14,IGLV10-54*04_t89c,2,4,21,FALSE,27,27,88,,FALSE
IGLV,IGLV7-4QTE*04,IGLV7-46*01_g39a,3,7,16,FALSE,26,26,89,,FALSE
IGLV,IGLV2-3H25*04,IGLV2-14*01_g168t_t198g_c337t_t337c,8,5,12,FALSE,25,25,90,,FALSE
IGLV,IGLV3-E7QG*01,IGLV3-22*03,3,10,11,TRUE,24,24,91,,FALSE
IGLV,IGLV1-IRYE*04,IGLV1-50*01_a197g,2,5,16,FALSE,23,23,92,,FALSE
IGLV,IGLV3-6MZC*01,IGLV3-19*02,2,7,13,TRUE,22,22,93,,FALSE
IGLV,IGLV3-DROU*10,IGLV3-21*04_t124g,5,3,13,FALSE,21,21,94,,FALSE
IGLV,IGLV7-B5AO*03,IGLV7-43*01_c155t,4,5,11,FALSE,20,20,95,,FALSE
IGLV,IGLV1-2N7T*03,IGLV1-41*01_a328g,5,5,8,FALSE,18,18,96,,FALSE
IGLV,IGLV4-UDEI*02,IGLV4-3*01_c326a,3,4,11,FALSE,18,18,97,,FALSE
IGLV,IGLV1-F7S3*05,IGLV1-36*01_g112a,6,5,6,FALSE,17,17,98,,FALSE
IGLV,IGLV1-IRYE*05,IGLV1-50*01_a207g,7,0,10,FALSE,17,17,99,,FALSE
IGLV,IGLV11-V5G2*11,IGLV11-55*02_g210t,3,8,6,FALSE,17,17,100,,FALSE
IGLV,IGLV5-BICQ*08,IGLV5-37*01_t163a_c223t,3,3,11,FALSE,17,17,101,,FALSE
IGLV,IGLV1-3LR7*03,IGLV1-51*01_c312t,8,0,8,FALSE,16,16,102,,FALSE
IGLV,IGLV2-3H25*12,IGLV2-23*02_a320g,4,6,6,FALSE,16,16,103,,FALSE
IGLV,IGLV2-3H25*15,IGLV2-23*04,1,6,9,TRUE,16,16,104,,FALSE
IGLV,IGLV1-3LR7*08,IGLV1-51*02_a334c,0,1,13,FALSE,14,14,105,,FALSE
IGLV,IGLV2-2ATY*01,IGLV2-8*03,9,2,3,TRUE,14,14,106,,FALSE
IGLV,IGLV5-MQIJ*02,IGLV5-39*01_g198a,8,2,4,FALSE,14,14,107,,FALSE
IGLV,IGLV6-26WE*03,IGLV6-57*01_c73t,2,3,9,FALSE,14,14,108,,FALSE
IGLV,IGLV4-ABT7*09,IGLV4-60*03_c53t,0,0,13,FALSE,13,13,109,,FALSE
IGLV,IGLV4-VEQC*05,IGLV4-69*01_c42t,2,7,4,FALSE,13,13,110,,FALSE
IGLV,IGLV1-7GPM*06,IGLV1-44*01_t168g_t286g,2,3,7,FALSE,12,12,111,,FALSE
IGLV,IGLV2-3H25*23,IGLV2-23*03_t32a,3,0,9,FALSE,12,12,112,,FALSE
IGLV,IGLV11-V5G2*07,IGLV11-55*02_c260t,0,0,11,FALSE,11,11,113,,FALSE
IGLV,IGLV4-ABT7*11,IGLV4-60*03_g176a,2,3,6,FALSE,11,11,114,,FALSE
IGLV,IGLV10-4DES*13,IGLV10-54*04_g27a_g298c,0,0,10,FALSE,10,10,115,,FALSE
IGLV,IGLV1-7GPM*07,IGLV1-44*01_t168g_t288c,1,0,8,FALSE,9,9,116,,FALSE
IGLV,IGLV1-F7S3*02,IGLV1-36*01_a335g,1,4,4,FALSE,9,9,117,,FALSE
IGLV,IGLV1-I7TN*08,IGLV1-40*01_c275g,6,1,2,FALSE,9,9,118,,FALSE
IGLV,IGLV2-2ATY*18,IGLV2-11*01_t313a,0,3,6,FALSE,9,9,119,,FALSE
IGLV,IGLV2-3H25*13,IGLV2-23*02_g168c,3,0,6,FALSE,9,9,120,,FALSE
IGLV,IGLV3-3O5X*17,IGLV3-16*01_t163a,3,0,6,FALSE,9,9,121,,FALSE
IGLV,IGLV1-7GPM*18,IGLV1-47*01_t111g,1,2,5,FALSE,8,8,122,,FALSE
IGLV,IGLV1-F7S3*04,IGLV1-36*01_c203t,3,0,5,FALSE,8,8,123,,FALSE
IGLV,IGLV1-I7TN*10,IGLV1-40*01_c90t,1,5,2,FALSE,8,8,124,,FALSE
IGLV,IGLV10-4DES*09,IGLV10-54*01_c119t,1,0,7,FALSE,8,8,125,,FALSE
IGLV,IGLV2-577O*08,IGLV2-18*02_g168t,1,3,4,FALSE,8,8,126,,FALSE
IGLV,IGLV3-4AYZ*02,IGLV3-12*01_c270t,0,2,6,FALSE,8,8,127,,FALSE
IGLV,IGLV5-7AGX*14,IGLV5-45*03_t306c,2,0,6,FALSE,8,8,128,,FALSE
IGLV,IGLV1-7GPM*20,IGLV1-47*02_g291a,4,0,3,FALSE,7,7,129,,FALSE
IGLV,IGLV2-3H25*09,IGLV2-14*03_c270a,0,0,7,FALSE,7,7,130,,FALSE
IGLV,IGLV3-UJ3V*31,IGLV3-1*01_g194a,0,5,2,FALSE,7,7,131,,FALSE
IGLV,IGLV11-V5G2*04,IGLV11-55*01_c321t,2,0,4,FALSE,6,6,132,,FALSE
IGLV,IGLV2-3H25*20,IGLV2-14*05_g132a_g168t,2,0,4,FALSE,6,6,133,,FALSE
IGLV,IGLV3-HV54*03,IGLV3-9*01_g289a_337-----341,1,0,5,FALSE,6,6,134,,FALSE
IGLV,IGLV1-7GPM*14,IGLV1-47*01_c283t,1,1,3,FALSE,5,5,135,,FALSE
IGLV,IGLV1-F7S3*06,IGLV1-36*01_g224a,3,0,2,FALSE,5,5,136,,FALSE
IGLV,IGLV10-4DES*11,IGLV10-54*01_g329a,0,0,5,FALSE,5,5,137,,FALSE
IGLV,IGLV11-V5G2*12,IGLV11-55*02_g2a,2,0,3,FALSE,5,5,138,,FALSE
IGLV,IGLV2-2ATY*14,IGLV2-11*01_c287g,0,0,5,FALSE,5,5,139,,FALSE
IGLV,IGLV2-35JA*02,IGLV2-33*01_c141t,1,0,4,FALSE,5,5,140,,FALSE
IGLV,IGLV3-6MZC*06,IGLV3-19*01_g74a,0,2,3,FALSE,5,5,141,,FALSE
IGLV,IGLV3-DROU*06,IGLV3-21*03_t324c,0,2,3,FALSE,5,5,142,,FALSE
IGLV,IGLV3-E7QG*02,IGLV3-22*03_a322g_t330c,1,0,4,FALSE,5,5,143,,FALSE
IGLV,IGLV7-4QTE*03,IGLV7-46*01_c31t,1,1,3,FALSE,5,5,144,,FALSE
IGLV,IGLV9-6G6A*03,IGLV9-49*01_a13g,2,0,3,FALSE,5,5,145,,FALSE
IGLV,IGLV1-3LR7*07,IGLV1-51*02_a325g,0,1,3,FALSE,4,4,146,,FALSE
IGLV,IGLV1-7GPM*04,IGLV1-44*01_a335g,0,1,3,FALSE,4,4,147,,FALSE
IGLV,IGLV10-4DES*03,IGLV10-54*05_g209a,0,1,3,FALSE,4,4,148,,FALSE
IGLV,IGLV2-2ATY*03,IGLV2-8*01_a313t,1,1,2,FALSE,4,4,149,,FALSE
IGLV,IGLV2-2ATY*06,IGLV2-8*01_c43t,2,0,2,FALSE,4,4,150,,FALSE
IGLV,IGLV2-2ATY*16,IGLV2-11*01_t168g,2,0,2,FALSE,4,4,151,,FALSE
IGLV,IGLV3-DROU*09,IGLV3-21*04_a27g,0,3,1,FALSE,4,4,152,,FALSE
IGLV,IGLV3-E7QG*14,IGLV3-22*01_g322a,0,0,4,FALSE,4,4,153,,FALSE
IGLV,IGLV3-UJ3V*28,IGLV3-1*01_g153a,0,0,4,FALSE,4,4,154,,FALSE
IGLV,IGLV3-UJ3V*32,IGLV3-1*01_g194c,0,0,4,FALSE,4,4,155,,FALSE
IGLV,IGLV4-VEQC*06,IGLV4-69*01_g203a,1,2,1,FALSE,4,4,156,,FALSE
IGLV,IGLV5-7AGX*08,IGLV5-45*01_c20t,1,0,3,FALSE,4,4,157,,FALSE
IGLV,IGLV1-3LR7*05,IGLV1-51*01_g301a,1,0,2,FALSE,3,3,158,,FALSE
IGLV,IGLV1-F7S3*03,IGLV1-36*01_c202a_t247c,1,0,2,FALSE,3,3,159,,FALSE
IGLV,IGLV10-4DES*02,IGLV10-54*05_c233t,1,2,0,FALSE,3,3,160,,FALSE
IGLV,IGLV10-4DES*10,IGLV10-54*01_g289a,0,1,2,FALSE,3,3,161,,FALSE
IGLV,IGLV2-3H25*07,IGLV2-14*04_a134c,0,0,3,FALSE,3,3,162,,FALSE
IGLV,IGLV2-3H25*10,IGLV2-14*03_c270t,1,1,1,FALSE,3,3,163,,FALSE
IGLV,IGLV2-3H25*18,IGLV2-14*05,1,1,1,TRUE,3,3,164,,FALSE
IGLV,IGLV2-577O*07,IGLV2-18*02_a142g,0,0,3,FALSE,3,3,165,,FALSE
IGLV,IGLV3-3O5X*18,IGLV3-16*01_t260a_g332c,0,0,3,FALSE,3,3,166,,FALSE
IGLV,IGLV3-DROU*12,IGLV3-21*04_t166g_t324c,1,2,0,FALSE,3,3,167,,FALSE
IGLV,IGLV3-E7QG*11,IGLV3-22*01_c53a_g106a,3,0,0,FALSE,3,3,168,,FALSE
IGLV,IGLV3-KNLL*01,IGLV3-21*04_c0fd,3,0,0,FALSE,3,3,169,,FALSE
IGLV,IGLV3-UJ3V*05,IGLV3-1*01_a134g,1,0,2,FALSE,3,3,170,,FALSE
IGLV,IGLV4-UDEI*03,IGLV4-3*01_g239c,1,1,1,FALSE,3,3,171,,FALSE
IGLV,IGLV5-7AGX*13,IGLV5-45*03_c248t,0,0,3,FALSE,3,3,172,,FALSE
IGLV,IGLV5-BICQ*03,IGLV5-37*02_a256g,0,0,3,FALSE,3,3,173,,FALSE
IGLV,IGLV5-OIYG*06,IGLV5-52*01_c44t,1,0,2,FALSE,3,3,174,,FALSE
IGLV,IGLV7-B5AO*05,IGLV7-43*01_c65t,1,2,0,FALSE,3,3,175,,FALSE
IGLV,IGLV9-6G6A*05,IGLV9-49*01_c265t,0,0,3,FALSE,3,3,176,,FALSE
IGLV,IGLV1-3LR7*09,IGLV1-51*02_g255c,2,0,0,FALSE,2,2,177,,FALSE
IGLV,IGLV1-I7TN*06,IGLV1-40*01_g38a,2,0,0,FALSE,2,2,178,,FALSE
IGLV,IGLV1-I7TN*13,IGLV1-40*01_t205g,0,0,2,FALSE,2,2,179,,FALSE
IGLV,IGLV1-NSTN*01,IGLV1-41*01_af33,2,0,0,FALSE,2,2,180,,FALSE
IGLV,IGLV10-4DES*07,IGLV10-54*02_c236g,1,0,1,FALSE,2,2,181,,FALSE
IGLV,IGLV11-V5G2*10,IGLV11-55*02_g12a,0,0,2,FALSE,2,2,182,,FALSE
IGLV,IGLV2-2ATY*17,IGLV2-11*01_t212c_a221g_c223t,0,0,2,FALSE,2,2,183,,FALSE
IGLV,IGLV2-2ATY*19,IGLV2-11*01_t331a,0,0,2,FALSE,2,2,184,,FALSE
IGLV,IGLV2-35JA*04,IGLV2-33*01_g233t,1,0,1,FALSE,2,2,185,,FALSE
IGLV,IGLV2-3H25*02,IGLV2-14*01_g168t_t198g_c337t_g198t,2,0,0,FALSE,2,2,186,,FALSE
IGLV,IGLV2-577O*03,IGLV2-18*01_g224c,1,0,1,FALSE,2,2,187,,FALSE
IGLV,IGLV3-3O5X*08,IGLV3-25*03_g74c_c223a,1,0,1,FALSE,2,2,188,,FALSE
IGLV,IGLV3-3O5X*09,IGLV3-25*03_g74c_g297a,0,0,2,FALSE,2,2,189,,FALSE
IGLV,IGLV3-4KGD*08,IGLV3-10*01_g27a,0,0,2,FALSE,2,2,190,,FALSE
IGLV,IGLV3-AT7Q*03,IGLV3-27*01_g60t,2,0,0,FALSE,2,2,191,,FALSE
IGLV,IGLV3-G3IN*01,IGLV3-9*01_caab,2,0,0,FALSE,2,2,192,,FALSE
IGLV,IGLV3-UJ3V*12,IGLV3-1*01_c116g,0,0,2,FALSE,2,2,193,,FALSE
IGLV,IGLV3-UJ3V*14,IGLV3-1*01_c116t,0,0,2,FALSE,2,2,194,,FALSE
IGLV,IGLV3-UJ3V*19,IGLV3-1*01_c136g_g153t_g169c_c228g_t304c,0,0,2,FALSE,2,2,195,,FALSE
IGLV,IGLV3-UJ3V*20,IGLV3-1*01_c154g,0,0,2,FALSE,2,2,196,,FALSE
IGLV,IGLV3-UJ3V*22,IGLV3-1*01_c154t,0,2,0,FALSE,2,2,197,,FALSE
IGLV,IGLV4-VEQC*02,IGLV4-69*01_g54a,2,0,0,FALSE,2,2,198,,FALSE
IGLV,IGLV4-VEQC*04,IGLV4-69*01_c324t,0,2,0,FALSE,2,2,199,,FALSE
IGLV,IGLV7-B5AO*06,IGLV7-43*01_g295a,0,0,2,FALSE,2,2,200,,FALSE
IGLV,IGLV7-TYUS*01,IGLV7-46*04_cc1d,2,0,0,FALSE,2,2,201,,FALSE
IGLV,IGLV9-6G6A*02,IGLV9-49*01_g295a,2,0,0,FALSE,2,2,202,,FALSE
IGLV,IGLV9-6G6A*09,IGLV9-49*01_g77a,1,0,1,FALSE,2,2,203,,FALSE
IGLV,IGLV1-2N7T*04,IGLV1-41*01_c22t_c81t_c332t,0,0,1,FALSE,1,1,204,,FALSE
IGLV,IGLV1-2N7T*07,IGLV1-41*01_g85a,0,0,1,FALSE,1,1,205,,FALSE
IGLV,IGLV1-3LR7*02,IGLV1-51*01_a50g,0,0,1,FALSE,1,1,206,,FALSE
IGLV,IGLV1-3LR7*04,IGLV1-51*01_g277a_c312t,0,0,1,FALSE,1,1,207,,FALSE
IGLV,IGLV1-3LR7*10,IGLV1-51*02_g313a_a334c,0,0,1,FALSE,1,1,208,,FALSE
IGLV,IGLV1-7GPM*02,IGLV1-44*01_a112t_c113a_t168g_t288c,1,0,0,FALSE,1,1,209,,FALSE
IGLV,IGLV1-7GPM*03,IGLV1-44*01_a284g_t288c,0,1,0,FALSE,1,1,210,,FALSE
IGLV,IGLV1-7GPM*08,IGLV1-44*01_t304c_c317t,0,0,1,FALSE,1,1,211,,FALSE
IGLV,IGLV1-7GPM*10,IGLV1-44*03,1,0,0,TRUE,1,1,212,,FALSE
IGLV,IGLV1-7GPM*12,IGLV1-47*01_a323t,0,0,1,FALSE,1,1,213,,FALSE
IGLV,IGLV1-7GPM*13,IGLV1-47*01_a88c,0,0,1,FALSE,1,1,214,,FALSE
IGLV,IGLV1-7GPM*15,IGLV1-47*01_c147t,1,0,0,FALSE,1,1,215,,FALSE
IGLV,IGLV1-7GPM*21,IGLV1-47*02_g46a,0,0,1,FALSE,1,1,216,,FALSE
IGLV,IGLV1-F7S3*07,IGLV1-36*01_g259a,0,1,0,FALSE,1,1,217,,FALSE
IGLV,IGLV1-I7TN*02,IGLV1-40*01_a119t_a128c_g167c,0,0,1,FALSE,1,1,218,,FALSE
IGLV,IGLV1-I7TN*03,IGLV1-40*01_g333t,1,0,0,FALSE,1,1,219,,FALSE
IGLV,IGLV1-I7TN*04,IGLV1-40*01_a320g,0,0,1,FALSE,1,1,220,,FALSE
IGLV,IGLV1-I7TN*05,IGLV1-40*01_g329c,1,0,0,FALSE,1,1,221,,FALSE
IGLV,IGLV1-I7TN*07,IGLV1-40*01_c14t,0,1,0,FALSE,1,1,222,,FALSE
IGLV,IGLV1-I7TN*09,IGLV1-40*01_c313t,0,0,1,FALSE,1,1,223,,FALSE
IGLV,IGLV1-I7TN*11,IGLV1-40*01_g194c,0,1,0,FALSE,1,1,224,,FALSE
IGLV,IGLV1-I7TN*12,IGLV1-40*01_g200a,0,0,1,FALSE,1,1,225,,FALSE
IGLV,IGLV1-IRYE*02,IGLV1-50*01_t56g,1,0,0,FALSE,1,1,226,,FALSE
IGLV,IGLV1-IRYE*03,IGLV1-50*01_c104t,1,0,0,FALSE,1,1,227,,FALSE
IGLV,IGLV1-IRYE*07,IGLV1-50*01_a318g,0,0,1,FALSE,1,1,228,,FALSE
IGLV,IGLV1-IRYE*08,IGLV1-50*01_c87a,0,1,0,FALSE,1,1,229,,FALSE
IGLV,IGLV1-IRYE*09,IGLV1-50*01_c215g,1,0,0,FALSE,1,1,230,,FALSE
IGLV,IGLV10-4DES*05,IGLV10-54*02_c54t,1,0,0,FALSE,1,1,231,,FALSE
IGLV,IGLV10-4DES*06,IGLV10-54*02_c199t,0,0,1,FALSE,1,1,232,,FALSE
IGLV,IGLV11-V5G2*02,IGLV11-55*01_c294t,1,0,0,FALSE,1,1,233,,FALSE
IGLV,IGLV11-V5G2*03,IGLV11-55*01_g298c,1,0,0,FALSE,1,1,234,,FALSE
IGLV,IGLV11-V5G2*06,IGLV11-55*02_c144t,0,0,1,FALSE,1,1,235,,FALSE
IGLV,IGLV11-V5G2*08,IGLV11-55*02_c294a,0,0,1,FALSE,1,1,236,,FALSE
IGLV,IGLV11-V5G2*09,IGLV11-55*02_c321t,0,0,1,FALSE,1,1,237,,FALSE
IGLV,IGLV2-2ATY*04,IGLV2-8*01_c87t,1,0,0,FALSE,1,1,238,,FALSE
IGLV,IGLV2-2ATY*05,IGLV2-8*01_c237t,0,0,1,FALSE,1,1,239,,FALSE
IGLV,IGLV2-2ATY*07,IGLV2-8*01_c257t,1,0,0,FALSE,1,1,240,,FALSE
IGLV,IGLV2-2ATY*08,IGLV2-8*01_c154a,1,0,0,FALSE,1,1,241,,FALSE
IGLV,IGLV2-2ATY*09,IGLV2-8*01_g200a,1,0,0,FALSE,1,1,242,,FALSE
IGLV,IGLV2-2ATY*10,IGLV2-8*01_g271a,1,0,0,FALSE,1,1,243,,FALSE
IGLV,IGLV2-2ATY*12,IGLV2-11*01_c16g,0,0,1,FALSE,1,1,244,,FALSE
IGLV,IGLV2-2ATY*13,IGLV2-11*01_a193g_g198t_c199t_t212c_a221g_c223t,1,0,0,FALSE,1,1,245,,FALSE
IGLV,IGLV2-2ATY*15,IGLV2-11*01_c36g,0,1,0,FALSE,1,1,246,,FALSE
IGLV,IGLV2-3H25*03,IGLV2-14*01_g168t_t198g_c337t_t168a,1,0,0,FALSE,1,1,247,,FALSE
IGLV,IGLV2-3H25*05,IGLV2-14*01_g168t_t198g_c337t_t321c,0,0,1,FALSE,1,1,248,,FALSE
IGLV,IGLV2-3H25*17,IGLV2-23*04_g240a_a279g,0,0,1,FALSE,1,1,249,,FALSE
IGLV,IGLV2-3H25*19,IGLV2-14*05_g132a_c234g,1,0,0,FALSE,1,1,250,,FALSE
IGLV,IGLV2-3H25*22,IGLV2-23*03_c335t,0,0,1,FALSE,1,1,251,,FALSE
IGLV,IGLV2-577O*02,IGLV2-18*01_c223g,1,0,0,FALSE,1,1,252,,FALSE
IGLV,IGLV2-577O*04,IGLV2-18*01_t198g,0,0,1,FALSE,1,1,253,,FALSE
IGLV,IGLV2-577O*06,IGLV2-18*02_g285a,1,0,0,FALSE,1,1,254,,FALSE
IGLV,IGLV2-577O*09,IGLV2-18*02_g234c,0,0,1,FALSE,1,1,255,,FALSE
IGLV,IGLV3-3O5X*02,IGLV3-25*03_a110c_a162t,0,1,0,FALSE,1,1,256,,FALSE
IGLV,IGLV3-3O5X*03,IGLV3-25*03_a256g,0,0,1,FALSE,1,1,257,,FALSE
IGLV,IGLV3-3O5X*04,IGLV3-25*03_a58g_a81g_a164t,0,0,1,FALSE,1,1,258,,FALSE
IGLV,IGLV3-3O5X*05,IGLV3-25*03_c154a,0,0,1,FALSE,1,1,259,,FALSE
IGLV,IGLV3-3O5X*06,IGLV3-25*03_a314t,1,0,0,FALSE,1,1,260,,FALSE
IGLV,IGLV3-3O5X*07,IGLV3-25*03_g33a,0,0,1,FALSE,1,1,261,,FALSE
IGLV,IGLV3-3O5X*11,IGLV3-16*01_a162g,0,0,1,FALSE,1,1,262,,FALSE
IGLV,IGLV3-3O5X*12,IGLV3-16*01_c16a,0,1,0,FALSE,1,1,263,,FALSE
IGLV,IGLV3-3O5X*13,IGLV3-16*01_c195t,0,0,1,FALSE,1,1,264,,FALSE
IGLV,IGLV3-3O5X*14,IGLV3-16*01_c294t,0,0,1,FALSE,1,1,265,,FALSE
IGLV,IGLV3-3O5X*16,IGLV3-16*01_t145g_t146c_t265c,0,0,1,FALSE,1,1,266,,FALSE
IGLV,IGLV3-3O5X*19,IGLV3-16*01_t281c,0,0,1,FALSE,1,1,267,,FALSE
IGLV,IGLV3-3O5X*23,IGLV3-25*02_t82c_c116t_c154t,0,0,1,FALSE,1,1,268,,FALSE
IGLV,IGLV3-4AYZ*05,IGLV3-12*02_c20g,0,0,1,FALSE,1,1,269,,FALSE
IGLV,IGLV3-4KGD*02,IGLV3-10*01_t114c,1,0,0,FALSE,1,1,270,,FALSE
IGLV,IGLV3-4KGD*04,IGLV3-10*01_g115a,0,0,1,FALSE,1,1,271,,FALSE
IGLV,IGLV3-4KGD*06,IGLV3-10*01_g153a,0,0,1,FALSE,1,1,272,,FALSE
IGLV,IGLV3-4KGD*07,IGLV3-10*01_g233a,0,0,1,FALSE,1,1,273,,FALSE
IGLV,IGLV3-4KGD*09,IGLV3-10*01_g27a_c66a,0,1,0,FALSE,1,1,274,,FALSE
IGLV,IGLV3-6MZC*03,IGLV3-19*01_a254g,0,1,0,FALSE,1,1,275,,FALSE
IGLV,IGLV3-6MZC*04,IGLV3-19*01_g25t_t27c_g129c_a153t_t316a,0,0,1,FALSE,1,1,276,,FALSE
IGLV,IGLV3-6MZC*05,IGLV3-19*01_g55c,0,0,1,FALSE,1,1,277,,FALSE
IGLV,IGLV3-AT7Q*02,IGLV3-27*01_c276t,1,0,0,FALSE,1,1,278,,FALSE
IGLV,IGLV3-AT7Q*04,IGLV3-27*01_g200a,1,0,0,FALSE,1,1,279,,FALSE
IGLV,IGLV3-AT7Q*05,IGLV3-27*01_c231t,1,0,0,FALSE,1,1,280,,FALSE
IGLV,IGLV3-AT7Q*06,IGLV3-27*01_g157c,0,0,1,FALSE,1,1,281,,FALSE
IGLV,IGLV3-DROU*02,IGLV3-21*03_g27a_t324c,1,0,0,FALSE,1,1,282,,FALSE
IGLV,IGLV3-DROU*03,IGLV3-21*03_a52g_a106g_a285g_c309t_t333a,0,0,1,FALSE,1,1,283,,FALSE
IGLV,IGLV3-DROU*04,IGLV3-21*03_c147t,0,0,1,FALSE,1,1,284,,FALSE
IGLV,IGLV3-DROU*13,IGLV3-21*04_t324c,0,0,1,FALSE,1,1,285,,FALSE
IGLV,IGLV3-E7QG*03,IGLV3-22*03_t37g_g200a_t330c,0,0,1,FALSE,1,1,286,,FALSE
IGLV,IGLV3-E7QG*06,IGLV3-22*01_g106a,1,0,0,FALSE,1,1,287,,FALSE
IGLV,IGLV3-E7QG*07,IGLV3-22*01_c53a_g322a,1,0,0,FALSE,1,1,288,,FALSE
IGLV,IGLV3-E7QG*08,IGLV3-22*01_c199a,0,0,1,FALSE,1,1,289,,FALSE
IGLV,IGLV3-E7QG*09,IGLV3-22*01_c288t,0,0,1,FALSE,1,1,290,,FALSE
IGLV,IGLV3-E7QG*10,IGLV3-22*01_g37t_c53a_c199a,1,0,0,FALSE,1,1,291,,FALSE
IGLV,IGLV3-E7QG*12,IGLV3-22*01_g279a,0,1,0,FALSE,1,1,292,,FALSE
IGLV,IGLV3-E7QG*13,IGLV3-22*01_g27a,0,0,1,FALSE,1,1,293,,FALSE
IGLV,IGLV3-UJ3V*02,IGLV3-1*01_g295a,1,0,0,FALSE,1,1,294,,FALSE
IGLV,IGLV3-UJ3V*03,IGLV3-1*01_a113t_a125c,0,0,1,FALSE,1,1,295,,FALSE
IGLV,IGLV3-UJ3V*04,IGLV3-1*01_a128g,0,0,1,FALSE,1,1,296,,FALSE
IGLV,IGLV3-UJ3V*06,IGLV3-1*01_a27g_g194t_g233c,0,0,1,FALSE,1,1,297,,FALSE
IGLV,IGLV3-UJ3V*07,IGLV3-1*01_a64c,0,0,1,FALSE,1,1,298,,FALSE
IGLV,IGLV3-UJ3V*08,IGLV3-1*01_a77c_a134g,0,0,1,FALSE,1,1,299,,FALSE
IGLV,IGLV3-UJ3V*09,IGLV3-1*01_a80c_a193t_g194t,0,0,1,FALSE,1,1,300,,FALSE
IGLV,IGLV3-UJ3V*10,IGLV3-1*01_c199t,1,0,0,FALSE,1,1,301,,FALSE
IGLV,IGLV3-UJ3V*11,IGLV3-1*01_c10g_g151a_g153a_a323g,0,0,1,FALSE,1,1,302,,FALSE
IGLV,IGLV3-UJ3V*13,IGLV3-1*01_c116g_g169c,0,1,0,FALSE,1,1,303,,FALSE
IGLV,IGLV3-UJ3V*15,IGLV3-1*01_c116t_c195t,0,0,1,FALSE,1,1,304,,FALSE
IGLV,IGLV3-UJ3V*16,IGLV3-1*01_c116t_t118g_c154g,0,0,1,FALSE,1,1,305,,FALSE
IGLV,IGLV3-UJ3V*17,IGLV3-1*01_c120g_t150a_g329a,0,0,1,FALSE,1,1,306,,FALSE
IGLV,IGLV3-UJ3V*18,IGLV3-1*01_c136g,0,0,1,FALSE,1,1,307,,FALSE
IGLV,IGLV3-UJ3V*21,IGLV3-1*01_c154g_a193g,0,0,1,FALSE,1,1,308,,FALSE
IGLV,IGLV3-UJ3V*23,IGLV3-1*01_c154t_g194a_a262t,0,1,0,FALSE,1,1,309,,FALSE
IGLV,IGLV3-UJ3V*24,IGLV3-1*01_c154t_t155c,0,0,1,FALSE,1,1,310,,FALSE
IGLV,IGLV3-UJ3V*25,IGLV3-1*01_c195g,0,0,1,FALSE,1,1,311,,FALSE
IGLV,IGLV3-UJ3V*26,IGLV3-1*01_c71g,0,0,1,FALSE,1,1,312,,FALSE
IGLV,IGLV3-UJ3V*27,IGLV3-1*01_g129c,0,0,1,FALSE,1,1,313,,FALSE
IGLV,IGLV3-UJ3V*29,IGLV3-1*01_g169c,0,0,1,FALSE,1,1,314,,FALSE
IGLV,IGLV3-UJ3V*30,IGLV3-1*01_g169c_g194c,0,0,1,FALSE,1,1,315,,FALSE
IGLV,IGLV3-UJ3V*33,IGLV3-1*01_g286c,0,0,1,FALSE,1,1,316,,FALSE
IGLV,IGLV3-UJ3V*34,IGLV3-1*01_g297a,0,0,1,FALSE,1,1,317,,FALSE
IGLV,IGLV3-UJ3V*35,IGLV3-1*01_g298a,0,1,0,FALSE,1,1,318,,FALSE
IGLV,IGLV3-UJ3V*36,IGLV3-1*01_g316a,0,0,1,FALSE,1,1,319,,FALSE
IGLV,IGLV3-UJ3V*37,IGLV3-1*01_g31a_g153a_c166g,0,0,1,FALSE,1,1,320,,FALSE
IGLV,IGLV3-UJ3V*38,IGLV3-1*01_g31c,0,0,1,FALSE,1,1,321,,FALSE
IGLV,IGLV3-UJ3V*39,IGLV3-1*01_g87a_g106a_g119a_g153a_a308t,0,0,1,FALSE,1,1,322,,FALSE
IGLV,IGLV3-UJ3V*40,IGLV3-1*01_g9a,0,1,0,FALSE,1,1,323,,FALSE
IGLV,IGLV3-UJ3V*41,IGLV3-1*01_g9a_a125g,0,0,1,FALSE,1,1,324,,FALSE
IGLV,IGLV3-UJ3V*42,IGLV3-1*01_g9c_g51c_c154g_c195g,0,1,0,FALSE,1,1,325,,FALSE
IGLV,IGLV3-UJ3V*43,IGLV3-1*01_t112a,0,0,1,FALSE,1,1,326,,FALSE
IGLV,IGLV3-UJ3V*44,IGLV3-1*01_t62c_g194a_a289c_a308g,0,0,1,FALSE,1,1,327,,FALSE
IGLV,IGLV4-ABT7*02,IGLV4-60*02_c332t,0,0,1,FALSE,1,1,328,,FALSE
IGLV,IGLV4-ABT7*04,IGLV4-60*03_t36c,1,0,0,FALSE,1,1,329,,FALSE
IGLV,IGLV4-ABT7*05,IGLV4-60*03_c108t,0,0,1,FALSE,1,1,330,,FALSE
IGLV,IGLV4-ABT7*06,IGLV4-60*03_c108t_t109c,0,1,0,FALSE,1,1,331,,FALSE
IGLV,IGLV4-ABT7*07,IGLV4-60*03_c223g,0,0,1,FALSE,1,1,332,,FALSE
IGLV,IGLV4-ABT7*08,IGLV4-60*03_c259t_g75a,0,0,1,FALSE,1,1,333,,FALSE
IGLV,IGLV4-ABT7*10,IGLV4-60*03_c66t,0,0,1,FALSE,1,1,334,,FALSE
IGLV,IGLV4-VEQC*03,IGLV4-69*01_a155t_a170t,0,0,1,FALSE,1,1,335,,FALSE
IGLV,IGLV5-7AGX*03,IGLV5-45*02_a239c,0,0,1,FALSE,1,1,336,,FALSE
IGLV,IGLV5-7AGX*04,IGLV5-45*02_a58c_c108t_t154a,0,1,0,FALSE,1,1,337,,FALSE
IGLV,IGLV5-7AGX*05,IGLV5-45*02_c157t,0,0,1,FALSE,1,1,338,,FALSE
IGLV,IGLV5-7AGX*06,IGLV5-45*02_t300c,0,0,1,FALSE,1,1,339,,FALSE
IGLV,IGLV5-7AGX*09,IGLV5-45*01_g77t,0,0,1,FALSE,1,1,340,,FALSE
IGLV,IGLV5-7AGX*11,IGLV5-45*03_g4c,1,0,0,FALSE,1,1,341,,FALSE
IGLV,IGLV5-7AGX*12,IGLV5-45*03_c35a,1,0,0,FALSE,1,1,342,,FALSE
IGLV,IGLV5-BICQ*04,IGLV5-37*02_a256g_c276t,0,1,0,FALSE,1,1,343,,FALSE
IGLV,IGLV5-BICQ*06,IGLV5-37*01_c36t,1,0,0,FALSE,1,1,344,,FALSE
IGLV,IGLV5-BICQ*07,IGLV5-37*01_g202t,0,1,0,FALSE,1,1,345,,FALSE
IGLV,IGLV5-M6FZ*02,IGLV5-48*01_a85g,0,0,1,FALSE,1,1,346,,FALSE
IGLV,IGLV5-M6FZ*03,IGLV5-48*01_c108t,0,1,0,FALSE,1,1,347,,FALSE
IGLV,IGLV5-M6FZ*04,IGLV5-48*01_c223t,0,0,1,FALSE,1,1,348,,FALSE
IGLV,IGLV5-OIYG*02,IGLV5-52*01_g269t,1,0,0,FALSE,1,1,349,,FALSE
IGLV,IGLV5-OIYG*03,IGLV5-52*01_g269a,1,0,0,FALSE,1,1,350,,FALSE
IGLV,IGLV5-OIYG*04,IGLV5-52*01_c223t,0,1,0,FALSE,1,1,351,,FALSE
IGLV,IGLV5-OIYG*05,IGLV5-52*01_c228t,0,0,1,FALSE,1,1,352,,FALSE
IGLV,IGLV6-26WE*02,IGLV6-57*01_c21g,0,1,0,FALSE,1,1,353,,FALSE
IGLV,IGLV6-26WE*07,IGLV6-57*03_a106g,0,0,1,FALSE,1,1,354,,FALSE
IGLV,IGLV7-4QTE*05,IGLV7-46*01_t81c,0,0,1,FALSE,1,1,355,,FALSE
IGLV,IGLV7-4QTE*07,IGLV7-46*04_a134g_g303a_a323g,0,0,1,FALSE,1,1,356,,FALSE
IGLV,IGLV7-4QTE*08,IGLV7-46*04_a323c_g331c,0,0,1,FALSE,1,1,357,,FALSE
IGLV,IGLV7-4QTE*09,IGLV7-46*04_c41g,0,0,1,FALSE,1,1,358,,FALSE
IGLV,IGLV7-B5AO*02,IGLV7-43*01_c206g,1,0,0,FALSE,1,1,359,,FALSE
IGLV,IGLV7-B5AO*04,IGLV7-43*01_c22a,0,1,0,FALSE,1,1,360,,FALSE
IGLV,IGLV9-6G6A*04,IGLV9-49*01_a76g,0,0,1,FALSE,1,1,361,,FALSE
IGLV,IGLV9-6G6A*06,IGLV9-49*01_c306t,0,0,1,FALSE,1,1,362,,FALSE
IGLV,IGLV9-6G6A*07,IGLV9-49*01_c53t,1,0,0,FALSE,1,1,363,,FALSE
IGLV,IGLV9-6G6A*08,IGLV9-49*01_g164a,0,0,1,FALSE,1,1,364,,FALSE
