gene_type,rss_sequence
IGHD_5,CACTGTGNNNTCAGAATCC
IGHD_3,CACCGTGNNNTCCAAAACT
IGHD_5,CACCGTGNNNTCAGAATCT
IGHD_5,CACCGTGNNNTCAGAATCT
IGHD_5,CACCGTGNNNTCAGAATCT
IGHD_5,CACCGTGNNNTCAGAATCT
IGHD_3,CACCGTGNNNTCCAAAACT
IGHD_3,CACCGTGNNNTCCAAAACT
IGHD_3,CACCGTGNNNTCCAACACT
IGHD_3,CACCGTGNNNTCCAACACT
IGHD_5,CGCTGTGNNNTCGGAATCC
IGHD_3,CACTGTCNNNTCAAAAACT
IGHD_5,CGCTGTGNNNTCGGAATCC
IGHD_3,CACTGTCNNNTCAAAAACT
IGHD_5,CACTGTGNNNTCAGAATCC
IGHD_3,CACTGTGNNNTCCAAAACG
IGHD_5,CACCGTGNNNTCAGAATCC
IGHD_3,CACTGTGNNNTCCAAAACT
IGHD_5,CACAGTGNNNACAAAATCC
IGHD_3,CACAGTGNNNTCCCAAAGC
IGHD_5,CACAGTGNNNACAAAATCC
IGHD_3,CACAGTGNNNTCCCAAAGC
IGHD_5,CACAGTGNNNACAAAATCC
IGHD_3,CACAGTGNNNTCCCAAAGC
IGHD_5,CACAGTGNNNACAAAATCC
IGHD_5,CACAGTGNNNACAAAATCC
IGHD_5,CACAGTGNNNACAAAATCC
IGHD_5,CACAGTGNNNACAAAATCC
IGHD_3,CACAGTGNNNTCCCAAAGC
IGHD_3,CACAGTGNNNTCCCAAAGC
IGHD_3,CACAGTGNNNTTCCAAAGC
IGHD_3,CACAGTGNNNTTCCAAAGC
IGHD_5,CACAGTGNNNACAAAATCC
IGHD_3,CACAGTGNNNTCCTAAAGC
IGHD_5,CACAGTGNNNACAAAATCC
IGHD_3,CACAGTGNNNTCCTAAAGC
IGHD_5,CACAGTGNNNACAAAATCC
IGHD_3,CACAGTGNNNTCCCAAAGC
IGHD_5,CACAGTGNNNACAAAATCC
IGHD_3,CACAGTGNNNTCCCAAAGC
IGHD_5,CACAGTGNNNACAAAATCC
IGHD_3,CACAGTGNNNTCCCAAAGC
IGHD_5,CACAGTGNNNACAAAATCC
IGHD_3,CACAGTGNNNTCCCAAAGC
IGHD_5,CACAGTGNNNTTCTAAACC
IGHD_3,CACAGTGNNNTCAAAAACC
IGHD_5,CACAGTGNNNCCCCAAACC
IGHD_3,CACAGTGNNNTCAAAAACC
IGHD_5,CACAGTGNNNCCCCAAACC
IGHD_3,CACAGTGNNNTCAAAAACC
IGHD_5,CACAGTGNNNCTTCAAACC
IGHD_3,CACAGCANNNTCAGAAACC
IGHD_5,CACAGTGNNNCTTCAAACC
IGHD_3,CACAGCANNNTCAGAAACC
IGHD_5,CACAGTGNNNCTTCAAACC
IGHD_3,CACAGCANNNTCAGAAACC
IGHD_5,CACAGTGNNNCCCCAAACC
IGHD_3,CACAGTGNNNTCAAAAACC
IGHD_5,CACAGTGNNNCCCCAAACC
IGHD_3,CACAGTGNNNTCAAAAACC
IGHD_5,CACAGTGNNNCTTCAAACC
IGHD_3,CACAGTGNNNTCAAAAACT
IGHD_5,CACAGCANNNACAAAAAGC
IGHD_3,CATAGTGNNNGCAAAAACT
IGHD_5,CACAGTANNNACAAAAAGC
IGHD_3,CACAGTGNNNACAAAAACT
IGHD_5,CACAGTANNNACAAAAAGC
IGHD_3,CACAGTGNNNGCAAAAACT
IGHD_5,CACAGCANNNACAAAAAGC
IGHD_3,CACAGTGNNNGCAAAAACT
IGHD_5,CACAGCANNNACAAAAAGC
IGHD_3,CACAGTGNNNGCAAAAACT
IGHD_5,CACAGTCNNNACAATAACC
IGHD_5,CACAGTCNNNACAATAACC
IGHD_5,CACAGTCNNNACAATAACC
IGHD_5,CACAGTCNNNACAATAACC
IGHD_3,CACAGTGNNNGCAGCAACC
IGHD_3,CACAGTGNNNGCAGCAACC
IGHD_3,CACAGTGNNNGCAGCAACC
IGHD_3,CACAGTGNNNGCAGCAACC
IGHD_5,CACAGTCNNNACAATAACC
IGHD_3,CACAGTGNNNGCAGCAACC
IGHD_5,CACAGTCNNNACGATAACC
IGHD_5,CACAGTCNNNACGATAACC
IGHD_5,CACAGTCNNNACAATAACC
IGHD_5,CACAGTCNNNACAATAACC
IGHD_3,CACAGTGNNNGCAGCAACC
IGHD_3,CACAGTGNNNGCAGCAACC
IGHD_3,CACAGTGNNNGCAGCAACC
IGHD_3,CACAGTGNNNGCAGCAACC
IGHD_5,CACGGCCNNNACAATAACC
IGHD_3,CACAGTGNNNGCAGCAACC
IGHD_5,CACAGTCNNNACAATAACC
IGHD_3,CACAGTGNNNGCAGCAACC
IGHD_5,CACAGCCNNNACAATAACC
IGHD_3,CACAGTGNNNGCAGCAACC
IGHD_5,CACTGTGNNNTCAGAAACT
IGHD_3,CACAGTGNNNCCAGAAACC
IGHD_5,GACTGCGNNNTCAGAAACC
IGHD_5,GACTGCGNNNTCAGAAACC
IGHD_5,GACTGTGNNNTCAGAAACC
IGHD_5,GACTGTGNNNTCAGAAACC
IGHD_3,CACAATGNNNACAGAATCC
IGHD_3,CACAATGNNNACAGAATCC
IGHD_3,CACAATGNNNACAGAAACC
IGHD_3,CACAATGNNNACAGAAACC
IGHD_5,GACTGTGNNNTCAGAAACC
IGHD_5,GACTGTGNNNTCAGAAACC
IGHD_5,GACTGTGNNNTCAGAAACC
IGHD_5,CACTGTGNNNTCAGAAACC
IGHD_5,CACTGTGNNNTCAGAAACC
IGHD_5,CACTGTGNNNTCAGAAACC
IGHD_5,CACTGTGNNNTCAGAAACC
IGHD_5,CACTGTGNNNTCAGAAACC
IGHD_5,CACTGTGNNNTCAGAAACC
IGHD_3,CACAATGNNNACAGAAACC
IGHD_3,CACAATGNNNACAGAAACC
IGHD_3,CACAATGNNNACAGAAACC
IGHD_3,CACAATGNNNACAGAAACC
IGHD_3,CACAATGNNNACAGAAACC
IGHD_3,CACAATGNNNACAGAAACC
IGHD_3,CACAATGNNNACAGAAACC
IGHD_3,CACAATGNNNACAGAAACC
IGHD_3,CACAATGNNNACAGAAACC
IGHD_5,CACTGTGNNNTCAGAAACC
IGHD_5,CACTGTGNNNTCAGAAACC
IGHD_5,CACTGTGNNNTCAGAAACC
IGHD_5,CACTGTGNNNTCAGAAACC
IGHD_3,CACAGTGNNNCCAGAAACC
IGHD_3,CACAGTGNNNCCAGAAACC
IGHD_5,CACTGTGNNNCCAAAAACC
IGHD_5,CACTGTGNNNTCAGAAACC
IGHD_3,CACAGTGNNNCCAGAAACC
IGHD_5,CACTGTGNNNTCAGAAACC
IGHD_3,CACAGTGNNNCCAGAAACC
IGHD_5,CACTGTGNNNTCAGAAACC
IGHD_3,CACAGTGNNNCCAGAAACC
IGHD_5,CACAGTGNNNGCCAAAACC
IGHD_3,CACAGTGNNNACAAAAACC
IGHJ,CACGGTGNNNCAGAAACCC
IGHJ,CACAGCCNNNCAAAAACAC
IGHJ,CACAGGGNNNACATAAACC
IGHJ,CACAGGGNNNACATAAACC
IGHJ,CACAGGGNNNACACAAACC
IGHJ,CACAGGGNNNACACAAACC
IGHJ,CACATTGNNNACAAAAACC
IGHJ,CACATTGNNNACAAAAACC
IGHJ,CACATTGNNNGCAAGAACT
IGHJ,CACAATGNNNCAAAAACCC
IGHJ,CACAATGNNNCAAAAACCC
IGHJ,CACAATGNNNCAAAAACCC
IGHJ,CACAATGNNNCAAAAACCC
IGHV,CACAGTGNNNTCAGAAACC
IGHV,CACAGTGNNNTCAGAAACC
IGHV,CACAGTGNNNTCAGAAACC
IGHV,CACAGTGNNNTCAGAAACC
IGHV,CACAGTGNNNTCAGAAACC
IGHV,CACAGTGNNNTCAGAAACC
IGHV,CACAGTGNNNTCAGAAACC
IGHV,CACAGTGNNNTCAGAAACC
IGHV,CACAGTGNNNTCAGAAACC
IGHV,CACAGTGNNNTCAGAAACC
IGHV,CACAGTGNNNTCAGAAACC
IGHV,CACAGTGNNNTCAGAAACC
IGHV,CACAGTGNNNTCAGAAACC
IGHV,CACAGTGNNNTCAGAAACC
IGHV,CACAGTGNNNTCAGAAACC
IGHV,CACAGTGNNNTCAGAAACC
IGHV,CACAGTGNNNTCAGAAACC
IGHV,CACAGTGNNNTCAGAAACC
IGHV,CACAGTGNNNTCAGAAACC
IGHV,CACAGTGNNNTCAGAAACC
IGHV,CACAGTGNNNTCAGAAACC
IGHV,CACAGTGNNNTCAGAAACC
IGHV,CACAGTGNNNTCAGAAACC
IGHV,CACAGTGNNNTCAGAAACC
IGHV,CACAGTGNNNTCAGAAACC
IGHV,CACAGTGNNNTCAGAAACC
IGHV,CACAGTGNNNTCAGAAACC
IGHV,CACAGTGNNNTCAGAAACC
IGHV,CACAGTGNNNTCAGAAACC
IGHV,CACAGTGNNNTCAGAAACC
IGHV,CACAGTGNNNTCAGAAACC
IGHV,CACAGTGNNNTCAGAAACG
IGHV,CACAGTGNNNTCAGAAACG
IGHV,CACAGTGNNNTCAGAAACG
IGHV,CACAGTGNNNTCAGAAACG
IGHV,CACAGTGNNNTCAGAAACG
IGHV,CACAGTGNNNTCAGAAACG
IGHV,CACAGTGNNNTCAGAAACG
IGHV,CACAGTGNNNTCAGAAACG
IGHV,CACAGTGNNNTCAGAAACG
IGHV,CACAGTGNNNTCAGAAACG
IGHV,CACAGTGNNNTCAGAAACG
IGHV,CACAGTGNNNTCAGAAACC
IGHV,CACAGTGNNNTCAGAAACC
IGHV,CACAGTGNNNTCAGAAACC
IGHV,CACAGTGNNNTCAGAAACC
IGHV,CACAGTGNNNTCAGAAACC
IGHV,CACAGTGNNNTCAGAAACC
IGHV,CACAGTGNNNTCAGAAACC
IGHV,CACAGTGNNNTCAGAAACC
IGHV,CACAGTGNNNTCAGAAACC
IGHV,CACAGTGNNNTCAGAAACC
IGHV,CACAGTGNNNTCAGAAACC
IGHV,CACAGTGNNNTCAGAAACC
IGHV,CACAGTGNNNTCAGAAACC
IGHV,CACAGTGNNNTCAGAAACC
IGHV,CACAGTGNNNTCAGAAACC
IGHV,CACAGTGNNNTCAGAAACC
IGHV,CACAGTGNNNTCAGAAACC
IGHV,CACAGTGNNNTCAGAAACC
IGHV,CACAGTGNNNTCAGAAACC
IGHV,CACAGTGNNNTCAGAAACC
IGHV,CACAGTGNNNTCAGAAACC
IGHV,CACAGTGNNNTCAGAAACC
IGHV,CACAGTGNNNTCAGAAACC
IGHV,CACAGTGNNNTCAGAAACC
IGHV,CACAGTGNNNTCAGAAACC
IGHV,CACAGTGNNNTCAGAAACC
IGHV,CACAGTGNNNTCAGAAACC
IGHV,CACAGTGNNNTCAGAAACC
IGHV,CACAGTGNNNTCAGAAACC
IGHV,CACAGTGNNNTCAGAAACC
IGHV,CACAGTGNNNTCAGAAACC
IGHV,CACAGTGNNNTCAGAAACC
IGHV,CACAGTGNNNTCAGAAACC
IGHV,CACAGTGNNNTCAGAAACC
IGHV,CACAGTGNNNTCAGAAACC
IGHV,CACAGTGNNNTCAGAAACC
IGHV,CACAGTGNNNTCAGAAACC
IGHV,CACAGTGNNNTCAGAAACC
IGHV,CACAGAGNNNACAAGAACC
IGHV,CACAGAGNNNACAAGAACC
IGHV,CACAGAGNNNACAAGAACC
IGHV,CACAGAGNNNACAAGAACC
IGHV,CACAGAGNNNACAAGAACC
IGHV,CACAGAGNNNACAAGAACC
IGHV,CACAGAGNNNACAAGAACC
IGHV,CACAGAGNNNACAAGAACC
IGHV,CACAGAGNNNACAAGAACC
IGHV,CACAGAGNNNACAAGAACC
IGHV,CACAGAGNNNACAAGAACC
IGHV,CACAGAGNNNACAAGAACC
IGHV,CACAGAGNNNACAAGAACC
IGHV,CACAGAGNNNACAAGAACC
IGHV,CACAGAGNNNACAAGAACC
IGHV,CACAGAGNNNACAAGAACC
IGHV,CACAGAGNNNACAAGAACC
IGHV,CACAGAGNNNACAAGAACC
IGHV,CACAGAGNNNACAAGAACC
IGHV,CACAAAGNNNACAAAAACC
IGHV,CACAAAGNNNACAAAAACC
IGHV,CACAAAGNNNACAAAAACC
IGHV,CACAAAGNNNACAAAAACC
IGHV,CACAGTGNNNACACAAACC
IGHV,CACAGTGNNNACACAAACC
IGHV,CACAGTGNNNACACAAACC
IGHV,CACAGTGNNNACACAAACC
IGHV,CACAGTGNNNACACAAACC
IGHV,CACAGTGNNNACACAAACC
IGHV,CACAGTGNNNACACAAACC
IGHV,CACAGTGNNNACACAAACC
IGHV,CACAGTGNNNACACAAACC
IGHV,CACAGTGNNNACACAAACC
IGHV,CACAGTGNNNACACAAACC
IGHV,CACAGTGNNNACACAAACC
IGHV,CACAGTGNNNACACAAACC
IGHV,CACAGTGNNNACACAAACC
IGHV,CACAGTGNNNACACAAACC
IGHV,CACAGTGNNNACACAAACC
IGHV,CACAGTGNNNACACAAACC
IGHV,CACAGTGNNNACACAAACC
IGHV,CACAGTGNNNACACAAACC
IGHV,CACAGTGNNNACACAAACC
IGHV,CACAGTGNNNACACAAACC
IGHV,CACAGTGNNNACACAAACC
IGHV,CACAGTGNNNACACAAACC
IGHV,CACAGTGNNNACACAAACC
IGHV,CACAGTGNNNACACAAACC
IGHV,CACAGTGNNNACACAAACC
IGHV,CACAGTGNNNACACAAACC
IGHV,CACAGTGNNNACACAAACC
IGHV,CACAGTGNNNACACAAACC
IGHV,CACAGTGNNNACACAAACC
IGHV,CACAGTGNNNACACAAACC
IGHV,CACAGTGNNNACACAAACC
IGHV,CACAGTGNNNACACAAACC
IGHV,CACAGTGNNNACACAAACC
IGHV,CACAGTGNNNACACAAACC
IGHV,CACAGTGNNNACACAAACC
IGHV,CACAGTGNNNACGCAAACC
IGHV,CACAGTGNNNACGCAAACC
IGHV,CACAGTGNNNACGCAAACC
IGHV,CACAGTGNNNACACAAACC
IGHV,CACAGTGNNNACACAAACC
IGHV,CACAGTGNNNACACAAACC
IGHV,CACAGTGNNNACACAAACC
IGHV,CACAGTGNNNACACAAACC
IGHV,CACAGTGNNNACACAAACC
IGHV,CACAGTGNNNACACAAACC
IGHV,CACAGTGNNNACACAAACC
IGHV,CACAGTGNNNACACAAACC
IGHV,CACAGTGNNNACACAAACC
IGHV,CACAGTGNNNACACAAACC
IGHV,CACAGTGNNNACACAAACC
IGHV,CACAGTGNNNACACAAACC
IGHV,CACAGTGNNNACACAAACC
IGHV,CACAGTGNNNACACAAACC
IGHV,CACAGTGNNNACACAAACC
IGHV,CACAGTGNNNACACAAACC
IGHV,CACAGTGNNNACACAAACC
IGHV,CACAGTGNNNACACAAACC
IGHV,CACAGTGNNNACACAAACC
IGHV,CACAGTGNNNACACAAACC
IGHV,CACAGTGNNNACACAAACC
IGHV,CACAGTGNNNACACAAACC
IGHV,CACAGTGNNNACACAAACC
IGHV,CACAGTGNNNACACAAACC
IGHV,CACAGTGNNNACACAAACC
IGHV,CACAGTGNNNACACAAACC
IGHV,CACAGTGNNNACACAAACC
IGHV,CACAGTGNNNACACAAACC
IGHV,CACAGTGNNNACACAAACC
IGHV,CACAGTGNNNACACAAACC
IGHV,CACAGTGNNNACACAAACC
IGHV,CACAGTGNNNACACAAACC
IGHV,CACAGTGNNNACACAAACC
IGHV,CACAGTGNNNACACAAACC
IGHV,CACAGTGNNNACACAAACC
IGHV,CACAGTGNNNACACAAACC
IGHV,CACAGTGNNNACACAAACC
IGHV,CACAGTGNNNACACAAACC
IGHV,CACAGTGNNNACACAAACC
IGHV,CACAGTGNNNACACAAACC
IGHV,CACAGTGNNNACACAAACC
IGHV,CACAGTGNNNACACAAACC
IGHV,CACAGTGNNNACACAAACC
IGHV,CACAGTGNNNACACAAACC
IGHV,CACAGTGNNNACACAAACC
IGHV,CACAGTGNNNACACAAACC
IGHV,CACAGTGNNNACACAAACC
IGHV,CACAGTGNNNACACAAACC
IGHV,CACAGTGNNNACACAAACC
IGHV,CACAGTGNNNACACAAACC
IGHV,CACAGTGNNNACAAAAACC
IGHV,CACAGTGNNNACAAAAACC
IGHV,CACAGTGNNNACAAAAACC
IGHV,CACAGTGNNNACAAAAACC
IGHV,CACAGTGNNNACAAAAACC
IGHV,CACAGTGNNNACAAAAACC
IGHV,CACAGTGNNNGCAGAAACC
IGHV,CACAGTGNNNACACAAACC
IGHV,CACAGTGNNNACACAAACC
IGHV,CACAGTGNNNGCAGAAACC
IGHV,CACAGTGNNNGCAGAAACC
IGHV,CACAGTGNNNGCAGAAACC
IGHV,CACAGTGNNNGCAGAAACC
IGHV,CACAGTGNNNACACAAACC
IGHV,CACAGTGNNNGCAGAAACC
IGHV,CACAGTGNNNGCAGAAACC
IGHV,CACAGTGNNNACACAAACC
IGHV,CACAGTGNNNACACAAACC
IGHV,CACAGTGNNNACACAAACC
IGHV,CACAGTGNNNACACAAACC
IGHV,CACAGTGNNNACACAAACC
IGHV,CACAGTGNNNACACAAACC
IGHV,CACAGTGNNNACACAAACC
IGHV,CACAGTGNNNACACAAACC
IGHV,CACAGTGNNNACACAAACC
IGHV,CACAGTGNNNACACAAACC
IGHV,CACAGTGNNNACACAAACC
IGHV,CACAGTGNNNACACAAACC
IGHV,CACAGTGNNNACACAAACC
IGHV,CACAGTGNNNACACAAACC
IGHV,CACAGTGNNNACACAAACC
IGHV,CACAGTGNNNACACAAACC
IGHV,CACAGTGNNNACACAAACC
IGHV,CACAGTGNNNACACAAACC
IGHV,CACAGTGNNNACACAAACC
IGHV,CACAGTGNNNACACAAACC
IGHV,CACAGTGNNNACACAAACC
IGHV,CACAGTGNNNACAAAAACC
IGHV,CACAGTGNNNACAAAAACC
IGHV,CACAGTGNNNACAAAAACC
IGHV,CACAGTGNNNACAAAAACC
IGHV,CACAGTGNNNACAAAAACC
IGHV,CACAGTGNNNACAAAAACC
IGHV,CACAGTGNNNACAAAAACC
IGHV,CACAGTGNNNACAAAAACC
IGHV,CACAGTGNNNACAAAAACC
IGHV,CACAGTGNNNACAAAAACC
IGHV,CACAGTGNNNACAAAAACC
IGHV,CACAGTGNNNACAAAAACC
IGHV,CACAGTGNNNACAAAAACC
IGHV,CACAGTGNNNACAAAAACC
IGHV,CACAGTGNNNACAAAAACC
IGHV,CACAGTGNNNACAAAAACC
IGHV,CACAGTGNNNACAAAAACC
IGHV,CACAGTGNNNACAAAAACC
IGHV,CACAGTGNNNACAAAAACC
IGHV,CACAGTGNNNACACAAACC
IGHV,CACAGTGNNNACACAAACC
IGHV,CACAGTGNNNACACAAACC
IGHV,CACAGTGNNNACACAAACC
IGHV,CACAGTGNNNACACAAACC
IGHV,CACAGTGNNNACACAAACC
IGHV,CACAGTGNNNACACAAACC
IGHV,CACAGTGNNNACACAAACC
IGHV,CACAGTGNNNACACAAACC
IGHV,CACAGTGNNNACACAAACC
IGHV,CACAGTGNNNACACAAACC
IGHV,CACAGTGNNNACACAAACC
IGHV,CACAGTGNNNACACAAACC
IGHV,CACAGTGNNNACACAAACC
IGHV,CACAGTGNNNACACAAACC
IGHV,CACAGTGNNNACACAAACC
IGHV,CACAGTGNNNACACAAACC
IGHV,CACTGTGNNNACACAAACC
IGHV,CACTGTGNNNACACAAACC
IGHV,CACTGTGNNNACACAAACC
IGHV,CACTGTGNNNACACAAACC
IGHV,CACTGTGNNNACACAAACC
IGHV,CACTGTGNNNACACAAACC
IGHV,CACAGTGNNNACACAAACG
IGHV,CACAGTGNNNACACAAACG
IGHV,CACAGTGNNNACACAAACG
IGHV,CACAGTGNNNACACAAATG
IGHV,CACAGTGNNNACACAAATG
IGHV,CACAGCGNNNACACAAACC
IGHV,CACAGCGNNNACACAAACC
IGHV,CACAGCGNNNACACAAACC
IGHV,CACAGCGNNNACACAAACC
IGHV,CACAGCGNNNACACAAACC
IGHV,CACAGCGNNNACACAAACC
IGHV,CACAGTGNNNACACAAACC
IGHV,CACAGTGNNNACACAAACC
IGHV,CACAGTGNNNACACAAACC
IGHV,CACAGTGNNNACACAAACC
IGHV,CACAGTGNNNACACAAACC
IGHV,CACAGTGNNNACACAAACC
IGHV,CACAGTGNNNACACAAACC
IGHV,CACAGTGNNNACACAAACC
IGHV,CACAGTGNNNACACAAACC
IGHV,CACAGTGNNNACACAAACC
IGHV,CACAGTGNNNACACAAACC
IGHV,CACAGTGNNNACACAAACC
IGHV,CACAGTGNNNACACAAACC
IGHV,CACAGTGNNNACACAAACC
IGHV,CACAGTGNNNACACAAACC
IGHV,TCCTGTGNNNACACAAACC
IGHV,CACAGTGNNNACACAAACC
IGHV,CACAGTGNNNACACAAACC
IGHV,CACAGTGNNNACACAAACC
IGHV,CACAGTGNNNACACAAACC
IGHV,CACAGTGNNNACACAAACC
IGHV,CACAGTGNNNACACAAACC
IGHV,CACAGTGNNNACACAAACC
IGHV,CACAGTGNNNACACAAACC
IGHV,CACAGTGNNNACACAAACC
IGHV,CACAGTGNNNACACAAACC
IGHV,CACAGTGNNNACACAAACC
IGHV,CACAGTGNNNACAAAAACC
IGHV,CACAGTGNNNACAAAAACC
IGHV,CACAGTGNNNACACAAACC
IGHV,CACAGTGNNNACAAAAACC
IGHV,CACAGTGNNNACAAAAACC
IGHV,CACAGTGNNNACAAAAACC
IGHV,CACAGTGNNNACAAAAACC
IGHV,CACAGTGNNNACACAAACC
IGHV,CACAGTGNNNACACAAACC
IGHV,CACAGTGNNNACAAAAACC
IGHV,CACAGTGNNNACAAAAACC
IGHV,CACAGTGNNNACACAAACC
IGHV,CACAGTGNNNACACAAACC
IGHV,CACAGTGNNNACACAAACC
IGHV,CACAGTGNNNACACAAACC
IGHV,CACAGTGNNNACACAAACC
IGHV,CACAGTGNNNACACAAACC
IGHV,CACAGTGNNNACACAAACC
IGHV,CACAGTGNNNACACAAACC
IGHV,CACAGTGNNNACACAAACC
IGHV,CACAGTGNNNACACAAACC
IGHV,CACAGTGNNNACAAAAACC
IGHV,CACAGTGNNNACAAAAACC
IGHV,CACAGTGNNNACAAAAACC
IGHV,CACAGTGNNNACAAAAACC
IGHV,CACAGTGNNNACACAAACC
IGHV,CACAGTGNNNACACAAACC
IGHV,CACAGTGNNNACAAAAACC
IGHV,CACAGTGNNNACACAAACC
IGHV,CACAGTGNNNACAAAAACC
IGHV,CACAGTGNNNACACAAACC
IGHV,CACAGTGNNNACACAAACC
IGHV,CACAGTGNNNACAAAAACC
IGHV,CACAGTGNNNACACAAACC
IGHV,CACAGTGNNNACACAAACC
IGHV,CACAGTGNNNACACAAACC
IGHV,CACAGTGNNNACACAAACC
IGHV,CACAGTGNNNACACAAACC
IGHV,CACAGTGNNNACACAAACC
IGHV,CACAGTGNNNACACAAACC
IGHV,CACAGTGNNNACACAAACC
IGHV,CACAGTGNNNACACAAACC
IGHV,CACAGTGNNNACACAAACC
IGHV,CACAGTGNNNACACAAACC
IGHV,CACAGTGNNNACACAAACC
IGHV,CACAGTGNNNACACAAACC
IGHV,CACAGTGNNNACACAAACC
IGHV,CACAGTGNNNACACAAACC
IGHV,CACAGTGNNNACACAAACC
IGHV,CACAGTGNNNACACAAACC
IGHV,CACAGTGNNNACACAAACC
IGHV,CACAGTGNNNACACAAACC
IGHV,CACAGTGNNNACACAAACC
IGHV,CACAGTGNNNACACAAACC
IGHV,CACAGTGNNNACACAAACC
IGHV,CACAGTGNNNACACAAACC
IGHV,CACAATGNNNACACAAACC
IGHV,CACAATGNNNACACAAACC
IGHV,CACAATGNNNACACAAACC
IGHV,CACAATGNNNACACAAACC
IGHV,CACAATGNNNACACAAACC
IGHV,CACAATGNNNACACAAACC
IGHV,CACAATGNNNACACAAACC
IGHV,CACAATGNNNACACAAACC
IGHV,CACAATGNNNACACAAACC
IGHV,CACAATGNNNACACAAACC
IGHV,CACAATGNNNACACAAACC
IGHV,CACAATGNNNACACAAACC
IGHV,CACAGTGNNNACACAAACC
IGHV,CACAGTGNNNACACAAACC
IGHV,CACAGTGNNNACACAAACC
IGHV,CACAATGNNNACACAAACC
IGHV,CACAATGNNNACACAAACC
IGHV,CACAATGNNNACACAAACC
IGHV,CACAATGNNNACACAAACC
IGHV,CACAATGNNNACACAAACC
IGHV,CACAATGNNNACACAAACC
IGHV,CACAATGNNNACACAAACC
IGHV,CACAATGNNNACACAAACC
IGHV,CACAATGNNNACACAAACC
IGHV,CACAGTGNNNACAAAAACC
IGHV,CACAGTGNNNACAAAAACC
IGHV,CACAGTGNNNACAAAAACC
IGHV,CACAGTGNNNACACAAACC
IGHV,CACAGTGNNNACACAAACC
IGHV,CACAGTGNNNACACAAACC
IGHV,CACAGTGNNNACACAAACC
IGHV,CACAGTGNNNACACAAACC
IGHV,CACAGTGNNNACACAAACC
IGHV,CACAGTGNNNACACAAACC
IGHV,CACAGTGNNNACACAAACC
IGHV,CACAGTGNNNACACAAACC
IGHV,CACAGTGNNNACACAAACC
IGHV,CACAGTGNNNACACAAACC
IGHV,CACAGTGNNNACACAAACC
IGHV,CACAGTGNNNACACAAACC
IGHV,CACAGTGNNNACACAAACC
IGHV,CACAGTGNNNACACAAACC
IGHV,CACAGTGNNNACACAAACC
IGHV,CACAGTGNNNACACAAACC
IGHV,CACAGTGNNNACACAAACC
IGHV,CACAGTGNNNACACAAACC
IGHV,CACAGTGNNNACACAAACC
IGHV,CACAGTGNNNACACAAACC
IGHV,CACAGTGNNNACACAAACC
IGHV,CACAGTGNNNACACAAACC
IGHV,CACAGTGNNNACACAAACC
IGHV,CACAGTGNNNACACAAACC
IGHV,CACAGTGNNNACACAAACC
IGHV,CACAGTGNNNACACAAACC
IGHV,CACAGTGNNNACACAAACC
IGHV,CACAGTGNNNACACAAACC
IGHV,CACAGTGNNNACACAAACC
IGHV,CACAGTGNNNACACAAACC
IGHV,CACAGTGNNNACACAAACC
IGHV,CACAGTGNNNACACAAACC
IGHV,CACAGTGNNNACACAAACC
IGHV,CACAGTGNNNACACAAACC
IGHV,CACAGTGNNNACACAAACC
IGHV,CACAGTGNNNACACAAACC
IGHV,CACAGTGNNNACACAAACC
IGHV,CACAGTGNNNACACAAACC
IGHV,CACAGTGNNNACACAAACC
IGHV,CACAGTGNNNACACAAACC
IGHV,CACAGTGNNNACACAAACC
IGHV,CACAGTGNNNACACAAACC
IGHV,CACAGTGNNNACACAAACC
IGHV,CACAGTGNNNACACAAACC
IGHV,CACAGTGNNNACACAAACC
IGHV,CACAGTGNNNACAAAAACC
IGHV,CACAGTGNNNACAAAAACC
IGHV,CACAGTGNNNACAAAAACC
IGHV,CACAATGNNNACACAAACC
IGHV,CACAATGNNNACACAAACC
IGHV,CACAATGNNNACACAAACC
IGHV,CACAATGNNNACACAAACC
IGHV,CACAGTGNNNACACAAACC
IGHV,CACAATGNNNACACAAACC
IGHV,CACAGTGNNNCTAAAACCC
IGHV,CACAGTGNNNCTAAAACCC
IGHV,CACAGTGNNNCTAAAACCC
IGHV,CACAGTGNNNCTAAAACCC
IGHV,CACAGTGNNNCTAAAACCC
IGHV,CACAGTGNNNCTAAAACCC
IGHV,CACAGTGNNNCTAAAACCC
IGHV,CACAGTGNNNCTAAAACCC
IGHV,CACAGTGNNNCTAAAACCC
IGHV,CACAGTGNNNCTAAAACCC
IGHV,CACAGTGNNNCTAAAACCC
IGHV,CACAGTGNNNACACAAACC
IGHV,CACAGTGNNNTCAAAAACC
IGHV,CACAGTGNNNTCAAAAACC
IGHV,CACAGTGNNNTCAAAAACC
IGHV,CACCATGNNNTCAGAAATC
IGKJ,CACAGTGNNNACAAAAACC
IGKJ,CACAATGNNNACAAAAACT
IGKJ,CACAATGNNNACAAAAACT
IGKJ,CACAATGNNNACAAAAACT
IGKJ,CACAATGNNNACAAAAACT
IGKJ,CACAGTGNNNCAAAAACCT
IGKJ,CACAGTGNNNACAAAAACC
IGKJ,CACAGTGNNNACAAAAATC
IGKV,CACAGTGNNNACATAAACC
IGKV,CATAGTGNNNACATAAACC
IGKV,CATAGTGNNNACATAAACC
IGKV,CATAGTGNNNACATAAACC
IGKV,CATAGTGNNNACATAAACC
IGKV,CATAGTGNNNACATAAACC
IGKV,CATAGTGNNNACATAAACC
IGKV,CACAGTGNNNACATAAACC
IGKV,CACAGTGNNNACATAAACC
IGKV,CACAGTGNNNACATAAACC
IGKV,CACAGTGNNNACATAAACC
IGKV,CACAGTGNNNACATAAACC
IGKV,CACAGTGNNNACATAAACC
IGKV,CACAGTGNNNACATAAACC
IGKV,CACAGTGNNNACATAAACC
IGKV,CACTGTGNNNACATAAACC
IGKV,CACTGTGNNNACATAAACC
IGKV,CACTGTGNNNACATAAACC
IGKV,CACTGTGNNNACATAAACC
IGKV,CACTGTGNNNACATAAACC
IGKV,CACTGTGNNNACATAAACC
IGKV,CACTGTGNNNACATAAACC
IGKV,CACTGTGNNNACATAAACC
IGKV,CACTGTGNNNACATAAACC
IGKV,CACTGTGNNNACATAAACC
IGKV,CACTGTGNNNACATAAACC
IGKV,CACTGTGNNNACATAAACC
IGKV,CACTGTGNNNACATAAACC
IGKV,CACTGTGNNNACATAAACC
IGKV,CACTGTGNNNACATAAACC
IGKV,CACTGTGNNNACATAAACC
IGKV,CACTGTGNNNACATAAACC
IGKV,CACTGTGNNNACATAAACC
IGKV,CACTGTGNNNACATAAACC
IGKV,CACTGTGNNNACATAAACC
IGKV,CACTGTGNNNACATAAACC
IGKV,CACTGTGNNNACATAAACC
IGKV,CACTGTGNNNACATAAACC
IGKV,CACAGTGNNNACATAAACC
IGKV,CACAGTGNNNACATAAACC
IGKV,CACAGTGNNNACATAAACC
IGKV,CACAGTGNNNACATAAACC
IGKV,CACAGTGNNNACATAAACC
IGKV,CACAGTGNNNACATAAACC
IGKV,CACAGTGNNNACATAAACC
IGKV,CACAGTGNNNACAAAAACC
IGKV,CACAGTGNNNACAAAAACC
IGKV,CACAGTGNNNACAAAAACC
IGKV,CACAGTGNNNACAAAAACC
IGKV,CACAGTGNNNACAAAAACC
IGKV,CACAGTGNNNACAAAAACC
IGKV,CACAGTGNNNACAAAAACC
IGKV,CACAGTGNNNACAAAAACC
IGKV,CACAGTGNNNACAAAAACC
IGKV,CACAGTGNNNACAAAAACC
IGKV,CACAGTGNNNACAAAAACC
IGKV,CACAGTGNNNACAAAAACC
IGKV,CACAGTGNNNACAAAAACC
IGKV,CACAGTGNNNACAAAAACC
IGKV,CACAGTGNNNACAAAAACC
IGKV,CACAGTGNNNACATAAACC
IGKV,CACAGTGNNNACATAAACC
IGKV,CACAGTGNNNACATAAACC
IGKV,CACAGTGNNNACATAAACC
IGKV,CACAGTGNNNACATAAACC
IGKV,CACAGTGNNNACATAAACC
IGKV,CACAGTGNNNACAAAAACC
IGKV,CACAGTGNNNACAAAAACC
IGKV,CACAGTGNNNACAAAAACC
IGKV,CACAGTGNNNACAAAAACC
IGKV,CACAGTGNNNACATAAACC
IGKV,CACAGTGNNNACATAAACC
IGKV,CACAGTGNNNACATAAACC
IGKV,CACAGTGNNNACATAAACC
IGKV,CACAGTGNNNACATAAACC
IGKV,CACAGTGNNNACATAAACC
IGKV,CACAGTGNNNACATAAACC
IGKV,CACAGTGNNNACATAAACC
IGKV,CATAGTGNNNACATAAACC
IGKV,CACAGTGNNNACATAAACC
IGKV,CACAGTGNNNACATAAACC
IGKV,CACAGTGNNNACATAAACC
IGKV,CACAGTGNNNACATAAACC
IGKV,CACAGTGNNNACATAAACC
IGKV,CACAGTGNNNACATAAACC
IGKV,CACAGTGNNNACATAAACC
IGKV,CACAGTGNNNACATAAACC
IGKV,CACAGTGNNNACATAAACC
IGKV,CACAGTGNNNACATAAACC
IGKV,CACAGTGNNNACATAAACC
IGKV,CACAGTGNNNACATAAACC
IGKV,CACAGTGNNNACATAAACC
IGKV,CACAGTGNNNACATAAACC
IGKV,CACAGTGNNNACATAAACC
IGKV,CACAGGGNNNACATAAGCC
IGKV,CACAGTGNNNACAGAAACC
IGKV,CACAGTGNNNACAGAAACC
IGKV,CACAGTGNNNACAGAAACC
IGKV,CACAGTGNNNACAGAAACC
IGKV,CACAGTGNNNACAGAAACC
IGKV,CACAGTGNNNACAGAAACC
IGKV,CACAGTGNNNACATAAACC
IGKV,CACAGTGNNNACATAAACC
IGKV,CACAGTGNNNACATAAACC
IGKV,CACAGTGNNNACATAAACC
IGKV,CACAGTGNNNACATAAACC
IGKV,CACAGTGNNNACATAAACC
IGKV,CACAGTGNNNACATAAACC
IGKV,CACAGTGNNNACATAAATC
IGKV,CACAGTGNNNACATAAATC
IGKV,CACAGTGNNNACATAAATC
IGKV,CACAGTGNNNACAAAAACC
IGKV,CACAGTGNNNACAAAAACC
IGKV,CACAGTGNNNACAAAAACC
IGKV,CACAGTGNNNACAAAAACC
IGKV,CACAGTGNNNACAAAAACC
IGKV,CACAGTGNNNACAAAAACC
IGKV,CACAGTGNNNACAAAAACC
IGKV,CACAGTGNNNACAAAAACC
IGKV,CACAGTGNNNACAAAAACC
IGKV,CACAGTGNNNACAAAAACC
IGKV,CACAGTGNNNACAAAAACC
IGKV,CACAGTGNNNACAAAAACC
IGKV,CACAGTGNNNACAAAAACC
IGKV,CACAGTGNNNACAAAAACC
IGKV,CACAGTGNNNACAAAAACC
IGKV,CACAGTGNNNACAAAAACC
IGKV,CACAGTGNNNACAAAAACC
IGKV,CACAGTGNNNACAAAAACC
IGKV,CACAGTGNNNACAGAAACC
IGKV,CACAGTGNNNACAGAAACC
IGKV,CACAGTGNNNACAGAAACC
IGKV,CACAGTGNNNACAGAAACC
IGKV,CACAGTGNNNACAGAAACC
IGKV,CACAGTGNNNACAGAAACC
IGKV,CACAGTGNNNACAGAAACC
IGKV,CACAGTGNNNACAGAAACC
IGKV,CACAGTGNNNACAGAAACC
IGKV,CACAGTGNNNACAGAAACC
IGKV,CACAGTGNNNACAGAAACC
IGKV,CACAGTGNNNACAGAAACC
IGKV,CACAGTGNNNACAGAAACC
IGKV,CACAGTGNNNACAGAAACC
IGKV,CACAGTGNNNACAGAAACC
IGKV,CACAGTGNNNACAGAAACC
IGKV,CACAGTGNNNACAGAAACC
IGKV,CACAGTGNNNACAGAAACC
IGKV,CACAGTGNNNACAGAAACC
IGKV,CACAGTGNNNACAGAAACC
IGKV,CACAGTGNNNACAGAAACC
IGKV,CACAGTGNNNACAGAAACC
IGKV,CACAGTGNNNACAGAAACC
IGKV,CACAGTGNNNACAGAAACC
IGKV,CACAGTGNNNACAGAAACC
IGKV,CACAGTGNNNACAGAAACC
IGKV,CACAGTGNNNACAGAAACC
IGKV,CACAGTGNNNACAGAAACC
IGKV,CACAGTGNNNACAGAAACC
IGKV,CACAGTGNNNACAGAAACC
IGKV,CACAGTGNNNACAGAAACC
IGKV,CACAGAGNNNACAGAAACC
IGKV,CACAGAGNNNACAGAAACC
IGKV,CACAGAGNNNACAGAAACC
IGKV,CACAGTGNNNACAGAAACC
IGKV,CACAGTGNNNACAGAAACC
IGKV,CACAGTGNNNACAGAAACC
IGKV,CACAGTGNNNACAGAAACC
IGKV,CACAGTGNNNACAGAAACC
IGKV,CACAGTGNNNACAGAAACC
IGKV,CACAGTGNNNACAGAAACC
IGKV,CACAGTGNNNACAGAAACC
IGKV,CACAGTGNNNGCACAAACC
IGKV,CACAGTGNNNGCACAAACC
IGKV,CACAGTGNNNGCACAAACC
IGKV,CACAGTGNNNGCACAAACC
IGKV,CACAGTGNNNGCACAAACC
IGKV,CACAGTGNNNGCACAAACC
IGKV,CACAGTGNNNACAGAAACC
IGKV,CACAGTGNNNACAGAAACC
IGKV,CACAGTGNNNACAGAAACC
IGKV,CACAGTGNNNACAGAAACC
IGKV,CACAGTGNNNACAGAAACC
IGKV,CACAGTGNNNACAGAAACC
IGKV,CACAGTGNNNACAGAAACC
IGKV,CACAGTGNNNACAGAAACC
IGKV,CACAGTGNNNACAGAAACC
IGKV,CACAGTGNNNACAGAAACC
IGKV,CACAGTGNNNACAGAAACC
IGKV,CACAGTGNNNACAGAAACC
IGKV,CACAGTGNNNACAAAAACC
IGKV,CACAGTGNNNACAAAAACC
IGKV,CACAGTGNNNACAAAAACC
IGKV,CACAGTGNNNACAAAAACC
IGKV,CACAGTGNNNACAAAAACC
IGKV,CACAGTGNNNACAAAAACC
IGKV,CACAGTGNNNACAAAAACC
IGKV,CACAGTGNNNACAAAAACC
IGKV,CACAGTGNNNACAAAAACC
IGKV,CACAGTGNNNACAAAAACC
IGKV,CACAGTGNNNACAAAAACC
IGKV,CACAGTGNNNACAAAAACC
IGKV,CACAGTGNNNACAAAAACC
IGKV,CACAGTGNNNACAAAAACC
IGKV,CACAGTGNNNACAAAAACC
IGKV,CACAGTGNNNACAAAAACC
IGKV,CACAGTGNNNACAAAAACC
IGKV,CACAGTGNNNACAAAAACC
IGKV,CACAGTGNNNACAAAAACC
IGKV,CACAGTGNNNACAAAAACC
IGKV,CACAGTGNNNACAAAAACC
IGKV,CACAGTGNNNACAAAAACC
IGKV,CACAGTGNNNACAAAAACC
IGKV,CACAGTGNNNACAAAAACC
IGKV,CACAGTGNNNACAAAAACC
IGKV,CACAGTGNNNACAAAAACC
IGKV,CACAGTGNNNACAAAAACC
IGKV,CACAGTGNNNACAAAAACC
IGKV,CACAGTGNNNACAAAAACC
IGKV,CACAGTGNNNACAAAAACC
IGKV,CACAGTGNNNACAAAAACC
IGKV,CACAGTGNNNACAAAAACC
IGKV,CACAGTGNNNACAAAAACC
IGKV,CACAGTGNNNACAAAAACC
IGKV,CACAGTGNNNACAAAAACC
IGKV,CACAGTGNNNACAAAAACC
IGKV,CACAGTGNNNACAAAAACC
IGKV,CACAGTGNNNACAAAAACC
IGKV,CACAGTGNNNACAAAAACC
IGKV,CACAGTGNNNACAAAAACC
IGKV,CACAGTGNNNACACAAACC
IGKV,CACAGTGNNNACACAAACC
IGKV,CACAGTGNNNACACAAACC
IGKV,CACAGTGNNNACACAAACC
IGKV,CACAGTGNNNACAAAAACC
IGKV,CACAGTGNNNACAAAAACC
IGKV,CACAGTGNNNACAAAAACC
IGKV,CACAGTGNNNACAAAAACC
IGKV,CACAGTGNNNACAAAAACC
IGKV,CACAGTGNNNACAAAAACC
IGKV,CACAGTGNNNACAAAAACC
IGKV,CACTGTGNNNACAAAAACT
IGKV,CACTGTGNNNACAAAAACT
IGKV,CACTGTGNNNACAAAAACT
IGKV,CACTGTGNNNACAAAAACT
IGKV,CACTGTGNNNACAAAAACT
IGKV,CACTGTGNNNACAAAAACT
IGKV,CACTGTGNNNACAAAAATT
IGKV,CACTGTGNNNACAAAAATT
IGLJ,CACAGTGNNNACCAAAACC
IGLJ,CACTGTGNNNACAAAAACC
IGLJ,CACTGTGNNNACAAAAACC
IGLJ,CACTGTGNNNACAAAAACC
IGLJ,CACTGTGNNNACAAAAGCC
IGLJ,CACTGTGNNNACAAAAGCC
IGLJ,CACTGTGNNNACAAAAACC
IGLJ,CACTGTGNNNACACAAACC
IGLJ,CACAGTGNNNACACAAACC
IGLJ,CACAGTGNNNACACAAACC
IGLJ,CACAGTGNNNACACAAACC
IGLJ,CACAGTGNNNACACAAACC
IGLJ,CACAGTGNNNACACAAACC
IGLV,CACAGTGNNNACAAGAACC
IGLV,CACAGTGNNNACAAGAACC
IGLV,CACAGTGNNNACAAGAACC
IGLV,CACAGTGNNNACAAGAACC
IGLV,CACAGTGNNNACAAGAACC
IGLV,CACAGTGNNNACAAGAACC
IGLV,CACAGTGNNNACAAGAACC
IGLV,CACAGTGNNNACAAGAACC
IGLV,CACAGTGNNNACAAGAACC
IGLV,CACAGTGNNNACAAGAACC
IGLV,CACAGTGNNNACAAGAACC
IGLV,CACAGTGNNNACAAGAACC
IGLV,CACAGTGNNNACAAGAACC
IGLV,CACAGTGNNNACAAGAACC
IGLV,CACAGTGNNNACAAGAACC
IGLV,CACAGTGNNNACAAGAACC
IGLV,CACAGTGNNNACAAGAACC
IGLV,CACAGTGNNNACAAGAACC
IGLV,CACAGTGNNNACAAGAACC
IGLV,CACAGTGNNNACAAGAACC
IGLV,CACAGTGNNNACAAGAACC
IGLV,CACAGTGNNNACAAGAACC
IGLV,CACAGTGNNNACAAGAACC
IGLV,CACAGTGNNNACAAGAACC
IGLV,CACAGTGNNNACAAGAACC
IGLV,CACAGTGNNNACAAGAACC
IGLV,CACAGTGNNNACAAGAACC
IGLV,CACAGTGNNNACAAGAACC
IGLV,CACAGTGNNNACAAGAACC
IGLV,CACAGTGNNNACAAGAACC
IGLV,CACAGTGNNNACAAGAACC
IGLV,CACAGTGNNNACAAGAACC
IGLV,CACAGTGNNNACAAGAACC
IGLV,CACAGTGNNNACAAGAACC
IGLV,CACAGTGNNNACAAGAACC
IGLV,CACAGTGNNNACAAGAACC
IGLV,CACAGTGNNNACAAGAACC
IGLV,CACAGTGNNNACAAGAACC
IGLV,CACAGTGNNNACAAGAACC
IGLV,CACAGTGNNNACAAGAACC
IGLV,CACAGTGNNNACAAGAACC
IGLV,CACAGTGNNNACAAGAACC
IGLV,CACAGTGNNNACAAGAACC
IGLV,CACAGTGNNNACAAGAACC
IGLV,CACAGTGNNNACAAGAACC
IGLV,CACAGTGNNNACAAGAACC
IGLV,CACAGTGNNNACAAGAACC
IGLV,CACAGTGNNNACAAGAACC
IGLV,CACAGTGNNNACAAGAACC
IGLV,CACAGTGNNNACAAGAACC
IGLV,CACAGTGNNNACAAGAACC
IGLV,CACAGTGNNNACAAGAACC
IGLV,CACAGTGNNNACAAGAACC
IGLV,CACAGTGNNNAGAAGAACC
IGLV,CACAGTGNNNAGAAGAACC
IGLV,CACAGTGNNNAGAAGAACC
IGLV,CACAGTGNNNAGAAGAACC
IGLV,CACAGTGNNNATAAAAACT
IGLV,CACAGTGNNNATAAAAACT
IGLV,CACAGTGNNNATAAAAACT
IGLV,CACAGTGNNNATAAAAACT
IGLV,CACAGTGNNNATAAAAACT
IGLV,CACAGTGNNNATAAAAACT
IGLV,CACAGTGNNNATCAAAACC
IGLV,CACAGTGNNNATCAAAACC
IGLV,CACAGTGNNNATCAAAACC
IGLV,CACAGTGNNNATCAAAACC
IGLV,CACAGTGNNNATCAAAACC
IGLV,CACAGTGNNNATCAAAACC
IGLV,CACAGTGNNNATCAAAACC
IGLV,CACAGTGNNNATCAAAACC
IGLV,CACAGTGNNNATCAAAACC
IGLV,CACAGTGNNNATCAAAACC
IGLV,CACAGTGNNNATCAAAACC
IGLV,CACAGTGNNNATCAAAACC
IGLV,CACAGTGNNNACCAAAACC
IGLV,CACAGTGNNNACCAAAACC
IGLV,CACAGTGNNNACCAAAACC
IGLV,CATAGTGNNNACCAAAACC
IGLV,CACAGTGNNNACCAAAACC
IGLV,CACAGAGNNNACCAAAACC
IGLV,CACAGTGNNNACCAAAACC
IGLV,CACAGTGNNNACCAAAACC
IGLV,CACAGTGNNNACCAAAACC
IGLV,CACAGTGNNNACCAAAACC
IGLV,CACAGTGNNNACCAAAACC
IGLV,CACAGTGNNNACCAAAACC
IGLV,CACAGTGNNNACCAAAACC
IGLV,CACAGTGNNNACCAAAACC
IGLV,CACAGTGNNNACCAAAACC
IGLV,CACAGTGNNNACCAAAACC
IGLV,CACAGTGNNNACCAAAACC
IGLV,CACAGTGNNNACCAAAACC
IGLV,CACAGTGNNNACCAAAACC
IGLV,CACAGTGNNNACCAAAACC
IGLV,CACAGTGNNNACCAAAACC
IGLV,CACAGTGNNNACCAAAACC
IGLV,CACAGTGNNNACCAAAACC
IGLV,CACAGTGNNNACCAAAACC
IGLV,CACAGTGNNNACCAAAACC
IGLV,CACAGTGNNNACCAAAACC
IGLV,CACAGTGNNNACCAAAACC
IGLV,CACAGAGNNNACCAAAACC
IGLV,CACAGAGNNNACCAAAACC
IGLV,CACAGAGNNNACCAAAACC
IGLV,CACAGAGNNNACCAAAACC
IGLV,CACAGAGNNNACCAAAACC
IGLV,CACAGAGNNNACCAAAACC
IGLV,CACAGAGNNNACCAAAACC
IGLV,CACAGAGNNNACCAAAACC
IGLV,CACAGAGNNNACCAAAACC
IGLV,CACAGAGNNNACCAAAACC
IGLV,CACAGTGNNNACATAAACC
IGLV,CACAGTGNNNACATAAACC
IGLV,CACAGTGNNNACATAAACC
IGLV,CACAGTGNNNACATAAACC
IGLV,CACAGTGNNNACATAAACC
IGLV,CACAGTGNNNACATAAACC
IGLV,CACAGTGNNNACATAAACC
IGLV,CACAGTGNNNACATAAACC
IGLV,CACAGTGNNNACATAAACC
IGLV,CACAGTGNNNACATAAACC
IGLV,CACAGTGNNNACATAAACC
IGLV,CACAGTGNNNACATAAACC
IGLV,CACAGTGNNNACATAAACC
IGLV,CACAGTGNNNACATAAACC
IGLV,CACAGTGNNNACATAAACC
IGLV,CACAGTGNNNACATAAACC
IGLV,CACAGTGNNNACATAAACC
IGLV,CACAGTGNNNACATAAACC
IGLV,CACAGTGNNNACATAAACC
IGLV,CACAGTGNNNACATAAACC
IGLV,CACAGTGNNNACATAAACC
IGLV,CACAGTGNNNACATAAACC
IGLV,CACAGTGNNNACATAAACC
IGLV,CACAGTGNNNACATAAACC
IGLV,CACAGTGNNNACATAAACC
IGLV,CACAGTGNNNACATAAACC
IGLV,CACAGTGNNNACATAAACC
IGLV,CACAGTGNNNACATAAACC
IGLV,CACAGTGNNNACATAAACC
IGLV,CACGGTGNNNACAAAAACA
IGLV,CACGGTGNNNACAAAAACA
IGLV,CACGGTGNNNACAAAAACA
IGLV,CACGGTGNNNACAAAAACA
IGLV,CACGGTGNNNACAAAAACA
IGLV,CACGGTGNNNACAAAAACA
IGLV,CACGGTGNNNACAAAAACA
IGLV,CACGGTGNNNACAAAAACA
IGLV,CACGGTGNNNACAAAAACA
IGLV,CACGGTGNNNACAAAAACA
IGLV,CACGGTGNNNACAAAAACA
IGLV,CACGGTGNNNACAAAAACA
IGLV,CACGGTGNNNACAAAAACA
IGLV,CACGGTGNNNACAAAAACA
IGLV,CACGGTGNNNACAAAAACA
IGLV,CACGGTGNNNACAAAAACA
IGLV,CACGGTGNNNACAAAAACA
IGLV,CACGGTGNNNACAAAAACA
IGLV,CACGGTGNNNACAAAAACA
IGLV,CACGGTGNNNACAAAAACA
IGLV,CACGGTGNNNACAAAAACA
IGLV,CACAGTGNNNACACAAACC
IGLV,CACAGTGNNNACACAAACC
IGLV,CACAGTGNNNACACAAAAC
IGLV,CACAGTGNNNACACAAAAC
IGLV,CACAGTGNNNACACAAACC
IGLV,CACAGTGNNNACACAAACC
IGLV,CACAGTGNNNACAGAAACC
IGLV,CACAGTGNNNACAGAAACC
IGLV,CACAGTGNNNACAGAAACC
IGLV,CACAGTGNNNACAGAAACC
IGLV,CACATTGNNNACAGAAACC
IGLV,CACATTGNNNACAGAAACC
IGLV,CACATTGNNNACAGAAACC
IGLV,CACAGTGNNNACAGAAACC
IGLV,CACAGTGNNNACAGAAACC
IGLV,CACAGTGNNNACAGAAACC
IGLV,CACAGTGNNNACACAAACC
IGLV,CACAGTGNNNACACAAACC
IGLV,CACAGTGNNNACACAAACC
IGLV,CACAGTGNNNACACAAACC
IGLV,CACAGTGNNNACACAAACC
IGLV,CACGGTGNNNACAAAAACA
IGLV,CACGGTGNNNACAAAAACA
IGLV,CACGGTGNNNACAAAAACA
IGLV,CACGGTGNNNACAAAAACA
IGLV,CACGGTGNNNACAAAAACA
IGLV,CACGGTGNNNACAAAAACA
IGLV,CACGGTGNNNACAAAAACA
IGLV,CACGGTGNNNACAAAAACA
IGLV,CACGGTGNNNACAAAAACA
IGLV,CACGGTGNNNACAAAAACA
IGLV,CACGGTANNNACAAAAACA
IGLV,CACGGTANNNACAAAAACA
IGLV,CACGGTANNNACAAAAACA
IGLV,CACGGTANNNACAAAAACA
IGLV,CACGGTANNNACAAAAACA
IGLV,CACGGTGNNNACAAAAACA
IGLV,CACGGTGNNNACAAAAACA
IGLV,CACGGTGNNNACAAAAACA
IGLV,CACGGTGNNNACAAAAACA
IGLV,CACGGTGNNNACAAAAACA
IGLV,CACGGTGNNNACAAAAACA
IGLV,CACGGTGNNNACAAAAACA
IGLV,CACGGTGNNNACAAAAACA
IGLV,CACGGTGNNNACAAAAACA
IGLV,CACGGTGNNNACAAAAACA
IGLV,CACGGTGNNNACAAAAACA
IGLV,CACGGTGNNNACAAAAACA
IGLV,CACGGTGNNNACAAAAACA
IGLV,CACGGTGNNNACAAAAACA
IGLV,CACGGTGNNNACAAAAACA
IGLV,CACGGTGNNNACAAAAACA
IGLV,CACGGTANNNACAAAAACA
IGLV,CACGGTANNNACAAAAACA
IGLV,CACGGTANNNACAAAAACA
IGLV,CACGGTGNNNACAAAAACA
IGLV,CACGGTGNNNACAAAAACA
IGLV,CACGGTGNNNACAAAAACA
IGLV,CACGGTGNNNACAAAAACA
IGLV,CACGGTGNNNACAAAAACA
IGLV,CACGGTGNNNACAAAAACA
IGLV,CACGGTGNNNACAAAAACA
IGLV,CACGGTGNNNACAAAAACA
IGLV,CACGGTGNNNACAAAAACA
IGLV,CACGGTGNNNACAAAAACA
IGLV,CACGGTGNNNACAAAAACA
IGLV,CACGGTGNNNACAAAAACA
IGLV,CACGGTGNNNACAAAAACA
IGLV,CACGGTGNNNACAAAAACA
IGLV,CACGGTGNNNACAAAAACA
IGLV,CACGGTGNNNACAAAAACA
IGLV,CACGGTGNNNACAAAAACA
IGLV,CACGGTGNNNACAAAAACA
IGLV,CACGGTGNNNACAAAAACA
IGLV,CACGGTGNNNACAAAAACA
IGLV,CACGGTGNNNACAAAAACA
IGLV,CACGGTGNNNACAAAAACA
IGLV,CACGGTGNNNACAAAAACA
IGLV,CACGGTGNNNACAAAAACA
IGLV,CACGGTGNNNACAAAAACA
IGLV,CACGGTGNNNACAAAAACA
IGLV,CACGGTGNNNACAAAAACA
IGLV,CACGGTGNNNACAAAAACA
IGLV,CACGGTGNNNACAAAAACA
IGLV,CACGGTGNNNACAAAAACA
IGLV,CACGGTGNNNACAAAAACA
IGLV,CACGGTANNNACAAAAACA
IGLV,CACGGTANNNACAAAAACA
IGLV,CACGGTANNNACAAAAACA
IGLV,CACGGTANNNACAAAAACA
IGLV,CACGGTANNNACAAAAACA
IGLV,CACGGTANNNACAAAAACA
IGLV,CACGGTANNNACAAAAACA
IGLV,CACGGTANNNACAAAAACA
IGLV,CACGGTANNNACAAAAACA
IGLV,CACGGTANNNACAAAAACA
IGLV,CACGGTGNNNACAAAAACA
IGLV,CACGGTGNNNACAAAAACA
IGLV,CACGGTGNNNACAAAAACA
IGLV,CACGGTGNNNACAAAAACA
IGLV,CACGGTGNNNACAAAAACA
IGLV,CACGGTGNNNACAAAAACA
IGLV,CTCAGTGNNNACACAAACT
IGLV,CTCAGTGNNNACACAAACT
IGLV,CTCAGTGNNNACACAAACT
IGLV,CTCAGTGNNNACACAAACT
IGLV,CTCAGTGNNNACACAAACT
IGLV,CTCAGTGNNNACACAAACT
IGLV,CACAGTANNNACACAAACC
IGLV,CACAGTANNNACACAAACC
IGLV,CACAGTANNNACACAAACC
IGLV,CACAGTANNNACACAAACC
IGLV,CACAGTANNNACACAAACC
IGLV,CACAGTGNNNACAGAAACC
IGLV,CACAGTGNNNACAGAAACC
IGLV,CACAGTGNNNACAGAAACC
IGLV,CACAGTGNNNACAGAAACC
IGLV,CACAGTGNNNACAGAAACC
IGLV,CACAGTGNNNACAGAAACC
IGLV,CACAGTGNNNACAAAATCC
IGLV,CACAGTGNNNACAAAATCC
IGLV,CACAGTGNNNACAAAATCC
IGLV,CACAGTGNNNACAAAATCC
IGLV,CACAGTGNNNACAAAATCC
IGLV,CACAGTGNNNCCAAAACCT
IGLV,CACAGTGNNNCCAAAACCT
IGLV,CACAGTGNNNACAGAAACC
IGLV,CACAGTGNNNACAGAAACC
IGLV,CACAGTGNNNACAGAAACC
IGLV,CACAGTGNNNACAGAAACC
IGLV,CACAGTGNNNACAGAAACC
IGLV,CACAGTGNNNACAGAAACC
IGLV,CACAGTGNNNACAAAAACC
IGLV,CACAGTGNNNACAAAAACC
IGLV,CACAGTGNNNACAAAAACC
IGLV,CACAGTGNNNACAAAAACC
IGLV,CACAGTGNNNACAAAAACC
IGLV,CACAGTGNNNACAAAAACC
IGLV,CACAGTGNNNACAAAAACC
IGLV,CACAGTGNNNACAAAAACC
IGLV,CACAGTGNNNACAAAAACC
IGLV,CACAGTGNNNACAAAAACC
IGLV,CACAGTGNNNACAAAAACC
IGLV,CACAGTGNNNACAAAAACC
IGLV,CACAGTGNNNACAAAAACC
IGLV,CACAGTGNNNACAAAAACC
IGLV,CACAGTGNNNACAAAAACC
IGLV,CACAGTGNNNACAAAAACC
IGLV,CACAGTGNNNACAAAAACC
IGLV,TACAGTGNNNACAAAAACT
IGLV,TACAGTGNNNACAAAAACT
IGLV,TACAGTGNNNACAAAAACT
IGLV,TACAGTGNNNACAAAAACT
IGLV,TACAGTGNNNACAAAAACT
IGLV,TACAGTGNNNACAAAAACT
IGLV,TACAGTGNNNACAAAAACT
IGLV,TACAGTGNNNACAAAAACT
IGLV,TACAGTGNNNACAAAAACT
IGLV,CACAGTGNNNACAAAAACC
IGLV,CACAGTGNNNACAAAAACC
IGLV,CACAGTGNNNACAAAAACC
IGLV,CACAGTGNNNACAAAAACC
IGLV,CACAGTGNNNACAAAAACC
IGLV,CACAGTGNNNACAAAAACC
IGLV,CACAGTGNNNACAAAAACC
IGLV,CACAGTGNNNACAAAAACC
IGLV,CACAGTGNNNACAAAAACC
IGLV,CACAGTGNNNACAAAAACC
IGLV,CACAGTGNNNACAAAACCC
IGLV,CACAGTGNNNACAAAACCC
IGLV,CACAGTGNNNACAAAACCC
IGLV,CACAGTGNNNACAAAACCC
IGLV,CACAGTGNNNACAGAAACT
IGLV,CACAGTGNNNACAGAAACT
IGLV,CACAGTGNNNACAGAAACT
IGLV,CACAGTGNNNACAGAAACT
IGLV,CACAGTGNNNACAGAAACT
IGLV,CACAGTGNNNACAGAAACT
IGLV,CACAGTGNNNACAGAAACT
IGLV,CACAGTGNNNACAGAAACT
IGLV,CACAGTGNNNACATAAACC
IGLV,CACAGTGNNNACATAAACC
IGLV,CACAGTGNNNACATAAACC
IGLV,CACAGTGNNNACATAAACC
IGLV,CACAGTGNNNACATAAACC
IGLV,CACAGTGNNNACATAAACC
IGLV,CACAGTGNNNACATAAACC
IGLV,CACAGTGNNNACATAAACC
IGLV,CACAGTGNNNACATAAACC
IGLV,CACAGTGNNNACATAAACC
IGLV,CACAGTGNNNACATAAACC
IGLV,CACAGTGNNNACATAAACC
IGLV,CACAGTGNNNACATAAACC
IGLV,CACAGTGNNNACATAAACC
IGLV,CACAGTGNNNACATAAACC
IGLV,CACAGTGNNNACTAAAACC
IGLV,CACAGTGNNNACTAAAACC
IGLV,CACAGTGNNNACTAAAACC
IGLV,CACAGTGNNNACTAAAACC
IGLV,CACAGTGNNNACTAAAACC
IGLV,CACAGTGNNNACTAAAACC
IGLV,CACAGTGNNNACTAAAACC
IGLV,CACAGTGNNNACTAAAACC
IGLV,CACAGTGNNNACTAAAACC
IGLV,CACAGTGNNNCAAAAACCT
IGLV,CACAGTGNNNCAAAAACCT
IGLV,CACAGTGNNNCAAAAACCT
IGLV,CACAGTGNNNCAAAAACCT
IGLV,CACAGTGNNNCAAAAACCT
