figure,panel,layer,consensus,nonamer_start,rss
supp4,IGKV,rss,CACAGTGTTACA??CCC?AACA?AAACC,19,TRUE
supp4,IGKV,leader,ATG?GG??CCC?GCTCAGCT?CT?GG?CT?CTGCTGCTCTGGCTCCCA---------?T?CCAG??G?,57,FALSE
supp4,IGLV,rss,CACAGTG???CAG?C??ATG?GGAA?TGAGACAAAAACC,30,TRUE
supp4,IGLV,leader,ATGGCCTGG?C?C?TCTCCTCCTC??CCTCCTCACTC?CTGCACAGG?TC???G?CC,46,FALSE
supp5,IGHD_5,rss,CAC?GTGA??C?G?C???T?CA?AA?CC,19,TRUE
supp5,IGHD_3,rss,CACAGTGA??????C????TC??AAAC?,19,TRUE
supp5,IGHJ,rss,CACA?TG????A??CC?????C?????C????AAAA?CC,29,TRUE
supp5,IGKJ,rss,CACAGTG?????T?????????????CT??ACAAAAA??,29,TRUE
supp5,IGLJ,rss,CAC?GTGACACAG?C?CA?ACA?AAACC,19,TRUE
